Title,Desc,Type,BodyPart,Equipment,Level,Rating,title_id
Partner plank band row,The partner plank band row is an abdominal exercise where two partners perform single-arm planks while pulling on the opposite ends of an exercise band. This technique can be done for time or reps in any ab-focused workout.,strength,abdominals,bands,intermediate,0.0,pasangan plank band tarikan
Banded crunch isometric hold,"The banded crunch isometric hold is an exercise targeting the abdominal muscles, particularly the rectus abdominis or ""six-pack"" muscles. The band adds resistance and continuous tension to this popular exercise.",strength,abdominals,bands,intermediate,7.9,dengan band crunch isometrik tahan
FYR Banded Plank Jack,"The banded plank jack is a variation on the plank that involves moving the legs in and out for repetitions. Having a band around the thighs forces the lower body to work harder, particularly the hips and glutes. The plank jack is commonly performed as part of a bodyweight circuit, or as part of a dynamic warm-up.",strength,abdominals,bands,intermediate,7.9,FYR dengan band plank lompat jack
Banded crunch,"The banded crunch is an exercise targeting the abdominal muscles, particularly the rectus abdominis or ""six-pack"" muscles. The band adds resistance and continuous tension to this popular exercise.",strength,abdominals,bands,intermediate,7.9,dengan band crunch
Crunch,"The crunch is a popular core exercise targeting the rectus abdominis, or ""six-pack"" muscles, as well as the obliques. It has been the centerpiece of many ab-focused workouts, due to both its simplicity and the intense burn and mind-muscle connection it produces. It can be performed for time or reps as part of the ab-focused portion of any workout.",strength,abdominals,bands,intermediate,7.9,crunch
Decline band press sit-up,"The decline band press sit-up is a weighted core exercise that works the rectus abdominis or ""six pack"" muscles, as well as the deep core muscles. It also taxes the muscles of the shoulders and upper back. Sit-up variations with added resistance are usually performed for moderate to high reps, such as 8-12 reps per set or more, as part of the core-focused portion of a workout.",strength,abdominals,bands,intermediate,7.9,menurun band dorongan sit-up
FYR2 Banded Frog Pump,,strength,abdominals,bands,intermediate,7.9,FYR2 dengan band Frog Pump
Band low-to-high twist,"The band low-to-high twist is a core exercise targeting the upper abdominals and the obliques. Take care to perform it with control, as rapid, uncontrolled twisting can injure the spine. It is usually performed for moderate to high reps, at least 8-15 per side, as part of the core-focused portion of a workout.",strength,abdominals,bands,intermediate,7.9,band putaran bawah ke atas
Barbell roll-out,"The barbell roll-out is an abdominal exercise that utilizes a barbell in the place of an ab roller. It is best performed with a barbell that has rotating collars, and is considered more difficult than other ab roller variations. Many lifters may not be able to perform a single rep at first, but once they can perform these for reps, they'll be rewarded with a seriously strong core.",strength,abdominals,barbell,intermediate,8.9,barbell roll-out
Barbell Ab Rollout - On Knees,"The barbell roll-out is an abdominal exercise that utilizes a barbell in the place of an ab roller. It is best performed with a barbell that has rotating collars, and is considered more difficult than other ab roller variations. Many lifters may not be able to perform a single rep at first, but once they can perform these for reps, they'll be rewarded with a seriously strong core.",strength,abdominals,barbell,intermediate,8.9,barbell Ab Rollout - On Knees
Decline bar press sit-up,"The decline bar press sit-up is a weighted core exercise targeting the abdominal muscles, particularly the lower abs. It also challenges the shoulders and upper back to move the weight. Weighted sit-up variations are usually performed for moderate to high reps, such as 8-12 reps per set or more, as part of the core-focused portion of a workout.",strength,abdominals,barbell,intermediate,8.5,menurun bar dorongan sit-up
Bench barbell roll-out,"The bench barbell roll-out is a challenging exercise targeting the abdominals. It is similar to using an ab roller, but using a barbell allows for a wider grip. Placing the knees on a bench rather than the floor makes the move more difficult by increasing the challenge to the upper body.",strength,abdominals,barbell,beginner,8.3,bangku barbell roll-out
Barbell Side Bend,,strength,abdominals,barbell,beginner,7.0,barbell samping Bend
Seated bar twist,"The seated bar twist is a core exercise meant to strengthen the obliques. It is often performed for high reps with relatively light weight, such as an empty barbell, a lightweight fixed-weight bar, or even a PVC pipe. It can be performed during a workout, at the end of a workout, or outside of the gym to build core strength and resiliency.",strength,abdominals,barbell,intermediate,4.7,duduk bar putaran
Single-arm landmine pull and press,"The single-arm landmine pull and press is an explosive rotational movement using a barbell anchored in a landmine device. It combines a pull off the floor with rotation and finishes with a press. It is usually performed for low reps per set with an emphasis on speed and form, not moving heavy weight.",strength,abdominals,barbell,intermediate,7.9,satu lengan landmine tarikan and dorongan
Barbell Ab Roll Out - Gethin Variation,"The barbell roll-out is an abdominal exercise that utilizes a barbell in the place of an ab roller. It is best performed with a barbell that has rotating collars, and is considered more difficult than other ab roller variations. Many lifters may not be able to perform a single rep at first, but once they can perform these for reps, they'll be rewarded with a seriously strong core.",strength,abdominals,barbell,intermediate,7.9,barbell Ab Roll Out - Gethin Variation
30 Barbell Floor Wiper,"The barbell floor wiper is a core exercise in which the barbell is held in the locked-out position of a floor press, and the hips and legs are rotated side to side. It targets the oblique muscles of the lateral abdomen, but is also seriously challenging to the deep core and rectus abdominis or ""six-pack"" muscles.",strength,abdominals,barbell,intermediate,7.9,30 barbell Floor Wiper
30 Barbell Roll-Out,"The barbell roll-out is an abdominal exercise that utilizes a barbell in the place of an ab roller. It is best performed with a barbell that has rotating collars, and is considered more difficult than other ab roller variations. Many lifters may not be able to perform a single rep at first, but once they can perform these for reps, they'll be rewarded with a seriously strong core.",strength,abdominals,barbell,intermediate,7.9,30 barbell roll-out
Decline plate sit-up,"The decline plate sit-up is a weighted core exercise that works the rectus abdominis or ""six pack"" muscles, as well as the deep core muscles. Weighted sit-up variations are usually performed for moderate to high reps, such as 8-12 reps per set or more, as part of the core-focused portion of a workout.",strength,abdominals,barbell,intermediate,7.9,menurun pelat sit-up
KV Barbell Hip Thrust,,strength,abdominals,barbell,intermediate,7.9,KV barbell pinggul Thrust
Advanced Kettlebell Windmill,,strength,abdominals,kettlebells,beginner,8.3,Advanced kettlebell Windmill
Kettlebell Windmill,"The single-kettlebell windmill is a dynamic kettlebell exercise emphasizing core strength and shoulder and hip mobility and stability. It is often used as a functional warm-up or for multi-directional strength work. It doesn't work as well in a metcon or conditioning setting, and shouldn't be performed under intense fatigue.",strength,abdominals,kettlebells,intermediate,7.7,kettlebell Windmill
Kettlebell Pass Between The Legs,,strength,abdominals,kettlebells,beginner,7.3,kettlebell Pass Between The kaki
Kettlebell 3-point leg extension,"The kettlebell 3-point leg extension is a dynamic core exercise performed around and over a kettlebell or other short, stationary object. It is similar in some ways to a V-up or reverse crunch, but targets both the obliques and the rectus abdominis or ""six-pack"" muscles. It can be performed for reps or for time, usually in dedicated ab training or as part of a kettlebell and bodyweight circuit workout.",strength,abdominals,kettlebells,intermediate,0.0,kettlebell 3-point ekstensi kaki
Double Kettlebell Swing,,strength,abdominals,kettlebells,intermediate,7.9,Double kettlebell Swing
Burpee over kettlebell,"The burpee over kettlebell is a more advanced version of a popular conditioning exercise. If you're performing a circuit that already has both burpees and kettlebell movements, it's a simple way to provide a novel stimulus to the muscles of the lower body and create a more athletic style of training.",strength,abdominals,kettlebells,intermediate,7.9,burpee over kettlebell
Kettlebell toe-touch,"The kettlebell toe-touch is a more difficult version of a highly popular abdominal movement usually done for high reps. The simple addition of a weight makes the toe-touch far more difficult, providing a different stimulus to the core during training.",strength,abdominals,kettlebells,intermediate,7.9,kettlebell toe-touch
Kettlebell swing,"The kettlebell swing is a popular lower-body exercise emphasizing the hamstrings, glutes, and back muscles. It is often used to train explosive power, for aerobic or cardiovascular conditioning, in circuit training, or as an accessory movement for the deadlift.",strength,abdominals,kettlebells,intermediate,7.9,kettlebell swing
Two-way swing,"The two-way kettlebell swing is an exercise that alternates a chest-height kettlebell swing (sometimes called a ""Russian"" or ""hardstyle"" swing) with an overhead kettlebell swing (sometimes called an ""American"" swing). Both swing variations work many of the same muscles, such as the hamstrings, glutes, and core, but because the weight must travel farther in the overhead swing, it's slightly more metabolically demanding and works the upper back and shoulders more. This combo can be performed for time or reps and works especially well in circuit-style or full-body training. If you can't perform the overhead swing without lower back or shoulder pain, just perform the chest-height swing.",strength,abdominals,kettlebells,intermediate,7.9,Two-way swing
Kettlebell crab reach,"The kettlebell crab reach is a kettlebell pressing exercise in which the lifter presses a kettlebell overhead while in a modified single-arm bridge position. The simple addition of a weight makes the reach far more difficult, challenging the muscles of the back, shoulders, glutes, and core.",strength,abdominals,kettlebells,intermediate,7.9,kettlebell crab reach
Taylor Single-Arm Kettlebell Swing,,strength,abdominals,kettlebells,intermediate,7.9,Taylor satu lengan kettlebell Swing
Holman Kettlebell Up to Elbow Down,,strength,abdominals,kettlebells,intermediate,7.9,Holman kettlebell Up to Elbow Down
FYR2 Double-Kettlebell Ski,,strength,abdominals,kettlebells,intermediate,7.9,FYR2 Double-kettlebell Ski
FYR2 Kettlebell Hike,,strength,abdominals,kettlebells,intermediate,7.9,FYR2 kettlebell Hike
FYR2 Kettlebell Cross-Body Catch,,strength,abdominals,kettlebells,intermediate,7.9,FYR2 kettlebell Cross-Body Catch
FYR2 Kettlebell Duck Walk,,strength,abdominals,kettlebells,intermediate,7.9,FYR2 kettlebell Duck Walk
FYR2 Kettlebell Get-Up Reach,,strength,abdominals,kettlebells,intermediate,7.9,FYR2 kettlebell Get-Up Reach
FYR2 Kettlebell Juggle,,strength,abdominals,kettlebells,intermediate,7.9,FYR2 kettlebell Juggle
FYR2 Squat-Clean-Alternating-Press Complex,,strength,abdominals,kettlebells,intermediate,7.9,FYR2 squat-Clean-bergantian-dorongan Complex
Dumbbell V-Sit Cross Jab,"The dumbbell V-sit cross jab is a hybrid movement that trains the abdominal and shoulder muscles simultaneously. It can address multiple muscle groups in a time-efficient muscle-building or circuit-style workout, while also providing a cardiovascular challenge.",strength,abdominals,dumbbell,intermediate,9.3,dumbbell V-Sit Cross Jab
Dumbbell spell caster,"The dumbbell spell caster is an exercise that primarily targets the abdominal muscles such as the obliques. However, it also works shoulders, back, hips, and legs, and demands all of those muscles work together in a coordinated motion. It is usually performed with relatively light weights for moderate to high reps, at least 8-12 reps per side. Make sure to only use a weight you can control.",strength,abdominals,dumbbell,beginner,9.3,dumbbell spell caster
Dumbbell side bend,"The dumbbell side bend is a popular exercise for targeting the oblique muscles of the abdomen. It is usually performed for relatively high reps, at least 8-12 reps per set or more. It can be performed one side at a time or alternating sides.",strength,abdominals,dumbbell,intermediate,8.6,dumbbell samping bend
Dumbbell crunch,"The dumbbell crunch is a more difficult version of a highly popular abdominal movement. The simple addition of a weight makes the crunch far more difficult, providing a different stimulus to the core during training.",strength,abdominals,dumbbell,intermediate,7.9,dumbbell crunch
Dumbbell Fix Dumbbell Sprawl,,strength,abdominals,dumbbell,intermediate,7.9,dumbbell Fix dumbbell Sprawl
Dumbbell Fix Alternating Renegade Row,,strength,abdominals,dumbbell,intermediate,7.9,dumbbell Fix bergantian Renegade tarikan
Dumbbell Fix Dumbbell Mountain Climber,,strength,abdominals,dumbbell,intermediate,7.9,dumbbell Fix dumbbell pendaki gunung
Dumbbell Fix Dumbbell Russian Twist,,strength,abdominals,dumbbell,intermediate,7.9,dumbbell Fix dumbbell putaran Rusia
Dumbbell Fix Dumbbell Pull-Over,,strength,abdominals,dumbbell,intermediate,7.9,dumbbell Fix dumbbell tarikan-Over
Dumbbell Fix Dumbbell Sit-Up,,strength,abdominals,dumbbell,intermediate,7.9,dumbbell Fix dumbbell sit-up
Dumbbell Fix Dumbbell Front Squat,,strength,abdominals,dumbbell,intermediate,7.9,dumbbell Fix dumbbell squat depan
Dumbbell Fix Full Man Maker,,strength,abdominals,dumbbell,intermediate,7.9,dumbbell Fix Full Man Maker
Dumbbell T-hold,"The dumbbell T-hold is a static exercise that primarily targets the obliques, although it also works the shoulders and upper back. It involves holding a dumbbell in the air while in a side plank position. It is usually performed for timed holds, although it can be performed dynamically for reps as a plank with dumbbell rotation.",strength,abdominals,dumbbell,intermediate,7.9,dumbbell T-tahan
Dumbbell hollow-body floor press,The dumbbell hollow-body floor press combines upper-body strength and core work in one move.,strength,abdominals,dumbbell,intermediate,7.9,dumbbell hollow-body floor dorongan
Dumbbell crusher,"The dumbbell crusher is a dumbbell complex that combines a squat with a dumbbell curl, followed by a triceps press. It targets the legs, glutes, biceps, shoulders, and triceps in a single sequence, making it a great way to burn serious calories and hit a lot of muscles in a short period of time. The upper-body movements will determine the amount of weight you can effectively use.",strength,abdominals,dumbbell,intermediate,7.9,dumbbell crusher
Dumbbell Crunch - Gethin Variation,"The dumbbell crunch is a more difficult version of a highly popular abdominal movement. The simple addition of a weight makes the crunch far more difficult, providing a different stimulus to the core during training.",strength,abdominals,dumbbell,intermediate,7.9,dumbbell crunch - Gethin Variation
Single-arm dumbbell crunch,"The single-arm dumbbell crunch is a more difficult version of a highly popular abdominal movement. Adding a weight to one side makes the crunch far more difficult to your rectus abdominis or ""six-pack"" muscles, as well as the obliques and deep core muscles.",strength,abdominals,dumbbell,intermediate,7.9,satu lengan dumbbell crunch
HM Alternating Dumbbell Plank Row,,strength,abdominals,dumbbell,intermediate,7.9,HM bergantian dumbbell plank tarikan
Dumbbell straight-legged hip raise,The dumbbell straight-legged hip raise works the hips and glutes. It requires and teaches body control and coordination.,strength,abdominals,dumbbell,intermediate,7.9,dumbbell straight-legged pinggul angkat
Seated leg tuck with dumbbell,The seated leg tuck with dumbbell is an ab exercise requiring only a bench and a dumbbell. It's commonly performed for high reps as a burnout at the end of a core workout.,strength,abdominals,dumbbell,intermediate,7.9,duduk kaki tuck with dumbbell
Dumbbell V-sit cross jab-,"The dumbbell V-sit cross jab is a hybrid movement that trains the abdominal and shoulder muscles simultaneously. It can address multiple muscle groups in a time-efficient muscle-building or circuit-style workout, while also providing a cardiovascular challenge.",strength,abdominals,dumbbell,intermediate,7.9,dumbbell V-sit cross jab-
30 Hanging Leg Raise With Dumbbell,,strength,abdominals,dumbbell,intermediate,7.9,30 angkat kaki menggantung With dumbbell
Dumbbell Get-Up Sit-Up,,strength,abdominals,dumbbell,expert,7.9,dumbbell Get-Up sit-up
Holman Right Side Plank with Left Triceps Press,,strength,abdominals,dumbbell,intermediate,7.9,Holman Right plank samping with Left trisep dorongan
Holman Left Side Plank with Right Triceps Press,,strength,abdominals,dumbbell,intermediate,7.9,Holman Left plank samping with Right trisep dorongan
Holman Boat with Feet Push-Out and Overhead Press,,strength,abdominals,dumbbell,intermediate,7.9,Holman Boat with Feet dorongan-Out and Overhead dorongan
Holman Hovering Plank Row,,strength,abdominals,dumbbell,intermediate,7.9,Holman Hovering plank tarikan
Holman Weighted Seated Killer Abs to Russian Twist,,strength,abdominals,dumbbell,intermediate,7.9,Holman berbeban duduk Killer Abs to putaran Rusia
Holman Straight Plank Dumbbell Reach-Under,,strength,abdominals,dumbbell,intermediate,7.9,Holman Straight plank dumbbell Reach-Under
Holman Straight-Arm Side Plank Overhead Press to Chest Press,,strength,abdominals,dumbbell,intermediate,7.9,Holman Straight-lengan plank samping Overhead dorongan to dada dorongan
Holman Weighted Burpee to Pike,,strength,abdominals,dumbbell,intermediate,7.9,Holman berbeban burpee to Pike
Holman Straight-Legged Boat Chest Press,,strength,abdominals,dumbbell,intermediate,7.9,Holman Straight-Legged Boat dada dorongan
Holman Weighted Burpee to Side Delt Raise,,strength,abdominals,dumbbell,intermediate,7.9,Holman berbeban burpee to samping Delt angkat
Holman Heavy Double Pike,,strength,abdominals,dumbbell,intermediate,7.9,Holman Heavy Double Pike
Holman Heavy Double Split Pike,,strength,abdominals,dumbbell,intermediate,7.9,Holman Heavy Double Split Pike
MetaBurn Alternating Dumbbell Sit-Through,,strength,abdominals,dumbbell,intermediate,7.9,MetaBurn bergantian dumbbell Sit-Through
MetaBurn Alternating Plank Row With Dumbbell Pull-Through,,strength,abdominals,dumbbell,intermediate,7.9,MetaBurn bergantian plank tarikan With dumbbell tarikan-Through
MetaBurn Alternating Plank Row With Push-Up,,strength,abdominals,dumbbell,intermediate,7.9,MetaBurn bergantian plank tarikan With dorongan-up
MetaBurn Dumbbell Russian Twist,,strength,abdominals,dumbbell,intermediate,7.9,MetaBurn dumbbell putaran Rusia
MetaBurn Dumbbell Toe-Touch,,strength,abdominals,dumbbell,intermediate,7.9,MetaBurn dumbbell Toe-Touch
MetaBurn Plank To Alternating Row,,strength,abdominals,dumbbell,intermediate,7.9,MetaBurn plank To bergantian tarikan
Standing dumbbell knee crunch-,"The standing dumbbell knee crunch is a great way to train the abs while standing up. Additionally, the deltoids are worked because the lifter holds a pair of dumbbells overhead throughout.",strength,abdominals,dumbbell,intermediate,7.9,berdiri dumbbell knee crunch-
MetaBurn Plank With Dumbbell Rotation,,strength,abdominals,dumbbell,intermediate,7.9,MetaBurn plank With dumbbell Rotation
FYR2 Dumbbell Crab Reach,,strength,abdominals,dumbbell,intermediate,7.9,FYR2 dumbbell Crab Reach
FYR2 Dumbbell Man-Maker,,strength,abdominals,dumbbell,intermediate,7.9,FYR2 dumbbell Man-Maker
FYR2 Dumbbell Sit-Up Reach,,strength,abdominals,dumbbell,intermediate,7.9,FYR2 dumbbell sit-up Reach
FYR2 Loaded Beast Sprawl,,strength,abdominals,dumbbell,intermediate,7.9,FYR2 Loaded Beast Sprawl
FYR2 Loaded to Unloaded Beast,,strength,abdominals,dumbbell,intermediate,7.9,FYR2 Loaded to Unloaded Beast
Lying Leg Pullover,,strength,abdominals,dumbbell,intermediate,7.9,berbaring kaki Pullover
Landmine twist,"The landmine twist is a rotational abdominal movement performed using an angled barbell anchored at floor level in a landmine device. It can also be performed by sticking a barbell in the corner of a room, preferably in a towel to protect the walls. It targets the deep muscles of the core, including both the obliques and the transversus abdominis. It can be done fast or slow, for time or reps, either in traditional muscle-focused rep ranges such as 8-12 reps per side or for higher rep ranges.",strength,abdominals,other,intermediate,9.5,Landmine putaran
Suspended ab fall-out,"The suspended ab fall-out is a dynamic abdominal exercise utilizing a suspension strap system or gymnastic rings. It is similar in form to an ab roller, but can more easily be scaled to be more or less difficult. It targets the muscles of the rectus abdominis or ""six-pack"" muscles, as well as the deep core muscles. It can be trained for low reps for strength or higher reps for muscle definition.",strength,abdominals,other,intermediate,9.3,Suspended ab fall-out
Decline reverse crunch,"The decline reverse crunch is a popular bodyweight exercise targeting the abdominal muscles, particularly the lower abs. It is usually performed for high reps, such as 10-15 reps per set or more, as part of the ab-focused portion of a workout.",strength,abdominals,other,intermediate,9.2,menurun reverse crunch
Plate Twist,,strength,abdominals,other,beginner,9.0,pelat putaran
Weighted Crunches,"The weighted suitcase crunch is a weighted version of a popular abdominal training exercise. The simple addition of a weight makes the suitcase crunch far more difficult, helping build the ""six pack"" muscles and providing a different stimulus to the core during training.",strength,abdominals,other,intermediate,8.9,berbeban Crunches
Ab Roller,"The ab wheel roll-out is an exercise targeting the abdominals, often with an inexpensive wheel device with a handle on either side. Many trainers and strength coaches claim it's one of, if no the best exercise for developing strength in the midsection. Beginners may have to start with a limited range of motion or just wheel planks.",strength,abdominals,other,intermediate,8.9,Ab Roller
Otis-Up,"The Otis-up is a weighted exercise focusing on the abdominal muscles, as well as the shoulders to a lesser degree. It primarily targets the rectus abdominus or “six-pack” muscles, but also involves the obliques and deep core muscles. It is normally performed on a decline bench holding a weight plate, but can also be performed with a dumbbell, kettlebell, or other weight.",strength,abdominals,other,intermediate,8.8,Otis-Up
Captain's chair knee raise,"The captain's chair knee raise is a bodyweight exercise that targets the abs. It is performed on an apparatus that allows the forearms to rest on pads and the upright torso to hang freely. Knee raises are often performed for moderate to high reps, such as 8-12 reps or more, as part of ab-focused training.",strength,abdominals,other,intermediate,8.6,Captain's chair knee angkat
Sledgehammer swing,The sledgehammer swing is an exercise working the abdominals and numerous other muscles. The sledgehammer is slammed from overhead onto a tire which absorbs the impact and causes the hammer to bounce back up. It can be performed for time or reps as part of a functional fitness or athleticism-focused workout.,plyometrics,abdominals,other,intermediate,8.6,Sledgehammer swing
Pallof press,"The Pallof press is an isometric exercise that trains core stability. It involves resisting rotation from a cable or band, developing what is sometimes called ""anti-rotation"" core strength. It is most often seen in programs for athletes who compete in sports that test strength, power, and functional movements. It can be trained in timed holds or for reps by pressing the cable or band away from the body.",strength,abdominals,other,intermediate,8.4,Pallof dorongan
Weighted Sit-Ups - With Bands,"The weighted sit-up is a more difficult version of a highly popular abdominal movement. The simple addition of a weight makes the sit-up far more difficult, providing a different stimulus to the core during training and helping build strong abs.",strength,abdominals,other,intermediate,8.0,berbeban Sit-Ups - With Bands
Suitcase crunch,"The suitcase crunch is a bodyweight movement that targets the muscles of the abs, the rectus abdominis or ""six-pack"" muscles in particular. It is similar to a V-up, but the lower back stays flat against the ground. It can be performed for time or reps in the ab-focused portion of any workout.",strength,abdominals,other,intermediate,0.0,Suitcase crunch
FYR Rope Jumping,"Jumping rope is classic conditioning exercise that is popular with everyone from children to boxers to CrossFit athletes. It targets many different muscles, including the calves, glutes, shoulders, and upper back, and is great for everything from fat loss to improving overall athletic performance.",strength,abdominals,other,intermediate,7.9,FYR tali Jumping
Barbell press sit-up,"The barbell press sit-up is a weighted exercise focusing on the abdominal muscles, as well as the shoulders to a lesser degree. It primarily targets the rectus abdominis or ""six-pack"" muscles, but also involves the obliques and deep core muscles. It can be performed on the floor with the feet anchored or unanchored, or on a decline or other bench. It is similar to the Otis-up, which is performed with a weight plate.",strength,abdominals,other,intermediate,7.9,barbell dorongan sit-up
Single-arm bent-over rear delt fly,"The single-arm bent-over rear delt fly is a popular upper-body exercise that targets the muscles on the back of the shoulder joint, specifically the rear head of the deltoid. Since pressing movements build the front and (to a lesser degree) side deltoid heads, this move is often done to promote balanced shoulder development. It is usually performed for high reps, such as 10-15 reps per set or more, as part of a shoulder or upper-body workout.",strength,abdominals,other,intermediate,7.9,satu lengan membungkuk rear delt fly
Captain's chair leg raise,"The captain's chair leg raise is a bodyweight exercise that targets the abs. It is performed on an apparatus that allows the forearms to rest on pads and the upright torso to hang freely. Leg raise variations are often performed for moderate to high reps, such as 8-12 reps or more, as part of ab-focused training.",strength,abdominals,other,intermediate,7.9,Captain's chair kaki angkat
Shoulder-Elevated One-Leg Hip Thrusts,,strength,abdominals,other,intermediate,7.9,bahu-Elevated One-kaki pinggul Thrusts
Ab Twist - Gethin Variation,"The cross-body sit-up is a bodyweight exercise targeting the ab muscles, the obliques and rectus abdominis or ""six-pack"" muscles in particular. It involves bringing the opposite-side knee and elbow together, usually alternating sides with each rep. It can be performed for time or reps as part of the ab-focused portion of any workout.",strength,abdominals,other,intermediate,7.9,Ab putaran - Gethin Variation
Weighted Crunch - Gethin Variation,"The weighted sit-up is a more difficult version of a highly popular abdominal movement. The simple addition of a weight makes the sit-up far more difficult, providing a different stimulus to the core during training and helping build strong abs.",strength,abdominals,other,intermediate,7.9,berbeban crunch - Gethin Variation
Ab Wheel Roll-Out - Gethin Variation,"The ab wheel roll-out is an exercise targeting the abdominals, often with an inexpensive wheel device with a handle on either side. Many trainers and strength coaches claim it's one of, if no the best exercise for developing strength in the midsection. Beginners may have to start with a limited range of motion or just wheel planks.",strength,abdominals,other,intermediate,7.9,Ab Wheel roll-out - Gethin Variation
Bench crunch,"The bench crunch is a popular ab exercise performed lying on a bench. It is largely similar to the same exercise performed on the floor, but being able to press the lower back into the bench pad can help reinforce proper form and increase the burn in the abs. Like most crunch variations, it is usually performed for moderate to high reps, such as 8-12 reps per set or more.",strength,abdominals,other,intermediate,7.9,bangku crunch
Decline plate sit-up twist,"The decline plate sit-up twist is a weighted core exercise that works the obliques and rectus abdominis or ""six pack"" muscles, as well as the deep core muscles. Weighted sit-up variations are usually performed for moderate to high reps, such as 8-12 reps per set or more, as part of the core-focused portion of a workout.",strength,abdominals,other,intermediate,7.9,menurun pelat sit-up putaran
Reverse ab roll-out,"The reverse ab roll-out is an exercise targeting the abdominals. It's a twist on the ab wheel roll-out, and is similar to a body saw exercise, only performed on a foam roller. Instead of your arms moving and your lower body remaining stationary, your lower body moves and your arms remain stationary. Beginners may need to use a limited range of motion.",strength,abdominals,other,intermediate,7.9,Reverse ab roll-out
30 Seated Twist With PVC Pipe,The seated bar twist is a core exercise aiming to strengthen the obliques.,strength,abdominals,other,intermediate,7.9,30 duduk putaran With PVC Pipe
Suspended crunch-,"The suspended crunch is an abdominal exercise performed with the feet in the stirrups of a suspension strap system. It targets the muscles of the core, most prominently the rectus abdominis or ""six-pack"" muscles, but also taxes the shoulders and deep core muscles.",strength,abdominals,other,intermediate,7.9,Suspended crunch-
Suspended oblique crunch,"The suspended oblique crunch is an abdominal exercise performed with the feet in the stirrups of a suspension strap system. It targets the muscles of the core, most prominently the obliques, but also the rectus abdominis or ""six-pack"" muscles, the shoulders, and deep core muscles.",strength,abdominals,other,intermediate,7.9,Suspended oblique crunch
Weighted sit-up,"The weighted sit-up is a more difficult version of a highly popular abdominal movement. The simple addition of a weight makes the sit-up far more difficult, providing a different stimulus to the core during training and helping build strong abs.",strength,abdominals,other,intermediate,7.9,berbeban sit-up
30 Decline Press Sit-Up,The decline bar press sit-up is a core and upper body exercise targeting the lower abdominals and shoulders.,strength,abdominals,other,intermediate,7.9,30 menurun dorongan sit-up
Holman Towel Reverse Plank Alternating Heel Pull-in,,strength,abdominals,other,intermediate,7.9,Holman Towel Reverse plank bergantian Heel tarikan-in
Holman Boat with Weighted Cross Punch,,strength,abdominals,other,intermediate,7.9,Holman Boat with berbeban Cross Punch
Holman Weighted Hook Punch,,strength,abdominals,other,intermediate,7.9,Holman berbeban Hook Punch
Holman Weighted Traveling Punch,,strength,abdominals,other,intermediate,7.9,Holman berbeban Traveling Punch
Holman Weighted Uppercut Punch,,strength,abdominals,other,intermediate,7.9,Holman berbeban Uppercut Punch
Holman Slow Weighted Double Pike,,strength,abdominals,other,intermediate,7.9,Holman Slow berbeban Double Pike
Holman Plate Straight Plank Reach,,strength,abdominals,other,intermediate,7.9,Holman pelat Straight plank Reach
Holman Plate Elbow Plank Jack to Straight Plank Jack,,strength,abdominals,other,intermediate,7.9,Holman pelat Elbow plank lompat jack to Straight plank lompat jack
Holman Plate Hill Climber,,strength,abdominals,other,intermediate,7.9,Holman pelat Hill Climber
Holman Plate Reverse Plank Hill Climber,,strength,abdominals,other,intermediate,7.9,Holman pelat Reverse plank Hill Climber
Holman Plate Straight Plank Pike to Jack,,strength,abdominals,other,intermediate,7.9,Holman pelat Straight plank Pike to lompat jack
Holman Plate In-and-Out Push-Up,,strength,abdominals,other,intermediate,7.9,Holman pelat In-and-Out dorongan-up
Holman Plate Burpee,,strength,abdominals,other,intermediate,7.9,Holman pelat burpee
Holman Plate Elbow Plank Reach,,strength,abdominals,other,intermediate,7.9,Holman pelat Elbow plank Reach
Holman Elbow Plank to Renegade Row,,strength,abdominals,other,intermediate,7.9,Holman Elbow plank to Renegade tarikan
Holman Straight Plank Weighted Hand Hill Climber,,strength,abdominals,other,intermediate,7.9,Holman Straight plank berbeban Hand Hill Climber
Holman Weighted Left Side Diagonal Pike,,strength,abdominals,other,intermediate,7.9,Holman berbeban Left samping Diagonal Pike
Holman Weighted Right Side Diagonal Pike,,strength,abdominals,other,intermediate,7.9,Holman berbeban Right samping Diagonal Pike
Holman Weighted W-Boat to Overhead Press,,strength,abdominals,other,intermediate,7.9,Holman berbeban W-Boat to Overhead dorongan
Holman Weighted Kneeling Lift,,strength,abdominals,other,intermediate,7.9,Holman berbeban Kneeling angkat
Holman Hips-Up Weighted Pull-Over,,strength,abdominals,other,intermediate,7.9,Holman Hips-Up berbeban tarikan-Over
Holman Weighted Cross Punch,,strength,abdominals,other,intermediate,7.9,Holman berbeban Cross Punch
Holman Straight-Leg Boat Hover Chest Press,,strength,abdominals,other,intermediate,7.9,Holman Straight-kaki Boat Hover dada dorongan
Holman Weighted Pike,,strength,abdominals,other,intermediate,7.9,Holman berbeban Pike
Holman Feet-Elevated Wax-On Wax-Off,,strength,abdominals,other,intermediate,7.9,Holman Feet-Elevated Wax-On Wax-Off
Holman Elbow Plank to Towel Pike,,strength,abdominals,other,intermediate,7.9,Holman Elbow plank to Towel Pike
Holman Seated Killer Abs Overhead Press,,strength,abdominals,other,intermediate,7.9,Holman duduk Killer Abs Overhead dorongan
Holman Straight Plank Alternating Weighted Open,,strength,abdominals,other,intermediate,7.9,Holman Straight plank bergantian berbeban Open
Holman Weighted Killer Abs with Overhead Press,,strength,abdominals,other,intermediate,7.9,Holman berbeban Killer Abs with Overhead dorongan
Holman Weighted Split-Leg Pike,,strength,abdominals,other,intermediate,7.9,Holman berbeban Split-kaki Pike
Holman Towel Reverse Plank Heel Pull-in,,strength,abdominals,other,intermediate,7.9,Holman Towel Reverse plank Heel tarikan-in
Stick Twist,,strength,abdominals,other,intermediate,7.9,Stick putaran
Roc Everest,,cardio,abdominals,other,intermediate,7.9,Roc Everest
Standing cable low-to-high twist,"The standing cable low-to-high twist is a core exercise targeting the upper abdominals and the obliques. Take care to perform it with control, as opposed to violent twisting which can injure the back. It is usually performed for moderate to high reps, at least 8-15 per side, as part of the core-focused portion of a workout.",strength,abdominals,cable,intermediate,9.3,berdiri kabel putaran bawah ke atas
Single-arm high-cable side bend,The single-arm high-cable side bend is an exercise targeting the obliques using a cable stack machine.,strength,abdominals,cable,intermediate,9.1,satu lengan high-kabel samping bend
Kneeling cable oblique crunch,"The kneeling cable oblique crunch is a popular core isolation exercise using a rope attachment and cable stack while kneeling on the floor. It primarily targets the obliques and rectus abdominis or ""six-pack"" muscles, but also strengthens the deep core muscles. It is most commonly performed for moderate to high reps, such as 8-12 reps per set or higher.",strength,abdominals,cable,intermediate,9.0,Kneeling kabel oblique crunch
Kneeling cable crunch,"The kneeling cable crunch is a popular core isolation exercise using a rope attachment and cable stack while kneeling on the floor. It primarily targets the rectus abdominis or ""six-pack"" muscles, but also strengthens the deep core muscles. It is most commonly performed early in an ab workout, usually in moderate to high reps, such as 8-12 reps per set or higher.",strength,abdominals,cable,intermediate,8.9,Kneeling kabel crunch
Rope Crunch,"The kneeling cable crunch is a popular core isolation exercise using a rope attachment and cable stack while kneeling on the floor. It primarily targets the rectus abdominus or ""six-pack"" muscles, but also strengthens the deep core muscles. It is most commonly performed early in an ab workout, usually in moderate to high reps like 8-12 reps per set or higher.",strength,abdominals,cable,intermediate,8.6,tali crunch
Standing cable crunch,"The standing cable crunch is a popular core isolation exercise using a rope attachment. It primarily targets the rectus abdominis or ""six-pack"" muscles, but also strengthens the deep core muscles. It is most commonly performed early in an ab workout, usually in moderate to high reps, such as 8-12 reps per set or higher.",strength,abdominals,cable,intermediate,8.6,berdiri kabel crunch
Bosu Ball Cable Crunch With Side Bends,,strength,abdominals,cable,beginner,8.5,Bosu Ball kabel crunch With samping Bends
Standing Cable Wood Chop,The standing cable high-to-low twist is a core exercise targeting the lower abdominals and the obliques.,strength,abdominals,cable,intermediate,8.2,berdiri kabel Wood Chop
Cable reverse crunch,"The cable reverse crunch is performed on the ground facing away from a high pulley, which helps target the lower abdominals specifically.",strength,abdominals,cable,beginner,8.2,kabel reverse crunch
Cable Russian Twists,,strength,abdominals,cable,beginner,8.1,kabel Russian putaran
Pallof press with rotation,The Pallof press with rotation is a dynamic variation of the Pallof press that incorporates weighted rotation away from the torso using resistance from a cable pulley. It is intended to build abdominal strength and teach proper bracing. It can be performed for time or for reps in the core-focused portion of any workout.,strength,abdominals,cable,intermediate,7.9,Pallof dorongan with rotation
Cable Seated Crunch,,strength,abdominals,cable,beginner,7.7,kabel duduk crunch
Cable Judo Flip,,strength,abdominals,cable,beginner,5.0,kabel Judo Flip
Exercise Ball Cable Crunch - Gethin Variation,"The exercise ball crunch is a popular gym exercise targeting the abdominals. Unlike crunches on the floor or a bench, by using a ball, you can increase the range of motion and both stretch and contract the abs on every rep. The ball crunch can be performed for low reps with a slower tempo, focusing on a hard contraction, or for higher reps.",strength,abdominals,cable,intermediate,7.9,Exercise Ball kabel crunch - Gethin Variation
Standing cable high-to-low twist,"The standing cable high-to-low twist is a core exercise targeting the lower abdominals and the obliques. Take care to perform it with control, as opposed to violent twisting which can injure the back. It is usually performed for moderate to high reps, at least 8-15 per side, as part of the core-focused portion of a workout.",strength,abdominals,cable,intermediate,7.9,berdiri kabel high-to-low putaran
Bent-Over Reverse Cable Fly,,strength,abdominals,cable,intermediate,7.9,membungkuk Reverse kabel fly
Standing Cable Crunch - Gethin Variation,"The standing cable crunch is a popular core isolation exercise using a rope attachment. It primarily targets the rectus abdominus or ""six-pack"" muscles, but also strengthens the deep core muscles. It is most commonly performed early in an ab workout, usually in moderate to high reps like 8-12 reps per set or higher.",strength,abdominals,cable,intermediate,7.9,berdiri kabel crunch - Gethin Variation
AM Cable Crunch,"The kneeling cable crunch is a popular core isolation exercise using a rope attachment and cable stack while kneeling on the floor. It primarily targets the rectus abdominus or ""six-pack"" muscles, but also strengthens the deep core muscles. It is most commonly performed early in an ab workout, usually in moderate to high reps like 8-12 reps per set or higher.",strength,abdominals,cable,intermediate,7.9,AM kabel crunch
Tyler Holt Weighted Knee-To-Chest Crunch,,strength,abdominals,cable,intermediate,7.9,Tyler Holt berbeban Knee-To-dada crunch
Standing cable twist,"The standing cable twist is a core exercise that targets the abdominals, particularly the obliques. Take care to perform it with control, as opposed to violent twisting which can injure the back. It is usually performed for moderate to high reps, at least 8-15 per side, as part of the core-focused portion of a workout.",strength,abdominals,cable,intermediate,7.9,berdiri kabel putaran
30 Cable Rope Crunch,"The kneeling cable crunch is a popular core isolation exercise using a rope attachment and cable stack while kneeling on the floor. It primarily targets the rectus abdominus or ""six-pack"" muscles, but also strengthens the deep core muscles. It is most commonly performed early in an ab workout, usually in moderate to high reps like 8-12 reps per set or higher.",strength,abdominals,cable,intermediate,7.9,30 kabel tali crunch
30 Cable Rope Oblique Crunch,"The kneeling cable oblique crunch is a popular core isolation exercise using a rope attachment and cable stack while kneeling on the floor. It primarily targets the obliques and rectus abdominus or ""six-pack"" muscles, but also strengthens the deep core muscles. It is most commonly performed for moderate to high reps like 8-12 reps per set or higher.",strength,abdominals,cable,intermediate,7.9,30 kabel tali Oblique crunch
Cable lying twist on ball,The cable lying twist on ball is an exercise targeting the core and obliques with the added challenge of stability to keep from losing position on the unstable surface.,strength,abdominals,cable,intermediate,7.9,kabel berbaring putaran on ball
30 Cable Pallof Press,"The pallof press is an anti-rotation, isometric exercise that trains core stability. It is most often seen in programs for athletes who compete in sports that test strength, power, and functional movements.",strength,abdominals,cable,intermediate,7.9,30 kabel Pallof dorongan
30 Cable Reverse Crunch On Ball,"The cable reverse crunch on a BOSU is performed on top of a BOSU ball between two cable pulleys, which helps target the lower abdominals specifically and is more proprioceptively challenging than a cable reverse crunch on the floor.",strength,abdominals,cable,intermediate,7.9,30 kabel Reverse crunch On Ball
30 Cable Reverse Crunch,"The cable reverse crunch is performed on the ground facing away from a high pulley, which helps target the lower abdominals specifically.",strength,abdominals,cable,intermediate,7.9,30 kabel Reverse crunch
Tyler Holt Cable Torso Twist,,strength,abdominals,cable,intermediate,7.9,Tyler Holt kabel Torso putaran
Single-Arm Cable Outward-Facing Biceps Curl,The single-arm cable outward-facing biceps curl is a cable exercise that targets the biceps. It is performed standing in front of a cable machine facing away from the cable stack to increase the range of motion by fully extending the elbows. This movement is usually performed for moderate to high reps for a burn and pump as part of an arm-focused workout.,strength,abdominals,cable,intermediate,7.9,satu lengan kabel Outward-Facing bisep tekukan
Biceps Rope Curl,,strength,abdominals,cable,intermediate,7.9,bisep tali tekukan
Kneeling Cable Crunches,,strength,abdominals,cable,intermediate,7.9,Kneeling kabel Crunches
Ab Crunch Machine,"The machine crunch is a machine-based exercise targeting the abdominal muscles. It involves sitting upright in the machine and curling the torso down toward the chest against some pre-set level of resistance. On some machines, the knees also curl up torward the torso. Crunch machines usually use extra resistance in the form of selectorized weight stacks or plate loading, and are often performed for moderate to high reps, like 8-12 reps per set or higher, as part of the ab-focused portion of a workout.",strength,abdominals,machine,intermediate,8.0,Ab crunch mesin
Smith machine straight-legged hip raise,"The Smith machine straight-legged hip raise is an exercise targeting the abdominal muscles. Because of the potential awkwardness of getting into position, it is usually performed for moderate to high reps, such as 8-12 reps per set or more. If your Smith machine has safety bars, set them at a height that allows you a full range of motion while giving adequate protection from the weight potentially falling.",strength,abdominals,machine,intermediate,8.0,Smith mesin straight-legged pinggul angkat
Machine crunch,"The machine crunch is a machine-based exercise targeting the abdominal muscles. It involves sitting upright in the machine and curling the torso down against a pre-set level of resistance. On some machines, the knees also curl up toward the torso. Crunch machines usually use extra resistance in the form of selectorized weight stacks or plate loading, and are often performed for moderate to high reps, such as 8-12 reps per set or more, as part of the ab-focused portion of a workout.",strength,abdominals,machine,intermediate,7.9,mesin crunch
AM Ab Machine,,strength,abdominals,machine,intermediate,7.9,AM Ab mesin
Smith machine V-up,The smith machine V-up is a weighted abdominal exercise that involves pressing a weighted bar upward while performing a V-up. Performing it in a Smith machine eliminates the balance challenge of a free weight. It is usually performed for moderate to high reps in the ab-focused portion of a workout.,strength,abdominals,machine,intermediate,7.9,Smith mesin V-up
Elbow plank,"The elbow plank is a popular isometric abdominal exercise. It is common in all types of exercise programs, as well as in group fitness and yoga classes. It targets the muscles of the core, the deep core or transversus abdominis in particular. It is also often prescribed for time to help back pain or to teach proper bracing.",strength,abdominals,body only,intermediate,9.3,Elbow plank
Bottoms Up,"The lying leg lift is a popular bodyweight exercise targeting the muscles of the abs, the rectus abdominis or “six-pack” muscles in particular. It can be performed for time or reps in the core-focused portion of any workout.",strength,abdominals,body only,intermediate,9.3,Bottoms Up
Spider crawl,"The spider crawl is a bodyweight exercise that involves crawling on the floor with the knees outside of the elbows. It is different from a leopard crawl in that the hips are higher, and it's different from a bear crawl because the knees are wider. It can be done as a full-body warm-up, in short bursts for power or circuit training, or for longer durations as cardiovascular conditioning.",strength,abdominals,body only,intermediate,9.2,Spider crawl
Cocoons,"The cocoon crunch is a bodyweight exercise targeting the ab muscles, the rectus abdominis or ""six-pack"" muscles in particular. It involves bringing your knees to your chest and your arms from overhead to center. It can be performed for time or reps as part of the ab-focused portion of any workout.",strength,abdominals,body only,intermediate,9.1,Cocoons
Cross-Body Crunch,"The elbow-to-knee crunch is a bodyweight exercise targeting the ab muscles, the obliques and rectus abdominis or ""six-pack"" muscles in particular. It can be performed for time or reps as part of the ab-focused portion of any workout.",strength,abdominals,body only,intermediate,9.1,Cross-Body crunch
Elbow-to-knee crunch,"The elbow-to-knee crunch is a bodyweight exercise targeting the ab muscles, the obliques and rectus abdominis or ""six-pack"" muscles in particular. It can be performed for time or reps as part of the ab-focused portion of any workout.",strength,abdominals,body only,intermediate,9.1,Elbow-to-knee crunch
Decline Crunch,The decline crunch is an effective core exercise targeting the rectus abdominis.,strength,abdominals,body only,intermediate,9.0,menurun crunch
Hanging toes-to-bar,"The hanging toes-to-bar is an advanced abdominal exercise in which the lifter touches their feet to a pull-up bar. There are many ways to perform this movement (strict or swinging, arms completely straight or slightly bent, legs straight or bent) each providing unique benefits and challenges. Initially, it may be a difficult move to do for a single rep, but once you build the requisite core, lat, and shoulder strength, it can be performed for higher reps.",strength,abdominals,body only,intermediate,9.0,menggantung toes-to-bar
Hanging Oblique Knee Raise,"The hanging oblique crunch an abdominal exercise that targets both the rectus abdominus or “six-pack” muscles, and the oblique muscles. It can be performed hanging from a bar, or if grip strength is a limitation, by placing the elbows in ab straps. If hanging from a straight bar is uncomfortable to the wrists or shoulder, you can also perform them hanging with a neutral grip (palms facing one another)",strength,abdominals,body only,intermediate,9.0,menggantung Oblique Knee angkat
Gorilla Chin/Crunch,,strength,abdominals,body only,beginner,9.0,Gorilla Chin/crunch
Hanging leg raise,"The hanging leg raise is an exercise targeting the abs, but which also works the lats and hip flexors. Instead of resting your forearms on the pads of a captain's chair, you perform these hanging from a bar. Experienced lifters make these look easy, but beginners may need time to build up to sets of 8-12 reps.",strength,abdominals,body only,intermediate,8.9,angkat kaki menggantung
Mountain climber,"The mountain climber is a popular bodyweight exercise targeting the muscles of the core, as well as the shoulders, hips, and cardiovascular system. It involves lifting one knee to the chest at a time from a straight-arm plank position. It can be performed for time or reps as part of a dynamic warm-up, for bodyweight cardio or conditioning, or as no-equipment dynamic core training.",plyometrics,abdominals,body only,intermediate,8.8,pendaki gunung
Ab bicycle,"The ab bicycle is a bodyweight movement that targets the muscles of the abs, the obliques and rectus abdominis or ""six-pack"" muscles in particular. It can be performed for time or reps in the ab-focused portion of any workout.",strength,abdominals,body only,intermediate,8.8,Ab bicycle
3/4 sit-up,"The 3/4 sit-up is a bodyweight exercise focused on the muscles of the core. It is similar to a sit-up, but stops short of the top position. This keeps constant tension on the abs, making it more difficult than traditional sit-ups. It can be performed for time or for reps, with the feet anchored or free, as part of the ab-focused portion of any workout.",strength,abdominals,body only,intermediate,8.8,3/4 sit-up
Reverse crunch,"The reverse crunch is a popular exercise targeting the abdominals, particularly the lower half. It’s easy to perform on either the floor or a flat bench. Many lifters think of this as a companion to the crunch, which targets the upper abdominals more than the lower.",strength,abdominals,body only,intermediate,8.8,Reverse crunch
Crunches,"The crunch is a popular core exercise targeting the rectus abdominis, or ""six-pack"" muscles, as well as the obliques. It has been the centerpiece of many ab-focused workouts, due to both its simplicity and the intense burn and mind-muscle connection it produces. It can be performed for time or reps as part of the ab-focused portion of any workout.",strength,abdominals,body only,intermediate,8.7,Crunches
Dead bug reach,"The dead bug reach is an exercise for strengthening the core in which you alternate lowering your opposing arm and leg simultaneously, controlling the movement with the abdominal muscles. It can be part of a dynamic warm-up to activate the core for other athletics or lifting, or be performed in a circuit or on its own in the ab-focused portion of any workout.",strength,abdominals,body only,intermediate,8.6,Dead bug reach
Crunch - Hands Overhead,,strength,abdominals,body only,beginner,8.6,crunch - Hands Overhead
V-up,"The V-up is a bodyweight movement that targets the muscles of the abs, the rectus abdominis or ""six-pack"" muscles in particular. It is similar to a suitcase crunch, but the lower back lifts off the ground at the top of each rep. It can be performed for time or reps in the ab-focused portion of any workout.",strength,abdominals,body only,intermediate,8.5,V-up
Stomach Vacuum,,stretching,abdominals,body only,beginner,8.5,Stomach Vacuum
Russian twist,"The Russian twist is an exercise targeting the abdominals and the obliques. Beginning from a position that resembles stopping midway through a sit-up, it involves twisting side to side. It can be performed with body weight alone or while holding a weight plate or other object. It is performed by alternating sides with each rep and can be done for time or for a specific number of reps as part of the ab-focused portion of any workout.",strength,abdominals,body only,intermediate,8.4,putaran Rusia
Flat Bench Lying Leg Raise,"The lying leg lift is a popular bodyweight exercise targeting the muscles of the abs, the rectus abdominis or “six-pack” muscles in particular. It can be performed for time or reps in the core-focused portion of any workout.",strength,abdominals,body only,intermediate,8.4,Flat bangku angkat kaki berbaring
Knees tucked crunch,"The knees tucked crunch is a core exercise that involves performing a crunch while keeping the knees bent in a 90-degree position. It primarily targets the rectus abdominis or ""six-pack"" muscles. It can be performed for time or reps as part of any abs-focused circuit or workout.",strength,abdominals,body only,intermediate,8.4,Knees tucked crunch
Butt-Ups,,strength,abdominals,body only,beginner,8.3,Butt-Ups
Feet-elevated oblique crunch,"The feet-elevated oblique crunch is a variation on the crunch exercise that targets the obliques as well as the rectus abdominis or ""six-pack"" muscles. Resting the feet on a bench takes some of the hip flexor activation out of the movement, focusing the stress more on the abs.",strength,abdominals,body only,intermediate,8.3,Feet-elevated oblique crunch
Bent-knee reverse crunch,"The bent-knee reverse crunch is a popular bodyweight core exercise. It targets the lower portion of the rectus abdominis or ""six-pack"" muscles. It can be performed for time or reps as part of any ab-focused workout.",strength,abdominals,body only,intermediate,8.1,Bent-knee reverse crunch
Alternating heel-touch,"The alternating heel-touch is a popular bodyweight exercise that targets the obliques, as well as the rectus abdominis, or ""six-pack"" muscles. It can be performed for time or reps as part of any abs-focused circuit or workout.",strength,abdominals,body only,intermediate,8.0,bergantian heel-touch
Suspended Reverse Crunch,,strength,abdominals,body only,intermediate,7.8,Suspended Reverse crunch
Lying bench reverse crunch,"The lying bench reverse crunch is a popular ab exercise performed by bringing the knees toward the chest while lying on a bench. It is largely similar to the same exercise performed on the floor, but being able to press the lower back into the bench pad can help reinforce proper form and increase the burn in the abs. Like most crunch variations, it is usually performed for moderate to high reps, such as 8-12 reps per set or more.",strength,abdominals,body only,intermediate,7.7,berbaring bangku reverse crunch
Sit-up,"The sit-up is a popular bodyweight exercise focused on the abdominal muscles. It has also been used as part of military, tactical, and scholastic fitness tests for many years. It can be performed for time or reps, with the feet anchored or free, on flat ground or a bench.",strength,abdominals,body only,intermediate,7.5,sit-up
Side Bridge,"The side plank is a popular isometric abdominal exercise focusing on the oblique muscles, as well as the transversus abdominis or deep core muscles. It is sometimes paired with the curl up and bird dog as the “McGill big three” for core strength and stability. It is performed for time and can work in a warm-up or in the core-focused portion of any workout.",strength,abdominals,body only,intermediate,7.5,samping Bridge
Lying oblique crunch,The lying oblique crunch is a bodyweight exercise targeting the oblique muscles. It can be performed for a specific number of reps or to fatigue or failure as part of the ab-focused portion of any workout.,strength,abdominals,body only,intermediate,7.4,berbaring oblique crunch
Janda Sit-Up,,strength,abdominals,body only,beginner,7.4,Janda sit-up
Leg Pull-In,"The reverse crunch is a popular exercise targeting the abdominals, particularly the lower half. It’s easy to perform on either the floor or a flat bench. Many lifters think of this as a companion to the crunch, which targets the upper abdominals more than the lower.",strength,abdominals,body only,beginner,7.4,kaki tarikan-In
Side Jackknife,,strength,abdominals,body only,intermediate,7.3,samping Jackknife
Scissor Kick,,stretching,abdominals,body only,intermediate,7.0,Scissor Kick
Toe Touchers,"The toe-touch is a bodyweight movement that targets the muscles of the abs, the rectus abdominis or ""six-pack"" muscles in particular. It can be performed for time or reps in the ab-focused portion of any workout.",stretching,abdominals,body only,intermediate,6.9,Toe Touchers
Lower Back Curl,,stretching,abdominals,body only,intermediate,6.5,Lower punggung tekukan
Exercise ball torso rotation,"The exercise ball torso rotation is a rotational abdominal exercise performed while holding a yoga or exercise ball between the hands. It focuses on the rotational muscles of the core, including the obliques, glutes, and hip muscles. It can be performed one side at a time or alternating, either for time or reps. To make it more difficult, wrap a light exercise band around the ball and anchor it to a solid object.",stretching,abdominals,body only,intermediate,5.0,Exercise ball torso rotation
Seated Overhead Stretch,,stretching,abdominals,body only,intermediate,4.7,duduk Overhead Stretch
Overhead Stretch,,stretching,abdominals,body only,intermediate,3.9,Overhead Stretch
Seated Scissor Kick,,strength,abdominals,body only,intermediate,0.0,duduk Scissor Kick
Partner resistance standing twist,"The partner resistance standing twist is a bodyweight exercise in which one partner performs bodyweight twists while the other provides manual resistance. It targets the muscles of the core, and the obliques in particular. It can be performed in the core-focused part of any workout.",strength,abdominals,body only,intermediate,0.0,pasangan resistance berdiri putaran
Cross Crunch,,strength,abdominals,body only,beginner,0.0,Cross crunch
Full Moon,,strength,abdominals,body only,beginner,0.0,Full Moon
Hanging knee raise with manual resistance,"The hanging knee raise with manual resistance is a more advanced version of the hanging knee raise that utilizes a partner. The partner applies enough resistance to make the movement more difficult, while still allowing the lifter to perform multiple reps.",strength,abdominals,body only,beginner,0.0,menggantung knee angkat with manual resistance
Straight-Legged Hip Raise,,strength,abdominals,body only,intermediate,0.0,Straight-Legged pinggul angkat
Wall mountain climber,The wall mountain climber is a challenging exercise targeting the shoulders and abdominals. It's most common in bodyweight circuit training because it targets a lot of muscles as well as the cardiovascular system all at once. It can be performed for time or reps.,plyometrics,abdominals,body only,intermediate,0.0,Wall pendaki gunung
Skin The Cat To Push-Up,,strength,abdominals,body only,intermediate,0.0,Skin The Cat To dorongan-up
Partner lying leg raise with lateral throw down,The partner lying leg raise with lateral throw down is a core exercise in which one partner performs a leg raise while the other partner pushes their legs back down at a lateral angle. The partner performing the exercise has to use core strength and stability to keep their legs from falling to the ground.,strength,abdominals,body only,beginner,0.0,pasangan angkat kaki berbaring with lateral throw down
Hanging leg raise with throw down,"The hanging leg raise with throw down is a more advanced version of the hanging knee raise that utilizes a partner to make the movement more difficult. The partner pushes down at the top of each rep, forcing the lifter to ""fight back"" with their abs.",strength,abdominals,body only,beginner,0.0,angkat kaki menggantung with throw down
Partner sit-up with high-five,The partner sit-up with high-five is a full-body exercise targeting the core. Partners each perform a sit-up and high-five each other mid rep.,strength,abdominals,body only,beginner,0.0,pasangan sit-up with high-five
Exercise ball knee roll-in,The exercise ball knee roll-in is an abdominal exercise that involves supporting yourself with your hands in a plank or push-up position and drawing the knees in toward the chest. This is a fairly advanced abdominal move requiring a fair amount of core strength.,strength,abdominals,body only,intermediate,0.0,Exercise ball knee roll-in
Partner lying leg raise with throw down,The partner lying leg raise with throw down is a core exercise in which one partner performs a leg raise while the other partner pushes their legs back down. The partner performing the exercise has to use core strength and stability to keep their legs from falling to the ground.,strength,abdominals,body only,beginner,0.0,pasangan angkat kaki berbaring with throw down
Crab toe-touch,"The crab toe-touch is a full-body exercise targeting the glutes, hamstrings, quads, and core. It is a challenging move that trains balance, core strength, and many muscle groups, making it work well in a time-efficient bodyweight circuit workout.",strength,abdominals,body only,intermediate,0.0,Crab toe-touch
Side kick-through,"The side kick-through is a full-body movement that involves isometric holds and moving the body through different ranges of motion, beginning in a bear crawl position. The difference between a side kick-through and a sit-through is that your butt stays off the ground throughout the entire rep. It is commonly performed in bodyweight circuits and animal-style flows, but can also work for reps on its own or as part of a dynamic warm-up or mobility sequence.",strength,abdominals,body only,intermediate,0.0,samping kick-through
Partner target sit-up,"The partner target sit-up is a core exercise where one partner performs sit-ups, while the other uses his or her hands to create a target for them to reach for. This increases the challenge of each rep. It can be performed for time or reps in the ab-focused portion of any workout.",strength,abdominals,body only,beginner,0.0,pasangan target sit-up
Suspended Crunch,,strength,abdominals,body only,beginner,0.0,Suspended crunch
Jump Lunge,"The alternating lunge jump is an explosive bodyweight exercise that targets the lower-body muscles, including the quads, glutes, and hamstrings. It can be performed for time or reps in power training, and is also effective in any fat-loss or athleticism-focused workout.",strength,abdominals,body only,intermediate,7.9,Jump lunge
Side plank hip dip,"The side plank hip dip is a dynamic version of the side plank exercise focusing on the oblique muscles, as well as the transversus abdominis or deep core muscles. It can be performed for time or reps and can work in a warm-up or in the core-focused portion of any workout.",strength,abdominals,body only,intermediate,7.9,plank samping pinggul dip
Elbow plank jack,"The elbow plank jack is an isometric abdominal exercise with a dynamic lower-body component. It targets the muscles of the core, the deep core or transversus abdominis in particular. It can be performed for time or reps in the ab-focused portion of any workout.",strength,abdominals,body only,intermediate,7.9,Elbow plank lompat jack
Exercise ball V-up,"The exercise ball V-up is a popular movement to target the abdominal muscles, particularly the rectus abdominis or ""six-pack"" muscles. It involves passing an exercise ball or yoga ball back and forth between the hands and feet while performing V-ups. It can be performed for reps or time as part of any ab-focused workout or bodyweight circuit.",strength,abdominals,body only,intermediate,7.9,Exercise ball V-up
Standing torso twist stretch,"The standing torso twist stretch is a stretching exercise targeting the lats and core, particularly the obliques. It’s great before a workout or any sporting event that involves a lot of twisting of the upper body.",strength,abdominals,body only,intermediate,7.9,berdiri torso putaran stretch
Slalom jumps,"The slalom jump is an explosive bodyweight exercise that targets the lower body, including the quads, glutes, and hamstrings. Performed for reps, it also provides a serious cardiovascular challenge. It can be performed for time or reps and is especially effective in a fat-loss or athleticism-focused circuit or workout.",plyometrics,abdominals,body only,intermediate,7.9,Slalom jumps
Bear crawl,"The bear crawl is a popular bodyweight crawling exercise. While it looks simple, the bear crawl is an intense full-body movement that targets the cardiovascular system as well as a wide range of muscle groups, the shoulders, core, and legs in particular. It can be done as a full-body warm-up, in short bursts for power or circuit training, or for longer durations as cardiovascular conditioning.",strength,abdominals,body only,intermediate,7.9,Bear crawl
Crab single-arm reach,"The crab single-arm reach is a full-body exercise that requires maintaining a tabletop position while alternating arm raises. It is an excellent movement to include in a dynamic warm-up, a bodyweight circuit, or for muscle activation or mobility anytime.",stretching,abdominals,body only,intermediate,7.9,Crab satu lengan reach
Side lunge cross-body heel-touch,"The side lunge cross-body heel-touch is a lower-body exercise targeting the quads, glutes, and hamstrings. The heel-touch adds a slight rotational challenge.",strength,abdominals,body only,intermediate,7.9,samping lunge cross-body heel-touch
Alligator Crawl,"The spider crawl is a bodyweight exercise that involves crawling on the floor with the knees outside of the elbows. It is different from a leopard crawl in that the hips are higher, and it's different from a bear crawl because the knees are wider. It can be done as a full-body warm-up, in short bursts for power or circuit training, or for longer durations as cardiovascular conditioning.",strength,abdominals,body only,intermediate,7.9,Alligator Crawl
Lying cross-over lower back stretch,"The lying cross-over lower back stretch is a simple bodyweight stretch targeting the lower back, hips, and torso. It involves rotating the legs while lying flat on the back. It is commonly included in dynamic warm-ups, but can also be performed as full-body mobility work anytime.",strength,abdominals,body only,intermediate,7.9,berbaring cross-over lower punggung stretch
Half bird dog,"The half bird dog is a core exercise designed to strengthen the posterior chain. In the half bird dog, you will raise one arm or one leg at a time, rather than both at once as you would for a regular bird dog.",stretching,abdominals,body only,intermediate,7.9,Half bird dog
Shoulder tap,"The shoulder tap is an exercise targeting the abdominals and core. The basic stance matches the top of a push-up position. From there, one hand is raised to tap its opposing shoulder. A tap with each hand to each opposing shoulder equals one rep.",strength,abdominals,body only,intermediate,7.9,bahu tap
Double crunch,"The double crunch is a bodyweight exercise focused on the muscles of the core, the rectus abdominis or ""six-pack"" muscles in particular. It's a very simple exercise that involves ""crunching"" the knees and elbows toward each other using the abdominal muscles, while keeping the back flat against the ground.",strength,abdominals,body only,intermediate,7.9,Double crunch
Flutter kick,"The flutter kick is a core exercise where the legs are held off the ground as you flutter your feet over and under each other in small motions. It targets multiple muscles of the core, but particularly the rectus abdominis or ""six-pack"" muscles. It can be performed for time or reps in the ab-focused portion of any workout.",strength,abdominals,body only,intermediate,7.9,Flutter kick
Sprawl,"The sprawl is an explosive bodyweight exercise that targets the core, upper body, and lower body. It is similar to a burpee, but without a jump at the top and with a plank instead of a push-up at the bottom. It can be performed for time or reps in any fat-loss or athleticism-focused circuit or workout.",strength,abdominals,body only,intermediate,7.9,Sprawl
Spider plank jack,"The spider plank jack is a bodyweight core exercise that begins in a straight-arm plank, then combines a spider crunch and a plank jack into a single sequence. It can be performed as bodyweight core training or for conditioning in a fat-loss or athleticism-focused circuit.",strength,abdominals,body only,intermediate,7.9,Spider plank lompat jack
Pillar-To-Plank,,strength,abdominals,body only,intermediate,7.9,Pillar-To-plank
Alternating High Knee Raise,,strength,abdominals,body only,intermediate,7.9,bergantian High Knee angkat
Sumo Squat Pulse,,strength,abdominals,body only,intermediate,7.9,Sumo squat Pulse
Line-Drill Foot Work,,strength,abdominals,body only,intermediate,7.9,Line-Drill Foot Work
Plank Fire Hydrants,,strength,abdominals,body only,intermediate,7.9,plank Fire Hydrants
Banded jumping jack,"The banded jumping jack takes a classic plyometric exercise and adds an extra degree of difficulty in the form of a band surrounding the thighs, just above the knees. It can be performed for time or reps and is a great way to warm up for athletics or lower-body lifting.",strength,abdominals,body only,intermediate,7.9,dengan band lompat lompat jack
Shin hug,"The shin hug is a bodyweight exercise focused on the muscles of the core. It shares characteristics with V-ups and crunches, but finishes with the ribs touching the thighs. It can be performed for time or for reps as part of the ab-focused portion of any workout.",strength,abdominals,body only,intermediate,7.9,Shin hug
FYR Bear Crawl Fire Feet,"Bear crawl fire feet is a variation of the bear crawl that involves running in place while in a static bear crawl hold. It adds an extra coordination and full-body challenge to an already intense full-body movement that targets the cardiovascular system as well as a wide range of muscle groups. It can be done as a full-body warm-up, or as part of a bodyweight circuit or flow.",strength,abdominals,body only,intermediate,7.9,FYR Bear Crawl Fire Feet
Bear crawl up-down,"The bear crawl up-down is a variation of the bear crawl that involves lowering the forearms to the ground in an alternating rhythm while in a static bear crawl hold. It adds an extra coordination and upper-body challenge to an already intense full-body movement that targets the cardiovascular system as well as a wide range of muscle groups. It can be done as a full-body warm-up, or as part of a bodyweight circuit or flow.",strength,abdominals,body only,intermediate,7.9,Bear crawl up-down
FYR Crab Kick,"The crab toe-touch is a full-body exercise targeting the glutes, hamstrings, quads, and core.",strength,abdominals,body only,intermediate,7.9,FYR Crab Kick
Bear crawl hold,"The bear crawl hold is a static variation of the bear crawl exercise performed for time. It looks simple, but it demands full-body tension and is taxing to the shoulders, core, and legs. It can be done as a full-body warm-up, as part of a bodyweight circuit or flow, or as a build-up to the traditional bear crawl.",strength,abdominals,body only,intermediate,7.9,Bear crawl tahan
Traveling bear crawl,"The traveling bear crawl is a more advanced version of the bear crawl exercise that moves side to side rather than front to back. While it looks simple, the traveling bear crawl is an intense full-body movement that targets the cardiovascular system as well as a wide range of muscle groups, the shoulders, core, and legs in particular. It can be done as a full-body warm-up, in short bursts for power or circuit training, or for longer durations as cardiovascular conditioning.",strength,abdominals,body only,intermediate,7.9,Traveling bear crawl
Single-leg V-up,"The single-leg V-up is a bodyweight exercise that targets the abdominals and the hip flexors, working one side of the body at a time. It can be performed for time or reps in the ab-focused portion of any workout.",strength,abdominals,body only,intermediate,7.9,Single-kaki V-up
FYR Bear Crawl Shoulder Tap,"The bear crawl shoulder tap is a variation of the bear crawl that involves touching the opposing shoulder while in a static bear crawl hold. It adds an extra coordination and core challenge to an already intense full-body movement that targets the cardiovascular system as well as a wide range of muscle groups. It can be done as a full-body warm-up, or as part of a bodyweight circuit or flow.",strength,abdominals,body only,intermediate,7.9,FYR Bear Crawl bahu Tap
Alternating single-leg sprawl,"The alternating single-leg sprawl is an explosive bodyweight exercise that targets the core, upper body, and lower body. It differs from a standard sprawl by including a single-leg plank instead of a regular plank at the bottom. It can be performed for time or reps in any fat-loss or athleticism-focused circuit or workout.",strength,abdominals,body only,intermediate,7.9,bergantian single-kaki sprawl
Wide mountain climber,"The wide mountain climber is a popular bodyweight exercise targeting the muscles of the core, as well as the shoulders, hips, and cardiovascular system. It is different from a traditional mountain climber because you bring the knee to the outside of the elbow rather than the inside. It can be performed for time or reps as part of a dynamic warm-up, for bodyweight cardio or conditioning, or as no-equipment dynamic core training.",strength,abdominals,body only,intermediate,7.9,Wide pendaki gunung
Plank leg raise,"The plank leg raise is an isometric abdominal exercise that targets the muscles of the core, the deep core or transversus abdominis in particular. It also targets the muscles of the glutes and hips. It can be performed for time or reps in the ab-focused portion of any workout.",strength,abdominals,body only,intermediate,7.9,plank kaki angkat
Glute bridge step-out,"The glute bridge step-out is a lower-body bodyweight exercise that targets the glutes and hamstrings. It differs from a glute bridge by the addition of a step-out, which increases stress on the hamstrings. It can be performed for time or reps and works perfectly in a dynamic warm-up for lower-body training, but can also be performed for glute activation anytime.",strength,abdominals,body only,intermediate,7.9,bokong bridge step-out
Knee up-down,"The knee up-down is a bodyweight exercise that mimics getting up and down from a kneeling position on the floor. It combines the low position of a squat with lunges, bringing some of the benefits of both. It can be done for time or reps as part of a dynamic warm-up or as part of a bodyweight circuit or workout.",strength,abdominals,body only,intermediate,7.9,Knee up-down
FYR Sprawl,"The sprawl is an explosive bodyweight exercise that targets the core, upper body, and lower body. It is similar to a burpee, but without a jump at the top and with a plank instead of a push-up at the bottom. It can be performed for time or reps in any fat-loss or athleticism-focused circuit or workout.",strength,abdominals,body only,intermediate,7.9,FYR Sprawl
Reach crunch,The reach crunch is a bodyweight core exercise that involves keeping the arms raised toward the ceiling while performing a crunch. It can be performed for time or reps as part of any abs-focused circuit or workout.,strength,abdominals,body only,intermediate,7.9,Reach crunch
FYR Push-Up Plank Hold,"The straight-arm plank is an exercise targeting the core muscles. It is basically the top of a push-up position, with elbows fully extended and palms on the floor. The position is held for time to target the muscles of the core, as well as the shoulders.",strength,abdominals,body only,intermediate,7.9,FYR dorongan-up plank tahan
FYR Hollow-Body Rock,"The hollow-body rock is a bodyweight abdominal exercise performed on the floor. It starts with a hollow-body hold and adds a back-and-forth rock that challenges core stability and increases the difficulty of the movement. It can be performed for time or for reps, either in an ab-focused portion of a workout or as part of a circuit workout.",strength,abdominals,body only,intermediate,7.9,FYR Hollow-Body Rock
V-up plus knee-to-chest combo,The V-up plus knee-to-chest combo is a core exercise that targets the abdominals and hip flexors by combining two movements into a single sequence. It can be performed for time or reps in the ab-focused portion of any workout.,strength,abdominals,body only,intermediate,7.9,V-up plus knee-to-dada combo
Side plank lateral raise,"The side plank lateral raise is an exercise that combines an isometric side plank hold with a dumbbell raise to target both the core and the shoulders. You probably won't be able to use much weight without disrupting your balance, but even at light weight, this is a movement that can help address multiple muscle groups in a time-efficient workout.",strength,abdominals,body only,intermediate,7.9,plank samping lateral angkat
Superhero burpee,"The superhero burpee is an advanced variation of the burpee exercise. The main difference between this and the standard burpee is that while on the floor, the hands are extended in front of the body like Superman taking flight. This increases the challenge to the upper back and shoulders. These can be performed for time or reps as part of any fat-loss or athleticism-focused workout or circuit.",strength,abdominals,body only,intermediate,7.9,Superhero burpee
Hollow-body abduction,"The hollow-body abduction is an isometric core exercise that includes leg abductions for an added challenge to the core and abductors. It targets multiple muscles of the core, but particularly the rectus abdominis or ""six-pack"" muscles. It can be performed for time or reps in the ab-focused portion of any workout.",strength,abdominals,body only,intermediate,7.9,Hollow-body abduction
FYR Hollow Hold,,strength,abdominals,body only,intermediate,7.9,FYR Hollow tahan
Tip-toe crunch,The tip-toe crunch is a variation on the crunch exercise that involves placing the toes on or near the ground. This can help isolate the abs from the hip flexors. The tip-toe crunch can be performed for time or for reps as part of the core-focused component of any workout.,strength,abdominals,body only,intermediate,7.9,Tip-toe crunch
Knee-to-nose pulse,"The knee-to-nose pulse is a bodyweight exercise that targets the core by pulsing your knee toward your nose. It starts in a straight-arm plank position, and is similar to a mountain climber, but with a hold or pause in the bent-knee position.",strength,abdominals,body only,intermediate,7.9,Knee-to-nose pulse
Plank walk-out,"The plank walk-out is an advanced plank variation targeting the core and shoulders. From a standing position, the lifter descends into a plank-type position but “walks” the hands forward until they are out in front of the head. This is far more challenging to the core than having the arms directly under the shoulders. Beginners will need to progress to this exercise.",strength,abdominals,body only,intermediate,7.9,plank walk-out
FYR V-Up,"The V-up is a bodyweight movement that targets the muscles of the abs, the rectus abdominis or ""six-pack"" muscles in particular. It is similar to a suitcase crunch, but the lower back lifts off the ground at the top of each rep. It can be performed for time or reps in the ab-focused portion of any workout.",strength,abdominals,body only,intermediate,7.9,FYR V-Up
Long sit-up,"The long sit-up is an advanced version of the sit-up exercise that is performed with the hands reaching over the head. This lengthens the torso, making it harder for the abs to contract and lift the upper body. Long sit-ups can be performed for time or for reps, with the feet anchored or free.",strength,abdominals,body only,intermediate,7.9,Long sit-up
FYR Breakdancer,"The side kick-through is a full-body movement that involves isometric holds and moving the body through different ranges of motion, beginning in a bear crawl position. The difference between a side kick-through and a sit-through is that your butt stays off the ground throughout the entire rep. It is commonly performed in bodyweight circuits and animal-style flows, but can also work for reps on its own or as part of a dynamic warm-up or mobility sequence.",strength,abdominals,body only,intermediate,7.9,FYR Breakdancer
Seated leg lift,The seated leg lift is a bodyweight exercise targeting the muscles of the core and hip flexors. It can be performed for time or reps in the core-focused portion of any workout.,strength,abdominals,body only,intermediate,7.9,duduk kaki angkat
Gorilla burpee,"The gorilla burpee is a variation of the burpee exercise that consists of a reverse lunge on each leg, a full squat, then a standard burpee. It is extra challenging for the lower body, including the quads, glutes, and hamstrings. It can be performed for time or reps in any fat-loss or athleticism-focused circuit or workout.",strength,abdominals,body only,intermediate,7.9,Gorilla burpee
Knee-in to V-out,"The knee-in to V-out is a bodyweight abdominal exercise performed on the floor. It is similar to both the reverse crunch and the V-up exercise, but combines elements of both. It primarily targets the muscles of the rectus abdominis, or “six-pack” muscles. It can be performed for reps or time, either as part of an ab-focused workout or as a component of a circuit workout.",strength,abdominals,body only,intermediate,7.9,Knee-in to V-out
Bear crawl push-up,"The bear crawl push-up is a variation of the bear crawl hold with a push-up added. It adds an extra coordination and shoulder challenge to an already intense full-body movement that targets the cardiovascular system as well as a wide range of muscle groups, the shoulders, core, and legs in particular. It can be done as a full-body warm-up, or as part of a bodyweight circuit or flow.",strength,abdominals,body only,intermediate,7.9,Bear crawl dorongan-up
FYR Front Step,,strength,abdominals,body only,intermediate,7.9,FYR depan Step
Plank reach,"The plank reach is an exercise targeting the entire core, particularly the oblique muscles. It resembles a plank exercise, but the primary difference is that the lifter extends their arms forward, one at time. The core, especially the obliques, must work hard to maintain stability. It can be performed for time, with holds in the reaching position, or for reps.",strength,abdominals,body only,intermediate,7.9,plank reach
Eiffel Tower leg raise,"The Eiffel Tower leg raise is a bodyweight exercise targeting the muscles of the abs, the rectus abdominis or “six-pack” muscles in particular. It is similar to a V-up, but with the added challenge of “drawing” a pyramid shape in the air with the legs during each rep. It can be performed for time or reps in the core-focused portion of any workout.",strength,abdominals,body only,intermediate,7.9,Eiffel Tower kaki angkat
Straight-arm plank,"The straight-arm plank is an exercise targeting the core muscles. It is basically the top of a push-up position, with elbows fully extended and palms on the floor. The position is held for time to target the muscles of the core, as well as the shoulders.",strength,abdominals,body only,intermediate,7.9,Straight-lengan plank
Plank up-down,"The plank up-down is a variation of the plank push-up that ends in an elbow plank rather than with the chest on the ground. It involves transitioning between the two positions one arm at a time, rather than two. It puts more stress on the triceps and core than traditional planks. It can be performed for time or reps in any bodyweight workout or during the core-focused portion of any workout.",strength,abdominals,body only,intermediate,7.9,plank up-down
Frog kick,"The frog kick is an explosive bodyweight movement that involves hopping the rear legs up and forward from a straight-arm plank position. It targets the legs, core, and shoulders, but is also a high-intensity conditioning movement that will raise core body temperature and burn serious calories. It can be performed for time or reps as part of any athleticism-focused or fat-loss circuit or workout.",strength,abdominals,body only,intermediate,7.9,Frog kick
FYR Knees to Chest,"The hollow-body alternating knee-to-chest is a core exercise that involves bending the legs while holding the hips and shoulder blades off the ground. It targets the rectus abdominis or ""six-pack"" muscles. It can be performed for time or reps in the ab-focused portion of any workout.",strength,abdominals,body only,intermediate,7.9,FYR Knees to dada
Front kick-through,"The front kick-through is a full-body movement that involves moving the legs from a bear crawl position to a balanced one-legged stance. It is commonly performed for reps or time in bodyweight circuits and animal-style flows, but can also work on its own or as part of a dynamic warm-up or mobility sequence.",strength,abdominals,body only,intermediate,7.9,depan kick-through
FYR Sit-Up,"The sit-up is a popular bodyweight exercise focused on the abdominal muscles. It has also been used as part of military, tactical, and scholastic fitness tests for many years. It can be performed for time or reps, with the feet anchored or free, on flat ground or a bench.",strength,abdominals,body only,intermediate,7.9,FYR sit-up
FYR Leg Lift,The seated leg lift is a bodyweight exercise targeting the muscles of the core and hip flexors. It can be performed for time or reps in the core-focused portion of any workout.,strength,abdominals,body only,intermediate,7.9,FYR kaki angkat
TBS Toes-to-bar,"The hanging toes-to-bar is an advanced abdominal exercise in which the lifter touches their feet to a pull-up bar. There are many ways to perform this movement: strict or swinging, arms completely straight or slightly bent, legs straight or bent, each providing unique benefits and challenges. Initially, it may be a difficult move to do for a single rep, but once you build the requisite core, lat, and shoulder strength, it can be performed for higher reps.",strength,abdominals,body only,intermediate,7.9,TBS Toes-to-bar
FYR Mountain Climber,"The mountain climber is a popular bodyweight exercise targeting the muscles of the core, as well as the shoulders, hips, and cardiovascular system. It involves lifting one knee to the chest at a time from a straight-arm plank position. It can be performed for time or reps as part of a dynamic warm-up, for bodyweight cardio or conditioning, or as no-equipment dynamic core training.",strength,abdominals,body only,intermediate,7.9,FYR pendaki gunung
Roman Chair Side Ups,,strength,abdominals,body only,intermediate,7.9,Roman Chair samping Ups
Push-Up Roll Out - Gethin Variation,,strength,abdominals,body only,intermediate,7.9,dorongan-up Roll Out - Gethin Variation
Cross-Body Crunch - Gethin Variation,"The cross-body sit-up is a bodyweight exercise targeting the ab muscles, the obliques and rectus abdominis or ""six-pack"" muscles in particular. It involves bringing the opposite-side knee and elbow together, usually alternating sides with each rep. It can be performed for time or reps as part of the ab-focused portion of any workout.",strength,abdominals,body only,intermediate,7.9,Cross-Body crunch - Gethin Variation
Decline leg lift with twist,"The decline leg lift with twist is a bodyweight core exercise targeting the obliques and rectus abdominis or ""six-pack"" muscles, particularly the lower abs. It can be performed for time or for reps as part of the core-focused portion of any workout or circuit.",strength,abdominals,body only,intermediate,7.9,menurun kaki angkat with putaran
Hanging Leg Raise - Variation Gethin,"The hanging leg raise is an exercise targeting the abs and hip flexors. Instead of resting the forearms on the pads of apparatus, hang from a bar. It can be performed for time or reps in the ab-focused portion of any workout.",strength,abdominals,body only,intermediate,7.9,angkat kaki menggantung - Variation Gethin
Butterfly crunch,"The butterfly crunch is a popular bodyweight exercise that targets the rectus abdominis, or ""six-pack"" muscles. It gets its name from the position of the elbows and knees, both of which are bent out like wings. It can be performed for time or reps as part of any abs-focused circuit or workout.",strength,abdominals,body only,intermediate,7.9,Butterfly crunch
Cross-body mountain climber,"The cross-body mountain climber is a popular bodyweight exercise targeting the muscles of the core, as well as the shoulders, hips, and cardiovascular system. It is different from a traditional mountain climber because you bring the knee to the opposite side of the body rather than simply to the chest. It can be performed for time or reps as part of a dynamic warm-up, for bodyweight cardio or conditioning, or as no-equipment dynamic core training.",strength,abdominals,body only,intermediate,7.9,Cross-body pendaki gunung
Flat Bench Lying Leg Raise - Gethin Variation,"The lying leg lift is a popular bodyweight exercise targeting the muscles of the abs, the rectus abdominis or “six-pack” muscles in particular. It can be performed for time or reps in the core-focused portion of any workout.",strength,abdominals,body only,intermediate,7.9,Flat bangku angkat kaki berbaring - Gethin Variation
Lying leg lift,"The lying leg lift is a popular bodyweight exercise targeting the muscles of the abs, the rectus abdominis or “six-pack” muscles in particular. It can be performed for time or reps in the core-focused portion of any workout.",strength,abdominals,body only,intermediate,7.9,berbaring kaki angkat
Hanging alternating single-leg raise,"The hanging alternating single-leg raise is an exercise targeting the abs, but which also works the lats and hip flexors. Rather than performing both legs at a time, you lift one and alternate with each rep. Leg raises are often performed for moderate to high reps, such as 8-12 reps or more, as part of ab-focused training. However, this difficult variation may require some time to build up to those rep ranges.",strength,abdominals,body only,intermediate,7.9,menggantung bergantian single-kaki angkat
Plank Walk,,strength,abdominals,body only,intermediate,7.9,plank Walk
Sit-Up - Gethin Variation,"The sit-up is a popular bodyweight exercise focused on the abdominal muscles. It has also been used as part of military, tactical, and scholastic fitness tests for many years. It can be performed for time or reps, with the feet anchored or free, on flat ground or a bench.",strength,abdominals,body only,intermediate,7.9,sit-up - Gethin Variation
Plank Push-Up,"The plank up-down is a variation of the plank push-up that ends in an elbow plank rather than with the chest on the ground. It involves transitioning between the two positions one arm at a time, rather than two. It puts more stress on the triceps and core than traditional planks. It can be performed for time or reps in any bodyweight workout or during the core-focused portion of any workout.",strength,abdominals,body only,intermediate,7.9,plank dorongan-up
Decline crunch-,"The decline crunch is a popular bodyweight exercise targeting the rectus abdominis or ""six-pack"" muscles, particular the upper abs. It is usually performed for high reps, such as 10-15 reps per set or more, as part of the ab-focused portion of a workout.",strength,abdominals,body only,intermediate,7.9,menurun crunch-
Alternating lying leg raise,"The alternating lying leg lift is a popular bodyweight exercise targeting the muscles of the abs, the rectus abdominis or “six-pack” muscles in particular. It can be performed for time or reps in the core-focused portion of any workout.",strength,abdominals,body only,intermediate,7.9,bergantian angkat kaki berbaring
Decline leg lift,"The decline leg lift is a popular bodyweight core exercise targeting the rectus abdominis or ""six-pack"" muscles, particularly the lower abs. It can be performed for time or for reps as part of the core-focused portion of any workout or circuit.",strength,abdominals,body only,intermediate,7.9,menurun kaki angkat
Crunch - Gethin Variation,"The crunch is a popular core exercise targeting the rectus abdominis, or ""six-pack"" muscles, as well as the obliques. It has been the centerpiece of many ab-focused workouts, due to both its simplicity and the intense burn and mind-muscle connection it produces. It can be performed for time or reps as part of the ab-focused portion of any workout.",strength,abdominals,body only,intermediate,7.9,crunch - Gethin Variation
Plank - Gethin Variation,"The elbow plank is a popular isometric abdominal exercise. It is common in all types of exercise programs, as well as in group fitness and yoga classes. It targets the muscles of the core, the deep core or transversus abdominis in particular. It is also often prescribed for time to help back pain or to teach proper bracing.",strength,abdominals,body only,intermediate,7.9,plank - Gethin Variation
Barbell floor wiper,"The barbell floor wiper is a core exercise in which the barbell is held in the locked-out position of a floor press, and the hips and legs are rotated side to side. It targets the oblique muscles of the lateral abdomen, but is also seriously challenging to the deep core and rectus abdominis or ""six-pack"" muscles.",strength,abdominals,body only,intermediate,7.9,barbell floor wiper
Prison Push-Up,,strength,abdominals,body only,intermediate,7.9,Prison dorongan-up
McGill Modified Curl-Up,,strength,abdominals,body only,intermediate,7.9,McGill modifikasi tekukan-Up
Cross-body toe-touch,"The cross-body toe-touch is a version of the toe-touch stretch where instead of both hands reaching down toward both feet, one hand at a time reaches for the opposing foot. It's a common component in dynamic warm-ups for training or sports, but can also be performed for simple flexibility work anytime.",strength,abdominals,body only,intermediate,7.9,Cross-body toe-touch
Toy soldier,"The toy soldier is a calisthenics exercise targeting the hip flexors and legs, which are kicked up one at a time. When each leg is at the top of the kick, the opposing hand touches that foot. It's a common warm-up exercise before athletics, but can also help raise core temperature and mobilize a wide range of muscles and joints prior to training.",strength,abdominals,body only,intermediate,7.9,Toy soldier
Natural Glute Ham Raise with Stability Ball,,strength,abdominals,body only,intermediate,7.9,Natural bokong Ham angkat with Stability Ball
Lateral ape,"The lateral ape is an exercise focused on the lower body that involves staying in a low squat position as you hop laterally. It can be performed as part of a dynamic warm-up, to improve hip mobility, or as part of a fat-loss or athleticism-focused circuit workout.",strength,abdominals,body only,intermediate,7.9,Lateral ape
Hollow-body knee tuck,"The hollow-body knee tuck is a bodyweight abdominal exercise performed on the floor. It is similar to both the hollow-body hold and the knee tuck or reverse crunch, combining elements of both. It primarily targets the muscles of the rectus abdominis, or “six-pack” muscles. It can be performed for reps or time, either as part of an ab-focused workout or as a component of a circuit workout.",strength,abdominals,body only,intermediate,7.9,Hollow-body knee tuck
HM Air Jumping Rope,,strength,abdominals,body only,intermediate,7.9,HM Air Jumping tali
HM Alternating Lunge Reach,,strength,abdominals,body only,intermediate,7.9,HM bergantian lunge Reach
HM Alternating Side Plank Reach,,strength,abdominals,body only,intermediate,7.9,HM bergantian plank samping Reach
HM Superman Plank,,strength,abdominals,body only,intermediate,7.9,HM Superman plank
HM Table Pose,,strength,abdominals,body only,intermediate,7.9,HM Table Pose
HM Toe Touch,,strength,abdominals,body only,intermediate,7.9,HM Toe Touch
HM Right Side Bird-Dog,,stretching,abdominals,body only,intermediate,7.9,HM Right samping Bird-Dog
HM Right Side Crunch,,strength,abdominals,body only,intermediate,7.9,HM Right samping crunch
HM Bicycle,,strength,abdominals,body only,intermediate,7.9,HM Bicycle
HM Bird-Dog Plank,,strength,abdominals,body only,intermediate,7.9,HM Bird-Dog plank
HM Boat Pose,,strength,abdominals,body only,intermediate,7.9,HM Boat Pose
HM Bottoms Up,,strength,abdominals,body only,intermediate,7.9,HM Bottoms Up
HM Bridge,,strength,abdominals,body only,intermediate,7.9,HM Bridge
HM Running Man Crunch,,cardio,abdominals,body only,intermediate,7.9,HM Running Man crunch
HM Seated Twist,,strength,abdominals,body only,intermediate,7.9,HM duduk putaran
HM Side-Bend Pose,,strength,abdominals,body only,intermediate,7.9,HM samping-Bend Pose
HM Side-Plank Arm Wrap,,strength,abdominals,body only,intermediate,7.9,HM samping-plank lengan Wrap
HM Side-Plank with Hip Touch,,strength,abdominals,body only,intermediate,7.9,HM samping-plank with pinggul Touch
HM Side-Plank with Kick,,strength,abdominals,body only,intermediate,7.9,HM samping-plank with Kick
HM Side V-Up,,strength,abdominals,body only,intermediate,7.9,HM samping V-Up
HM Crab Crunch,,strength,abdominals,body only,intermediate,7.9,HM Crab crunch
HM Cross-Over Crunch,,strength,abdominals,body only,intermediate,7.9,HM Cross-Over crunch
HM Crunch Pulse,,strength,abdominals,body only,intermediate,7.9,HM crunch Pulse
HM Dead Bug,,strength,abdominals,body only,intermediate,7.9,HM Dead Bug
HM Single-Leg Inchworm,,strength,abdominals,body only,intermediate,7.9,HM Single-kaki Inchworm
HM Floor Jack,,strength,abdominals,body only,intermediate,7.9,HM Floor lompat jack
HM Floor Wiper,,strength,abdominals,body only,intermediate,7.9,HM Floor Wiper
HM Floor Kick,,strength,abdominals,body only,intermediate,7.9,HM Floor Kick
HM Sit-Up,,strength,abdominals,body only,intermediate,7.9,HM sit-up
HM Slow Mountain Climber,,strength,abdominals,body only,intermediate,7.9,HM Slow pendaki gunung
HM Slow Sit-Up,,strength,abdominals,body only,intermediate,7.9,HM Slow sit-up
HM Half-Up,,strength,abdominals,body only,intermediate,7.9,HM Half-Up
HM Hollow-Body Pulse,,strength,abdominals,body only,intermediate,7.9,HM Hollow-Body Pulse
HM Hollow Hold,,strength,abdominals,body only,intermediate,7.9,HM Hollow tahan
HM Inchworm,,strength,abdominals,body only,intermediate,7.9,HM Inchworm
HM Right Side Hollow Hold with Pulse,,strength,abdominals,body only,intermediate,7.9,HM Right samping Hollow tahan with Pulse
HM Reverse Crunch with Frisbee,,strength,abdominals,body only,intermediate,7.9,HM Reverse crunch with Frisbee
HM Left Side Bird-Dog,,strength,abdominals,body only,intermediate,7.9,HM Left samping Bird-Dog
HM Left Side Crunch,,strength,abdominals,body only,intermediate,7.9,HM Left samping crunch
HM Left Side Hollow Hold With Pulse,,strength,abdominals,body only,intermediate,7.9,HM Left samping Hollow tahan With Pulse
HM Reverse Crunch,,strength,abdominals,body only,intermediate,7.9,HM Reverse crunch
HM Low Lunge With External Twist And Arm Reach,,strength,abdominals,body only,intermediate,7.9,HM Low lunge With External putaran And lengan Reach
HM Mountain Climber,,strength,abdominals,body only,intermediate,7.9,HM pendaki gunung
HM Prison Sit-Up,,strength,abdominals,body only,intermediate,7.9,HM Prison sit-up
HM Plank Alternating Hip-Dip,,strength,abdominals,body only,intermediate,7.9,HM plank bergantian pinggul-Dip
HM Tuck-Up Get-Up,,strength,abdominals,body only,intermediate,7.9,HM Tuck-Up Get-Up
HM Flutter Kick,,strength,abdominals,body only,intermediate,7.9,HM Flutter Kick
HM Plank,,strength,abdominals,body only,intermediate,7.9,HM plank
McGill Pull-Up,,strength,abdominals,body only,intermediate,7.9,McGill tarikan-up
AM Leg Lift,"The captain's chair leg raise is an exercise that targets the abs and hip flexors. It involves an apparatus that allows the forearms to rest on pads and the upright torso to hang freely. Unlike the Captain’s chair knee raise, the legs are straight here.",strength,abdominals,body only,intermediate,7.9,AM kaki angkat
AM Decline Abs,"The decline sit-up is a core exercise that works the iliopsoas, quads, hip flexors, and adductors. The rectus abdominis and obliques are the stabilizers in this movement.",strength,abdominals,body only,intermediate,7.9,AM menurun Abs
Hanging crunch,"The hanging crunch an abdominal exercise that targets the rectus abdominis or ""six-pack"" muscles. It can be performed hanging from a bar, on a dip station or parallel bars, or if grip strength is a limitation, by placing the elbows in ab straps. If hanging from a straight bar is uncomfortable to the wrists or shoulders, you can also perform them hanging with a neutral grip (palms facing one another). It is similar to a hanging knee raise, but with more spinal curling and a more pronounced ""crunch"" at the top.",strength,abdominals,body only,intermediate,7.9,menggantung crunch
Tyler Holt Hanging Toes-To-Bar,,strength,abdominals,body only,intermediate,7.9,Tyler Holt menggantung Toes-To-Bar
Side plank,"The side plank is a popular isometric abdominal exercise focusing on the oblique muscles, as well as the transversus abdominis or deep core muscles. It is sometimes paired with the curl up and bird dog as the “McGill big three” for core strength and stability. It is performed for time and can work in a warm-up or in the core-focused portion of any workout.",strength,abdominals,body only,intermediate,7.9,plank samping
Bird dog-,"The bird dog is a core exercise designed to help strengthen and stabilize the posterior chain. It involves lifting an opposite-side arm and leg while in a bent-leg tabletop position. It is most commonly performed as part of a dynamic warm-up, or for mobility and muscle activation anytime.",strength,abdominals,body only,intermediate,7.9,Bird dog-
Single-leg curl up,"The single-leg curl up is a bodyweight abdominal movement that teaches and reinforces abdominal “bracing” for strength training. It is usually performed along with variations of the bird dog and side plank as the “McGill big three.” The curl up can be performed for time or for reps, with or without pauses at the top position, as part of a warm-up or the core-focused component of any workout.",strength,abdominals,body only,intermediate,7.9,Single-kaki tekukan up
Single-kettlebell windmill,"The single-kettlebell windmill is a dynamic kettlebell exercise emphasizing core strength and shoulder and hip mobility and stability. It is often used as a functional warm-up or for multi-directional strength work. It doesn't work as well in a metcon or conditioning setting, and shouldn't be performed under intense fatigue.",strength,abdominals,body only,intermediate,7.9,Single-kettlebell windmill
UNS Foam Roll Thigh,,strength,abdominals,body only,intermediate,7.9,UNS Foam Roll Thigh
UNS Inverted row,,strength,abdominals,body only,intermediate,7.9,UNS Inverted tarikan
UNS T-spine rotation with reach,,strength,abdominals,body only,intermediate,7.9,UNS T-spine rotation with reach
UNS Quadruped thoracic rotation,,strength,abdominals,body only,intermediate,7.9,UNS Quadruped thoracic rotation
UNS Pec stretch,,strength,abdominals,body only,intermediate,7.9,UNS Pec stretch
UNS Lat stretch,,strength,abdominals,body only,intermediate,7.9,UNS Lat stretch
UNS Foam Roll,,strength,abdominals,body only,intermediate,7.9,UNS Foam Roll
UNS Foam Roll Lats,,strength,abdominals,body only,intermediate,7.9,UNS Foam Roll Lats
UNS Rocking Adductor Stretch,,strength,abdominals,body only,intermediate,7.9,UNS Rocking Adductor Stretch
UNS Bird Dog,,strength,abdominals,body only,intermediate,7.9,UNS Bird Dog
UNS Jumping Jack,,strength,abdominals,body only,intermediate,7.9,UNS lompat lompat jack
Ab wheel roll-out,The ab wheel roll-out is an exercise targeting the abdominals using an inexpensive wheel device with a handle on either side. Many trainers and strength coaches claim it's one of the best exercises for developing strength in the midsection. Beginners may have to start with a limited range of motion or just wheel planks.,strength,abdominals,body only,intermediate,7.9,Ab wheel roll-out
Bench mountain climber,"The bench mountain climber is a bodyweight exercise that works the core, shoulders, and lower body while burning a lot of calories. Placing the hands on an elevated surface such as a bench decreases the challenge to the shoulders, allowing lifters to focus their work on the other body parts. Mountain climber variations are usually performed at a fast pace for moderate to high reps, such as 8-12 reps per leg or more.",strength,abdominals,body only,intermediate,7.9,bangku pendaki gunung
Feet-elevated bench side plank,"The feet-elevated bench side plank is an advanced version of the side plank performed with the feet elevated on a bench. It targets the same muscles as the side plank, including the obliques, shoulders, and lateral hips, but the body angle makes it more difficult than side planks on the floor. Most lifters will need to progress to this version after mastering the basic side plank first.",strength,abdominals,body only,intermediate,7.9,Feet-elevated bangku plank samping
Cross-body sit-up,"The cross-body sit-up is a bodyweight exercise targeting the ab muscles, the obliques and rectus abdominis or ""six-pack"" muscles in particular. It involves bringing the opposite-side knee and elbow together, usually alternating sides with each rep. It can be performed for time or reps as part of the ab-focused portion of any workout.",strength,abdominals,body only,intermediate,7.9,Cross-body sit-up
Decline kayak,"The decline kayak is a core exercise targeting the obliques. It involves making a paddling motion on a decline bench with the feet anchored, using a bar or pipe for weight. It is usually performed for moderate to high reps, at least 8-12 reps per side, as part of the ab-focused portion of a workout or circuit.",strength,abdominals,body only,intermediate,7.9,menurun kayak
30 Decline Reverse Crunch,The decline reverse crunch is a core exercise targeting the lower abdominals.,strength,abdominals,body only,intermediate,7.9,30 menurun Reverse crunch
Decline sit-up twist,"The decline sit-up twist is a bodyweight core exercise that targets the obliques, as well as the rectus abdominis or ""six pack"" muscles. Sit-up variations are usually performed for moderate to high reps, such as 10-15 reps per set or more, as part of the core-focused portion of a workout.",strength,abdominals,body only,intermediate,7.9,menurun sit-up putaran
30 Flat Bench Leg Raise,"The lying leg lift is a popular bodyweight exercise targeting the muscles of the abs, the rectus abdominis or “six-pack” muscles in particular. It can be performed for time or reps in the core-focused portion of any workout.",strength,abdominals,body only,intermediate,7.9,30 Flat bangku kaki angkat
30 Flutter Kick,"The flutter kick is a core exercise where the legs are held off the ground as you flutter your feet over and under each other in small motions. It targets multiple muscles of the core, but particularly the rectus abdominis or ""six-pack"" muscles. It can be performed for time or reps in the ab-focused portion of any workout.",strength,abdominals,body only,intermediate,7.9,30 Flutter Kick
Chin-up crunch,The chin-up crunch is an exercise targeting the core and overall upper-body strength. It combines a chin-up with a knee raise or crunch to give extra emphasis to the core.,strength,abdominals,body only,intermediate,7.9,chin-up crunch
30 Gorilla Chin Oblique Crunch,,strength,abdominals,body only,intermediate,7.9,30 Gorilla Chin Oblique crunch
Half Turkish get-up,"The half Turkish get-up is a kettlebell movement that focuses on the first portion of the Turkish get-up exercise. It is often taught as a precursor to the full Turkish get-up, but is also a valuable abdominal and shoulder exercise in its own right. It can be performed for reps or time, either in lower rep ranges for strength or higher rep ranges for technique practice or conditioning.",strength,abdominals,body only,intermediate,7.9,Half Turkish get-up
30 Hanging Oblique Crunch,"The hanging oblique crunch an abdominal exercise that targets both the rectus abdominus or “six-pack” muscles, and the oblique muscles. It can be performed hanging from a bar, or if grip strength is a limitation, by placing the elbows in ab straps. If hanging from a straight bar is uncomfortable to the wrists or shoulder, you can also perform them hanging with a neutral grip (palms facing one another)",strength,abdominals,body only,intermediate,7.9,30 menggantung Oblique crunch
30 Hollow-Body Hold,"The hollow-body hold is an isometric exercise that increases strength and stability in the core muscles. It is common in gymnastics training, CrossFit training, and as a core tension and bracing drill for lifters and athletes of all types. It is performed for time and can be performed as an activation drill prior to lifting, as part of a circuit, or as equipment-free core training anytime.",strength,abdominals,body only,intermediate,7.9,30 Hollow-Body tahan
Parallel bars knee raise,"The parallel bars knee raise is a bodyweight exercise that targets the abs. It is performed on parallel bars, starting in the top position of a dip. Knee raises are often performed for moderate to high reps, such as 8-12 reps or more, as part of ab-focused training.",strength,abdominals,body only,intermediate,7.9,Parallel bars knee angkat
30 Landmine Twist,"The landmine twist is a rotational abdominal movement performed utilizing an angled barbell anchored at floor level in a landmine device. It can also be performed by sticking a barbell in the corner of a room, preferably in a towel to protect the walls. It targets the deep muscles of the core, including both the obliques and the transversus abdominus. It can be done fast or slow, for time or reps, either in traditional muscle-focused rep ranges such as 8-12 reps per side.",strength,abdominals,body only,intermediate,7.9,30 Landmine putaran
Parallel bars leg raise,"The parallel bars leg raise is a bodyweight exercise that targets the abs. It is performed on parallel bars, starting in the top position of a dip. Leg raises are often performed for moderate to high reps, such as 8-12 reps or more, as part of ab-focused training. However, this difficult variation may require some time to build up to those rep ranges.",strength,abdominals,body only,intermediate,7.9,Parallel bars kaki angkat
Otis-up-,"The Otis-up is a weighted exercise focusing on the abdominal muscles and the shoulders to a lesser degree. It primarily targets the rectus abdominis or ""six-pack"" muscles, but also involves the obliques and deep core muscles. It is normally performed on a decline bench holding a weight plate, but can also be performed with a dumbbell, kettlebell, or other weight.",strength,abdominals,body only,intermediate,7.9,Otis-up-
30 Shoulder Tap,"The shoulder tap is an exercise targeting the abdominals and core. The basic stance matches the top of a push-up position. From there, one hand is raised to tap its opposing shoulder. A tap with each hand to each opposing shoulder equals one rep.",strength,abdominals,body only,intermediate,7.9,30 bahu Tap
30 Spider Crawl,"The spider crawl is a bodyweight exercise that involves crawling on the floor with the knees outside of the elbows. It is different from a leopard crawl in that the hips are higher, and it's different from a bear crawl because the knees are wider. It can be done as a full-body warm-up, in short bursts for power or circuit training, or for longer durations as cardiovascular conditioning.",strength,abdominals,body only,intermediate,7.9,30 Spider Crawl
Spider crunch,"The spider crunch is a core exercise that begins in a straight-arm plank position and involves raising one knee toward your same-side elbow to target the obliques. It is similar to a mountain climber, but with the knees out wider. It can be performed for time or reps as bodyweight ab training or conditioning.",strength,abdominals,body only,intermediate,7.9,Spider crunch
Toe-touch,"The toe-touch is a bodyweight movement that targets the muscles of the abs, the rectus abdominis or ""six-pack"" muscles in particular. It can be performed for time or reps in the ab-focused portion of any workout.",strength,abdominals,body only,intermediate,7.9,Toe-touch
30 Hanging Toes-To-Bar,"The hanging toes-to-bar is an advanced abdominal exercise in which the lifter touches their feet to a pull-up bar. There are many ways to perform this movement: strict or swinging, arms completely straight or slightly bent, legs straight or bent, each providing unique benefits and challenges. Initially, it may be a difficult move to do for a single rep, but once you build the requisite core, lat, and shoulder strength, it can be performed for higher reps.",strength,abdominals,body only,intermediate,7.9,30 menggantung Toes-To-Bar
30 V-Up,"The V-up is a bodyweight movement that targets the muscles of the abs, the rectus abdominis or ""six-pack"" muscles in particular. It is similar to a suitcase crunch, but the lower back lifts off the ground at the top of each rep. It can be performed for time or reps in the ab-focused portion of any workout.",strength,abdominals,body only,intermediate,7.9,30 V-Up
Cocoon crunch,"The cocoon crunch is a bodyweight exercise targeting the ab muscles, the rectus abdominis or ""six-pack"" muscles in particular. It involves bringing your knees to your chest and your arms from overhead to center. It can be performed for time or reps as part of the ab-focused portion of any workout.",strength,abdominals,body only,intermediate,7.9,Cocoon crunch
Bench oblique crunch,"The bench oblique crunch is an exercise that targets the obliques, the muscles running alongside the rectus abdominis. The range of motion is fairly small, but it still does a great job of working these hard-to-isolate muscles. Like most crunch variations, it is usually performed for moderate to high reps, such as 8-12 reps per set or more.",strength,abdominals,body only,intermediate,7.9,bangku oblique crunch
Full moon-,"The full moon is a bodyweight exercise targeting the muscles of the abs. It is similar to a V-up, but with the added challenge of “drawing” a circle shape in the air during each rep. It can be performed for time or reps in the core-focused portion of any workout.",strength,abdominals,body only,intermediate,7.9,Full moon-
Push-up to side plank,"The push-up to side plank is an upper-body and core-focused exercise combining two popular bodyweight movements. It targets the chest, triceps, and shoulders with the push-up, and the obliques and hip external rotator muscles with the side plank. It can be performed as part of a dynamic warm-up or any bodyweight strength-training workout.",strength,abdominals,body only,intermediate,7.9,dorongan-up to plank samping
Tyler Holt V-Up,,strength,abdominals,body only,intermediate,7.9,Tyler Holt V-Up
Tyler Holt Plank,,strength,abdominals,body only,intermediate,7.9,Tyler Holt plank
Tyler Holt Hip-Dip,,strength,abdominals,body only,intermediate,7.9,Tyler Holt pinggul-Dip
Suicides,,strength,abdominals,body only,intermediate,7.9,Suicides
Holman Towel Straight Plank Jack,,strength,abdominals,body only,intermediate,7.9,Holman Towel Straight plank lompat jack
Holman Towel Hill Climber,,strength,abdominals,body only,intermediate,7.9,Holman Towel Hill Climber
Holman Towel Elbow Plank Jack,,strength,abdominals,body only,intermediate,7.9,Holman Towel Elbow plank lompat jack
Holman Towel Elbow Plank Pike,,strength,abdominals,body only,intermediate,7.9,Holman Towel Elbow plank Pike
Holman Towel Straight Plank Hand Reach,,strength,abdominals,body only,intermediate,7.9,Holman Towel Straight plank Hand Reach
Holman Towel Wax-On Wax-Off,,strength,abdominals,body only,intermediate,7.9,Holman Towel Wax-On Wax-Off
Holman Towel Wide Hill Climber,,strength,abdominals,body only,intermediate,7.9,Holman Towel Wide Hill Climber
Holman Towel Dirty Dog,,strength,abdominals,body only,intermediate,7.9,Holman Towel Dirty Dog
Holman Straight Plank Shoulder Tap,,strength,abdominals,body only,intermediate,7.9,Holman Straight plank bahu Tap
Holman Killer Abs,,strength,abdominals,body only,intermediate,7.9,Holman Killer Abs
Holman Straight Plank Split Jack,,strength,abdominals,body only,intermediate,7.9,Holman Straight plank Split lompat jack
Holman Elbow Plank Swim,,strength,abdominals,body only,intermediate,7.9,Holman Elbow plank Swim
Holman Elbow Plank Saw,,strength,abdominals,body only,intermediate,7.9,Holman Elbow plank Saw
Holman Feet-Elevated Straight Plank Toe-Tap Series,,strength,abdominals,body only,intermediate,7.9,Holman Feet-Elevated Straight plank Toe-Tap Series
Holman Elbow Plank Pike Pull,,strength,abdominals,body only,intermediate,7.9,Holman Elbow plank Pike tarikan
Holman Hand-Elevated Walk-Over Push-Up,,strength,abdominals,body only,intermediate,7.9,Holman Hand-Elevated Walk-Over dorongan-up
Holman Hands-Elevated Hill Climber,,strength,abdominals,body only,intermediate,7.9,Holman Hands-Elevated Hill Climber
Holman Seated Pike,,strength,abdominals,body only,intermediate,7.9,Holman duduk Pike
Holman Feet-Elevated Up-Down Plank,,strength,abdominals,body only,intermediate,7.9,Holman Feet-Elevated Up-Down plank
Holman Feet-Elevated Hand Tap,,strength,abdominals,body only,intermediate,7.9,Holman Feet-Elevated Hand Tap
Holman Reverse Straight Plank with Alternating Heel Pull-In,,strength,abdominals,body only,intermediate,7.9,Holman Reverse Straight plank with bergantian Heel tarikan-In
Holman Elbow Plank,,strength,abdominals,body only,intermediate,7.9,Holman Elbow plank
Holman Straight Plank Squat Thrust,,strength,abdominals,body only,intermediate,7.9,Holman Straight plank squat Thrust
Holman Alternating Single-Leg Pike,,strength,abdominals,body only,intermediate,7.9,Holman bergantian Single-kaki Pike
Holman Knee Pull-In Crunch,,strength,abdominals,body only,intermediate,7.9,Holman Knee tarikan-In crunch
Holman Straight Plank with Hand Tap,,strength,abdominals,body only,intermediate,7.9,Holman Straight plank with Hand Tap
Holman Straight Plank with Dirty Dog,,strength,abdominals,body only,intermediate,7.9,Holman Straight plank with Dirty Dog
Holman Elbow Plank Roll,,strength,abdominals,body only,intermediate,7.9,Holman Elbow plank Roll
Holman Froggy Push-Up,,strength,abdominals,body only,intermediate,7.9,Holman Froggy dorongan-up
Holman Straight Plank Hand Tap to Shoulder Tap,,strength,abdominals,body only,intermediate,7.9,Holman Straight plank Hand Tap to bahu Tap
Holman In-Out Straight Plank,,strength,abdominals,body only,intermediate,7.9,Holman In-Out Straight plank
Holman Bicycle,,strength,abdominals,body only,intermediate,7.9,Holman Bicycle
Holman Alternating Diagonal Knee Pull-in,,strength,abdominals,body only,intermediate,7.9,Holman bergantian Diagonal Knee tarikan-in
Holman Elbow Plank with Step-Out,,strength,abdominals,body only,intermediate,7.9,Holman Elbow plank with Step-Out
Holman Alternating Slow L-Raise,,strength,abdominals,body only,intermediate,7.9,Holman bergantian Slow L-angkat
Holman Feet-Elevated Plank with Shoulder Tap,,strength,abdominals,body only,intermediate,7.9,Holman Feet-Elevated plank with bahu Tap
Holman Feet-Elevated Inchworm Pike to Straight Plank Push-Up,,strength,abdominals,body only,intermediate,7.9,Holman Feet-Elevated Inchworm Pike to Straight plank dorongan-up
Holman Feet-Elevated Up-Down Elbow Plank,,strength,abdominals,body only,intermediate,7.9,Holman Feet-Elevated Up-Down Elbow plank
Holman Feet-Elevated Plank Pike Pull,,strength,abdominals,body only,intermediate,7.9,Holman Feet-Elevated plank Pike tarikan
Holman Feet-Elevated Alternating Single-Leg Hip Raise,,strength,abdominals,body only,intermediate,7.9,Holman Feet-Elevated bergantian Single-kaki pinggul angkat
Holman Feet-Elevated Plank Pike Pull to Push-Up,,strength,abdominals,body only,intermediate,7.9,Holman Feet-Elevated plank Pike tarikan to dorongan-up
Holman Standing Heel Click,,strength,abdominals,body only,intermediate,7.9,Holman berdiri Heel Click
Holman Straight Plank Right-Left Jack to Split Jack,,strength,abdominals,body only,intermediate,7.9,Holman Straight plank Right-Left lompat jack to Split lompat jack
Holman Elbow Plank Jack to Ninja Knees,,strength,abdominals,body only,intermediate,7.9,Holman Elbow plank lompat jack to Ninja Knees
Holman Right Side Elbow Plank with Left Leg Swing,,strength,abdominals,body only,intermediate,7.9,Holman Right samping Elbow plank with Left kaki Swing
Holman Left Side Elbow Plank with Right Leg Swing,,strength,abdominals,body only,intermediate,7.9,Holman Left samping Elbow plank with Right kaki Swing
Holman Straight Plank with Alternating Diagonal Sit-Back,,strength,abdominals,body only,intermediate,7.9,Holman Straight plank with bergantian Diagonal Sit-punggung
Holman Boat Press with Leg Extension,,strength,abdominals,body only,intermediate,7.9,Holman Boat dorongan with ekstensi kaki
Holman Shoulder Tap to Dirty Dog,,strength,abdominals,body only,intermediate,7.9,Holman bahu Tap to Dirty Dog
Holman Standing Russian Twist,,strength,abdominals,body only,intermediate,7.9,Holman berdiri putaran Rusia
Holman Hovering Plank with Shoulder Tap,,strength,abdominals,body only,intermediate,7.9,Holman Hovering plank with bahu Tap
Holman Elbow Plank to Stacked Plank Hip Drop,,strength,abdominals,body only,intermediate,7.9,Holman Elbow plank to Stacked plank pinggul Drop
Holman Elbow Plank to Walk-Up Pike,,strength,abdominals,body only,intermediate,7.9,Holman Elbow plank to Walk-Up Pike
Holman Hill Climber,,strength,abdominals,body only,intermediate,7.9,Holman Hill Climber
Holman Straight Plank Pike to Renegade Row,,strength,abdominals,body only,intermediate,7.9,Holman Straight plank Pike to Renegade tarikan
Holman Alternating Hip Drop to Push-Up,,strength,abdominals,body only,intermediate,7.9,Holman bergantian pinggul Drop to dorongan-up
Holman Crab Kick,,strength,abdominals,body only,intermediate,7.9,Holman Crab Kick
Holman Wounded Bear Crawl,,strength,abdominals,body only,intermediate,7.9,Holman Wounded Bear Crawl
Holman Alternating Crab Reach,,strength,abdominals,body only,intermediate,7.9,Holman bergantian Crab Reach
Holman Hovering Panther Core Stabilizer,,strength,abdominals,body only,intermediate,7.9,Holman Hovering Panther Core Stabilizer
Holman Burpee to Forward Lunge,,strength,abdominals,body only,intermediate,7.9,Holman burpee to Forward lunge
Holman Seated Knee Pull-In Series,,strength,abdominals,body only,intermediate,7.9,Holman duduk Knee tarikan-In Series
Holman Elbow Plank Pike,,strength,abdominals,body only,intermediate,7.9,Holman Elbow plank Pike
Holman Elbow Plank Jack to Straight Plank Split Jack,,strength,abdominals,body only,intermediate,7.9,Holman Elbow plank lompat jack to Straight plank Split lompat jack
Holman Boat Pull-Over,,strength,abdominals,body only,intermediate,7.9,Holman Boat tarikan-Over
Holman Squat Pulse to Plyometric Jump,,strength,abdominals,body only,intermediate,7.9,Holman squat Pulse to Plyometric Jump
Holman Hands Down Heel Click,,strength,abdominals,body only,intermediate,7.9,Holman Hands Down Heel Click
Holman Straight Plank to Kick-Up,,strength,abdominals,body only,intermediate,7.9,Holman Straight plank to Kick-Up
Holman Hands-Elevated Split Jack,,strength,abdominals,body only,intermediate,7.9,Holman Hands-Elevated Split lompat jack
Holman Feet-Elevated Plank Reach,,strength,abdominals,body only,intermediate,7.9,Holman Feet-Elevated plank Reach
Holman Hand-Elevated Side Plank Semicircle,,strength,abdominals,body only,intermediate,7.9,Holman Hand-Elevated plank samping Semicircle
Holman Hands-Elevated Straight Plank Pike,,strength,abdominals,body only,intermediate,7.9,Holman Hands-Elevated Straight plank Pike
Holman Alternating Rolling Elbow Plank,,strength,abdominals,body only,intermediate,7.9,Holman bergantian Rolling Elbow plank
Holman Elbow Plank Jack,,strength,abdominals,body only,intermediate,7.9,Holman Elbow plank lompat jack
Holman Squat Thrust to Alternating Knee-In,,strength,abdominals,body only,intermediate,7.9,Holman squat Thrust to bergantian Knee-In
Holman Supine Double Pike,,strength,abdominals,body only,intermediate,7.9,Holman Supine Double Pike
Holman Elbow Plank Alternating Pike,,strength,abdominals,body only,intermediate,7.9,Holman Elbow plank bergantian Pike
Holman Seated Killer Abs,,strength,abdominals,body only,intermediate,7.9,Holman duduk Killer Abs
Holman Side Plank Hip Drop,,strength,abdominals,body only,intermediate,7.9,Holman plank samping pinggul Drop
Holman Wide Hill Climber,,strength,abdominals,body only,intermediate,7.9,Holman Wide Hill Climber
Holman Straight-Legged Bicycle,,strength,abdominals,body only,intermediate,7.9,Holman Straight-Legged Bicycle
Holman Stair Toe Tap,,strength,abdominals,body only,intermediate,7.9,Holman Stair Toe Tap
Holman Elbow Plank Ninja,,strength,abdominals,body only,intermediate,7.9,Holman Elbow plank Ninja
Holman Traveling Stair Climb Push-Up,,strength,abdominals,body only,intermediate,7.9,Holman Traveling Stair Climb dorongan-up
Holman Hands-Elevated Burpee,,strength,abdominals,body only,intermediate,7.9,Holman Hands-Elevated burpee
Holman Straight Plank Donkey Kick,,strength,abdominals,body only,intermediate,7.9,Holman Straight plank Donkey Kick
Holman Feet-Elevated Straight Plank Pike Pull,,strength,abdominals,body only,intermediate,7.9,Holman Feet-Elevated Straight plank Pike tarikan
Holman Towel Burpee,,strength,abdominals,body only,intermediate,7.9,Holman Towel burpee
Holman Elbow Plank to Alternating Side Plank Crunch,,strength,abdominals,body only,intermediate,7.9,Holman Elbow plank to bergantian plank samping crunch
Holman Straight-Legged Hip Raise,,strength,abdominals,body only,intermediate,7.9,Holman Straight-Legged pinggul angkat
Holman Feet-Elevated Hill Climber,,strength,abdominals,body only,intermediate,7.9,Holman Feet-Elevated Hill Climber
Holman Ninja Knee Hill Climber,,strength,abdominals,body only,intermediate,7.9,Holman Ninja Knee Hill Climber
Holman Feet-Elevated Shoulder Tap,,strength,abdominals,body only,intermediate,7.9,Holman Feet-Elevated bahu Tap
Holman Feet-Elevated Hip Raise,,strength,abdominals,body only,intermediate,7.9,Holman Feet-Elevated pinggul angkat
Holman Left Hand Right Foot Crab Reach,,strength,abdominals,body only,intermediate,7.9,Holman Left Hand Right Foot Crab Reach
Holman Alternating Crab Flip to Froggy Push-Up to Kicks,,strength,abdominals,body only,intermediate,7.9,Holman bergantian Crab Flip to Froggy dorongan-up to Kicks
Holman Right Hand Left Foot Sleeping Crab,,strength,abdominals,body only,intermediate,7.9,Holman Right Hand Left Foot Sleeping Crab
Holman Left Hand Right Foot Sleeping Crab,,strength,abdominals,body only,intermediate,7.9,Holman Left Hand Right Foot Sleeping Crab
Holman Straight Plank with Alternating Leg Kick-Under,,strength,abdominals,body only,intermediate,7.9,Holman Straight plank with bergantian kaki Kick-Under
Holman Right Hip Drop Push-Up,,strength,abdominals,body only,intermediate,7.9,Holman Right pinggul Drop dorongan-up
Holman Right Side Diagonal Burpee,,strength,abdominals,body only,intermediate,7.9,Holman Right samping Diagonal burpee
Holman Left Hip Drop Push-Up,,strength,abdominals,body only,intermediate,7.9,Holman Left pinggul Drop dorongan-up
Holman Right Leg 7-Up Crunch,,strength,abdominals,body only,intermediate,7.9,Holman Right kaki 7-Up crunch
Holman Left Leg 7-Up Crunch,,strength,abdominals,body only,intermediate,7.9,Holman Left kaki 7-Up crunch
Holman Straight Plank Jack,,strength,abdominals,body only,intermediate,7.9,Holman Straight plank lompat jack
Holman Feet-Elevated Couch Hill Climber,,strength,abdominals,body only,intermediate,7.9,Holman Feet-Elevated Couch Hill Climber
Holman Feet-Elevated Right Side Plank,,strength,abdominals,body only,intermediate,7.9,Holman Feet-Elevated Right plank samping
Holman Alternating Up-Down Plank to Push-Up,,strength,abdominals,body only,intermediate,7.9,Holman bergantian Up-Down plank to dorongan-up
Holman Straight Plank Pike,,strength,abdominals,body only,intermediate,7.9,Holman Straight plank Pike
Holman Ninja Knee Straight Plank,,strength,abdominals,body only,intermediate,7.9,Holman Ninja Knee Straight plank
Holman Reverse Crunch to Hip Raise,,strength,abdominals,body only,intermediate,7.9,Holman Reverse crunch to pinggul angkat
Holman Straight Plank Quick Reach,,strength,abdominals,body only,intermediate,7.9,Holman Straight plank Quick Reach
Holman Alternating Diagonal Straight Plank,,strength,abdominals,body only,intermediate,7.9,Holman bergantian Diagonal Straight plank
Holman Feet-Elevated Left Side Plank,,strength,abdominals,body only,intermediate,7.9,Holman Feet-Elevated Left plank samping
Holman Right Hand Left Foot Crab Reach,,strength,abdominals,body only,intermediate,7.9,Holman Right Hand Left Foot Crab Reach
Holman Low-Impact Crab Kick,,strength,abdominals,body only,intermediate,7.9,Holman Low-Impact Crab Kick
Holman Alternating Crab Flip to Froggy Push-Up,,strength,abdominals,body only,intermediate,7.9,Holman bergantian Crab Flip to Froggy dorongan-up
Holman High-Impact Crab Kick,,strength,abdominals,body only,intermediate,7.9,Holman High-Impact Crab Kick
Holman Single-Leg Right Pike,,strength,abdominals,body only,intermediate,7.9,Holman Single-kaki Right Pike
Holman Single-Leg Left Pike,,strength,abdominals,body only,intermediate,7.9,Holman Single-kaki Left Pike
Holman Shoulder Tap to Hand Tap,,strength,abdominals,body only,intermediate,7.9,Holman bahu Tap to Hand Tap
Holman Towel Reverse Plank Jack,,strength,abdominals,body only,intermediate,7.9,Holman Towel Reverse plank lompat jack
Holman Side-to-Side Twist,,strength,abdominals,body only,intermediate,7.9,Holman samping-to-samping putaran
Holman Crab Kick with Hop,,strength,abdominals,body only,intermediate,7.9,Holman Crab Kick with Hop
Holman Crab Reach to Crab Kick,,strength,abdominals,body only,intermediate,7.9,Holman Crab Reach to Crab Kick
Holman Wide Squat Side-to-Side Obliques,,strength,abdominals,body only,intermediate,7.9,Holman Wide squat samping-to-samping Obliques
Holman Side Plank Crunch,,strength,abdominals,body only,intermediate,7.9,Holman plank samping crunch
Total Fitness Ab Tuck,"The hollow-body knee tuck is a bodyweight abdominal exercise performed on the floor. It is similar to both the hollow-body hold and the knee tuck or reverse crunch, combining elements of both. It primarily targets the muscles of the rectus abdominis, or “six-pack” muscles. It can be performed for reps or time, either as part of an ab-focused workout or as a component of a circuit workout.",strength,abdominals,body only,intermediate,7.9,Total Fitness Ab Tuck
Active hang from bar,"The active hang from bar is a static exercise that involves isometrically squeezing the shoulders into the sockets and activating the muscles of the upper back and core. It can be used to improve pull-up form or to do more pull-ups, but also has postural and shoulder health benefits.",strength,abdominals,body only,intermediate,7.9,Active hang from bar
Cat-cow,Cat-cow is a traditional yoga pose that is also popular in fitness and strength training. It targets spinal mobility and control of the vertebral column. It can be performed for time or reps as part of a dynamic warm-up or as a mobility or restorative exercise anytime. It can also work as part of a yoga or bodyweight sequence with other poses.,strength,abdominals,body only,intermediate,7.9,Cat-cow
Crab walk,"The crab walk is a full-body exercise that has been popular in schools and gym classes for decades. It's a full-body coordination challenge that also burns serious calories, making it an excellent inclusion in a full-body warm-up or bodyweight circuit workout.",strength,abdominals,body only,intermediate,7.9,Crab walk
Lunge with overhead reach,The lunge with overhead reach is a full-body bodyweight movement targeting the quads and shoulders. It has both strength and mobility benefits and can be performed one leg at a time or alternating for time or for reps.,strength,abdominals,body only,intermediate,7.9,lunge with overhead reach
Hang from bar,"The hang from bar is a static exercise that involves hanging from a bar by two hands. It can either be an ""active hang,"" where you pack the shoulders and activate the muscles of the upper back, or a ""passive hang,"" where you let the shoulders unpack and let the muscles of the upper body stretch. A passive hang may not be appropriate for all people depending on their shoulder health, but many coaches believe hanging can be healthy for the shoulders when done properly.",strength,abdominals,body only,intermediate,7.9,Hang from bar
Total Fitness Hollow Hold,"The hollow-body hold is an isometric exercise that increases strength and stability in the core muscles. It is common in gymnastics training, CrossFit training, and as a core tension and bracing drill for lifters and athletes of all types. It is performed for time and can be performed as an activation drill prior to lifting, as part of a circuit, or as equipment-free core training anytime.",strength,abdominals,body only,intermediate,7.9,Total Fitness Hollow tahan
Total Fitness Side Plank,"The side plank is a popular isometric abdominal exercise focusing on the oblique muscles, as well as the transversus abdominis or deep core muscles. It is sometimes paired with the curl up and bird dog as the “McGill big three” for core strength and stability. It is performed for time and can work in a warm-up or in the core-focused portion of any workout.",strength,abdominals,body only,intermediate,7.9,Total Fitness plank samping
Side plank pulse,"The side plank pulse is a dynamic version of the side plank exercise focusing on the oblique muscles, as well as the transversus abdominis or deep core muscles. It can be performed for time or reps and can work in a warm-up or in the core-focused portion of any workout.",strength,abdominals,body only,intermediate,7.9,plank samping pulse
Total Fitness Spider Crawl (Unweighted),"The spider crawl is a bodyweight exercise that involves crawling on the floor with the knees outside of the elbows. It is different from a leopard crawl in that the hips are higher, and it's different from a bear crawl because the knees are wider. It can be done as a full-body warm-up, in short bursts for power or circuit training, or for longer durations as cardiovascular conditioning.",strength,abdominals,body only,intermediate,7.9,Total Fitness Spider Crawl (Unweighted)
Total Fitness V-Up,"The V-up is a bodyweight movement that targets the muscles of the abs, the rectus abdominis or ""six-pack"" muscles in particular. It is similar to a suitcase crunch, but the lower back lifts off the ground at the top of each rep. It can be performed for time or reps in the ab-focused portion of any workout.",strength,abdominals,body only,intermediate,7.9,Total Fitness V-Up
MetaBurn Alternating Knee-to-Elbow Mountain Climber,,strength,abdominals,body only,intermediate,7.9,MetaBurn bergantian Knee-to-Elbow pendaki gunung
Alternating sit-through with crunch-,"The alternating sit-through with crunch is a full-body movement that starts in a bear crawl position and ends with a leg kicked out to the side. In between reps, you perform a crunch. It is commonly performed for reps or time in bodyweight circuits and animal-style flows, but can also work on its own or as part of a dynamic warm-up or mobility sequence.",strength,abdominals,body only,intermediate,7.9,bergantian sit-through with crunch-
MetaBurn Alternating Toe-Touch,,strength,abdominals,body only,intermediate,7.9,MetaBurn bergantian Toe-Touch
MetaBurn Janda Sit-Up,,strength,abdominals,body only,intermediate,7.9,MetaBurn Janda sit-up
MetaBurn Oblique Roll Crunch,,strength,abdominals,body only,intermediate,7.9,MetaBurn Oblique Roll crunch
MetaBurn Plank Jack,,strength,abdominals,body only,intermediate,7.9,MetaBurn plank lompat jack
MetaBurn Plank To Alternating Side Plank,,strength,abdominals,body only,intermediate,7.9,MetaBurn plank To bergantian plank samping
MetaBurn Plank Up-Down,,strength,abdominals,body only,intermediate,7.9,MetaBurn plank Up-Down
MetaBurn Plank Wiper,,strength,abdominals,body only,intermediate,7.9,MetaBurn plank Wiper
MetaBurn Plank With Alternating Toe-Touch,,strength,abdominals,body only,intermediate,7.9,MetaBurn plank With bergantian Toe-Touch
MetaBurn Plyo Push-Up,,strength,abdominals,body only,intermediate,7.9,MetaBurn Plyo dorongan-up
MetaBurn Psycho Crunch,,strength,abdominals,body only,intermediate,7.9,MetaBurn Psycho crunch
MetaBurn Scapular Retraction Plank,,strength,abdominals,body only,intermediate,7.9,MetaBurn Scapular Retraction plank
MetaBurn Scapular Retraction Plank Hold,,strength,abdominals,body only,intermediate,7.9,MetaBurn Scapular Retraction plank tahan
MetaBurn Scorpion,,strength,abdominals,body only,intermediate,7.9,MetaBurn Scorpion
MetaBurn Side Crawler,,strength,abdominals,body only,intermediate,7.9,MetaBurn samping Crawler
MetaBurn Side Plank Oblique Crunch,,strength,abdominals,body only,intermediate,7.9,MetaBurn plank samping Oblique crunch
MetaBurn Sit-Through,,strength,abdominals,body only,intermediate,7.9,MetaBurn Sit-Through
MetaBurn Sit-Up To V-Up,,strength,abdominals,body only,intermediate,7.9,MetaBurn sit-up To V-Up
MetaBurn Sit-Up With Rotation,,strength,abdominals,body only,intermediate,7.9,MetaBurn sit-up With Rotation
MetaBurn Split-Leg Crunch,,strength,abdominals,body only,intermediate,7.9,MetaBurn Split-kaki crunch
MetaBurn Tabletop Hip Thrust,,strength,abdominals,body only,intermediate,7.9,MetaBurn Tabletop pinggul Thrust
MetaBurn Tabletop With Russian Kick,,strength,abdominals,body only,intermediate,7.9,MetaBurn Tabletop With Russian Kick
MetaBurn Toe Driver Abs,,strength,abdominals,body only,intermediate,7.9,MetaBurn Toe Driver Abs
MetaBurn-V-Up,,strength,abdominals,body only,intermediate,7.9,MetaBurn-V-Up
X-body V-up,"The X-body V-up is a bodyweight abdominal exercise performed on the floor. It is similar to the popular V-up exercise, but is performed with the arms and legs out wide in an X-shape. It primarily targets the muscles of the rectus abdominis, or “six-pack” muscles. It can be performed for reps or time, either as part of an ab-focused workout or as a component of a circuit workout.",strength,abdominals,body only,intermediate,7.9,X-body V-up
MetaBurn Swivel Crunch,,strength,abdominals,body only,intermediate,7.9,MetaBurn Swivel crunch
Robertson Core-Engaged Dead Bug,,strength,abdominals,body only,intermediate,7.9,Robertson Core-Engaged Dead Bug
FYR2 Double-Under,,strength,abdominals,body only,intermediate,7.9,FYR2 Double-Under
FYR2 Fire Feet with Burpee Tuck Jump Drill,,strength,abdominals,body only,intermediate,7.9,FYR2 Fire Feet with burpee Tuck Jump Drill
FYR2 Flutter Kick,,strength,abdominals,body only,intermediate,7.9,FYR2 Flutter Kick
FYR2 Half-Moon,,strength,abdominals,body only,intermediate,7.9,FYR2 Half-Moon
FYR2 Leopard Crawl,,strength,abdominals,body only,intermediate,7.9,FYR2 Leopard Crawl
FYR2 Plank Alternating Front Step,,strength,abdominals,body only,intermediate,7.9,FYR2 plank bergantian depan Step
FYR2 Shoulder Tap,,strength,abdominals,body only,intermediate,7.9,FYR2 bahu Tap
Hand shift plank,The hand shift plank is a progression of the straight-arm plank exercise where you maintain a plank position as you shift your hands side to side. The additional movement forces the core muscles to work harder to stabilize.,strength,abdominals,body only,intermediate,7.9,Hand shift plank
Cross-body plank march,"The cross-body plank march is an exercise targeting the entire core but especially the obliques. It’s more difficult than a standard plank, with the extra stabilization challenge of bringing one knee at a time off the ground toward the opposing elbow. This will increase the challenge to the core and shoulder muscles, but also present a coordination and balance challenge.",strength,abdominals,body only,intermediate,7.9,Cross-body plank march
Bent-knee Copenhagen hip adduction,"The bent-knee Copenhagen hip adduction is an advanced exercise that combines the isometric stabilization of the Copenhagen plank with dynamic adductions to challenge the core stabilizers and adductors. This exercise targets the same muscles as the side plank, including the obliques, shoulders, and lateral hips, but places extra emphasis on the adductors and is more difficult than side planks on the floor. Most lifters will need to progress to this version after mastering the basic side plank or Copenhagen plank first.",strength,abdominals,body only,intermediate,7.9,Bent-knee Copenhagen pinggul adduction
Copenhagen plank,"The Copenhagen plank is an advanced version of the side plank performed with one foot on a bench and the other foot hovering under it. This exercise targets the same muscles as the side plank, including the obliques, shoulders, and lateral hips, but places extra emphasis on the adductors and is more difficult than side planks on the floor. Most lifters will need to progress to this version after mastering the basic side plank or feet-elevated side plank first.",strength,abdominals,body only,intermediate,7.9,Copenhagen plank
ACFT Hanging leg tuck,"The hanging leg tuck is an exercise targeting the entire body, including the arms, upper back, abs, and hip flexors. This specific exercise is part of the new Army Combat Fitness Test or ACFT. It is performe while hanging from a bar and combines elements of a pull-up with a leg raise. Experienced lifters make these look easy, but beginners may need time to build up to sets of 8-12 reps.",strength,abdominals,body only,intermediate,7.9,ACFT menggantung kaki tuck
Alternating hanging knee raise,"The alternating hanging knee raise is an exercise targeting the abs, but which also works the lats and hip flexors. Rather than performing both legs at a time, you lift one knee at a time and alternate with each rep as if marching in place. Knee raises are often performed for moderate to high reps, such as 8-12 reps or more, as part of ab-focused training.",strength,abdominals,body only,intermediate,7.9,bergantian menggantung knee angkat
Plank To Sphinx,,strength,abdominals,body only,intermediate,7.9,plank To Sphinx
Twisting Mountain Climbers,,strength,abdominals,body only,intermediate,7.9,Twisting Mountain Climbers
Jack Knives,,strength,abdominals,body only,intermediate,7.9,lompat jack Knives
Hanging Leg Raises,,strength,abdominals,body only,intermediate,7.9,menggantung kaki angkat
Dumbbell suitcase crunch,"The dumbbell suitcase crunch is a weighted version of a popular abdominal training exercise. The simple addition of a weight makes the suitcase crunch far more difficult, helping build the ""six pack"" muscles and providing a different stimulus to the core during training.",strength,abdominals,medicine ball,intermediate,9.0,dumbbell suitcase crunch
Medicine ball rotational throw,"The medicine ball rotational throw is an explosive exercise targeting the abdominals, including the obliques, as well as the hips and upper back. It involves standing sideways to the wall and twisting the torso to hurl a medicine ball into the wall, then catching the ball on the ricochet. It can be performed for lower reps with a focus on power, or for higher reps with a focus on fat loss and conditioning.",strength,abdominals,medicine ball,intermediate,0.0,Medicine ball rotational throw
Hollow-hold ball toss,"The hollow-hold ball toss is a more difficult version of the hollow-body hold exercise. It involves tossing a ball to a partner while maintaining an isometric hold in the hollow-body position. It can be done for reps or time in any ab-focused workout, or in an ""I go, you go"" format.",strength,abdominals,medicine ball,intermediate,0.0,Hollow-tahan ball toss
Partner front Russian twist and pass,"The partner front Russian twist and pass is a weighted version of a popular abdominal training exercise that also utilizes a training partner to add another dynamic component. It targets the oblique muscles, as well as the deep muscles of the core and the rectus abdominis or ""six pack"" muscles. It can be done for reps or time in an ab-focused portion of any workout.",strength,abdominals,medicine ball,beginner,0.0,pasangan depan putaran Rusia and pass
Sit-up with single-arm overhand throw,"The sit-up with single-arm overhand throw is an exercise targeting the core muscles, but the inclusion of the throw also brings in other upper-body muscles. When you come to the top of the sit-up position, you throw a medicine ball using one arm to a partner who then throws it right back to you to be caught with both hands. It can be performed for time or reps as part of the ab-focused portion of any workout.",plyometrics,abdominals,medicine ball,intermediate,0.0,sit-up with satu lengan overhand throw
Medicine ball partner twist,"The medicine ball partner twist is a plyometrics exercise targeting the core muscles, particularly the obliques. You and a partner stand back to back and rotate in unison to pass a medicine ball back and forth on alternating sides.",plyometrics,abdominals,medicine ball,intermediate,0.0,Medicine ball pasangan putaran
Partner side Russian twist and pass,"The partner side Russian twist and pass is a weighted version of a popular abdominal training exercise that also utilizes a training partner to add another dynamic component. It primarily targets the oblique muscles, as well as the deep muscles of the core and the rectus abdominis or ""six pack"" muscles. It can be done for reps or time in an ab-focused portion of any workout.",strength,abdominals,medicine ball,beginner,0.0,pasangan samping putaran Rusia and pass
Medicine ball half moon,"The medicine ball half moon is a dynamic core exercise performed around and over a medicine ball or other short, stationary object. It is similar in some ways to a V-up or reverse crunch, and targets both the obliques and the rectus abdominis or ""six-pack"" muscles. It can be performed for reps or for time, usually in dedicated ab training or as part of a medicine ball and bodyweight circuit workout.",strength,abdominals,medicine ball,intermediate,7.9,Medicine ball half moon
Exercise ball roll-out,"The exercise ball roll-out is an exercise that strengthens the core, shoulders and upper- back muscles. It starts in a plank-style position, with the arms resting on a ball. Then, roll the ball out in front of you as far as you can while maintaining a strong, neutral spinal position. The lack of stability from the ball increases the degree of difficulty. This is a difficult movement, and beginners may need to use a limited range of motion.",strength,abdominals,medicine ball,intermediate,7.9,Exercise ball roll-out
Medicine ball pass,"The medicine ball pass is a simple partner-based exercise that involves throwing a weighted ball back and forth. It can be part of a dynamic warm-up for lifting or athletics, but can also work as active rest or as a component of circuit training.",strength,abdominals,medicine ball,intermediate,7.9,Medicine ball pass
Partner medicine ball sit-up,"The partner medicine ball sit-up is a more difficult version of the traditional abdominal exercise. Two partners pass a medicine ball back and forth at the top of each rep, so each one must alternate a weighted rep with an unweighted rep. This technique can be done for reps or time in any ab-focused workout, in an ""I go, you go"" format.",strength,abdominals,medicine ball,intermediate,7.9,pasangan medicine ball sit-up
Medicine ball Russian twist,"The medicine ball Russian twist is a weighted version of a popular abdominal training exercise. It targets the oblique muscles, as well as the deep muscles of the core and the rectus abdominis or ""six pack"" muscles. It can be done for reps or time in the ab-focused portion of any workout.",strength,abdominals,medicine ball,intermediate,7.9,Medicine ball putaran Rusia
30 Medicine Ball Slam,"The medicine ball slam is an explosive exercise for developing power, strength, and speed. Muscles worked include the abdominals, legs, triceps, shoulders, and lats. The slams are usually done in rapid succession to complete one set. It can also be a component of a power or athleticism-focused circuit workout.",strength,abdominals,medicine ball,intermediate,7.9,30 Medicine Ball Slam
Medicine ball twist,"The medicine ball twist is an exercise targeting the abdominal muscles, particularly the obliques. It is similar in many ways to a Russian twist exercise. The ball is held tight to the chest throughout the movement, and then the torso is rotated from side to side for the desired number of reps or a set amount of time.",strength,abdominals,medicine ball,intermediate,7.9,Medicine ball putaran
FYR2 Medicine Ball Complex,,strength,abdominals,medicine ball,intermediate,7.9,FYR2 Medicine Ball Complex
FYR2 Medicine Ball Fire-Feet Drill,,strength,abdominals,medicine ball,intermediate,7.9,FYR2 Medicine Ball Fire-Feet Drill
FYR2 Medicine Ball Knees-to-Chest,,strength,abdominals,medicine ball,intermediate,7.9,FYR2 Medicine Ball Knees-to-dada
FYR2 Medicine Ball Mountain Climber,,strength,abdominals,medicine ball,intermediate,7.9,FYR2 Medicine Ball pendaki gunung
Decline oblique crunch,"The decline oblique crunch is a popular bodyweight exercise targeting the obliques and the rectus abdominis or ""six-pack"" muscles. It is usually performed for high reps, such as 10-15 reps per set or more, as part of the ab-focused portion of a workout.",strength,abdominals,body only,intermediate,8.5,menurun oblique crunch
Decline sit-up,"The decline sit-up is a bodyweight core exercise that works the rectus abdominis or ""six pack"" muscles. Sit-up variations are usually performed for moderate to high reps, such as 10-15 reps per set or more, as part of the core-focused portion of a workout.",strength,abdominals,body only,intermediate,7.9,menurun sit-up
Hanging Windshield Wiper,"The hanging windshield wiper is an advanced abdominal training exercise that is also extremely challenging to other muscles of the upper body, including the lats (latissimus dorsi), biceps, and grip. It requires—and builds—great strength in the rectus abdominis or ""six-pack"" muscles, as well as the obliques and deep core muscles. If you can't perform it hanging from a bar, the lying windshield wiper on the floor provides some of the same benefits.",strength,abdominals,body only,intermediate,7.9,menggantung Windshield Wiper
Exercise Ball Pull-In,The exercise ball knee roll-in is an abdominal exercise that involves supporting yourself with your hands in a plank or push-up position and drawing the knees in toward the chest. This is a fairly advanced abdominal move requiring core strength.,strength,abdominals,exercise ball,intermediate,8.9,Exercise Ball tarikan-In
Exercise ball crunch,"The exercise ball crunch is a popular gym exercise targeting the abdominals. Unlike crunches on the floor or a bench, by using a ball you can increase the range of motion and both stretch and contract the abs on every rep. The ball crunch can be performed for low reps with a slower tempo focusing on a hard contraction, or for higher reps.",strength,abdominals,exercise ball,intermediate,8.4,Exercise ball crunch
Feet-elevated crunch,"The feet-elevated crunch is a variation on the basic crunch, a very popular ab move. Resting the feet on a bench takes some of the hip flexor activation out of the movement, focusing the stress more on the abs. It may have a small range of motion, but this movement produces a major burn.",strength,abdominals,exercise ball,intermediate,7.3,Feet-elevated crunch
Weighted Ball Side Bend,,strength,abdominals,exercise ball,beginner,6.4,berbeban Ball samping Bend
Swiss Ball Ab Roll-Out,"The exercise ball roll-out is an exercise that strengthens the core, shoulders and upper- back muscles. It starts in a plank-style position, with the arms resting on a ball. Then, you roll the ball out in front of you as far as you can while maintaining a strong, neutral spinal position. The lack of stability from the ball increases the degree of difficulty. This is a difficult movement, and beginners may need to use a limited range of motion.",strength,abdominals,exercise ball,intermediate,7.9,Swiss Ball Ab roll-out
Exercise ball squat and twist,"The exercise ball squat and twist is a combination exercise targeting the quads, but also the obliques because of the twisting motion with each repetition. The exercise ball is held close to the chest throughout. Because it is a lightweight movement, it is usually performed for high reps or for time, and can be a great part of a bodyweight and exercise ball circuit.",strength,abdominals,exercise ball,intermediate,7.9,Exercise ball squat and putaran
Swiss Ball V-Up With Foot Pass,"The exercise ball V-up is a popular movement to target the abdominal muscles, particularly the rectus abdominis or ""six-pack"" muscles. It involves passing an exercise ball or yoga ball back and forth between the hands and feet while performing V-ups. It can be performed for reps or time as part of any ab-focused workout or bodyweight circuit.",strength,abdominals,exercise ball,intermediate,7.9,Swiss Ball V-Up With Foot Pass
Exercise ball pike,"The exercise ball pike is a challenging move that targets the core. It involves thrusting the hips into full flexion over a ball, then extending out to a foot-elevated plank with the feet on the ball. It's a challenging move from a strength perspective, but also for balance. It can be the centerpiece of an ab workout or go along with other body weight or ball movements in an ab circuit.",strength,abdominals,exercise ball,intermediate,7.9,Exercise ball pike
Exercise ball bird dog,"The exercise ball bird dog is a dynamic movement focusing on the glutes and the postural muscles of the upper back. When performing it, use an exercise ball that is tall enough to support your chest and core, but short enough to allow your hands and knees to reach the ground. It is slightly easier than a bodyweight bird dog and can work as a regression for that movement. It can be done for time or reps as part of a warm-up, paired with movements in a workout, or as a mobility or recovery exercise.",strength,abdominals,exercise ball,intermediate,7.9,Exercise ball bird dog
Exercise ball superman,"The exercise ball superman is a slightly more advanced variation of the bodyweight superman exercise. It targets many muscles along the posterior or backside of the body, including the rear deltoids, trapezius, spinal erectors, glutes, and hamstrings. It can be done for time or reps as part of a warm-up, paired with movements in a workout, or as a mobility or recovery exercise.",strength,abdominals,exercise ball,intermediate,7.9,Exercise ball superman
BOSU cross-body crunch,"The BOSU cross-body crunch is a dynamic abdominal exercise performed on a BOSU ball or other stability training device. It targets several of the muscles in the core, including the obliques and the rectus abdominis or ""six-pack"" muscles. It is usually performed in alternating reps, either for time or a number of reps, as part of an ab-focused workout or a circuit involving body weight or the BOSU ball.",strength,abdominals,exercise ball,intermediate,7.9,BOSU cross-body crunch
Exercise Ball Knee Tuck - Gethin Varation,The exercise ball knee roll-in is an abdominal exercise that involves supporting yourself with your hands in a plank or push-up position and drawing the knees in toward the chest. This is a fairly advanced abdominal move requiring core strength.,strength,abdominals,exercise ball,intermediate,7.9,Exercise Ball Knee Tuck - Gethin Varation
Alternating Exercise Ball Knee Tucks - Gethin Variation,The exercise ball knee roll-in is an abdominal exercise that involves supporting yourself with your hands in a plank or push-up position and drawing the knees in toward the chest. This is a fairly advanced abdominal move requiring core strength.,strength,abdominals,exercise ball,intermediate,7.9,bergantian Exercise Ball Knee Tucks - Gethin Variation
AM Ball Crunch,"The exercise ball crunch is a popular gym exercise targeting the abdominals. Unlike crunches on the floor or a bench, by using a ball, you can increase the range of motion and both stretch and contract the abs on every rep. The ball crunch can be performed for low reps with a slower tempo, focusing on a hard contraction, or for higher reps.",strength,abdominals,exercise ball,intermediate,7.9,AM Ball crunch
30 Bosu Cable Reverse Crunch,,strength,abdominals,exercise ball,intermediate,7.9,30 Bosu kabel Reverse crunch
BOSU knee tuck,"The BOSU knee tuck is a dynamic abdominal movement performed on a BOSU ball or other stability training device. It primarily targets the rectus abdominis or ""six-pack"" muscles of the core. It can be performed for time or reps as part of an ab-focused workout or a circuit involving body weight or the BOSU ball.",strength,abdominals,exercise ball,intermediate,7.9,BOSU knee tuck
30 Side Plank On Ball,"The feet-elevated side plank on ball is a more advanced version of a traditional bodyweight side plank. The feet are balanced on an exercise ball, providing a balance challenge but also increasing the load placed upon the obliques and shoulder muscles. It is usually performed for timed holds, either one side at a time or alternating sides. If a ball is unavailable, some of the benefits of the movement can be obtained by performing side planks with the feet elevated on a couch, chair, bench, or other stable object.",strength,abdominals,exercise ball,intermediate,7.9,30 plank samping On Ball
Hanging exercise ball leg raise,"The hanging exercise ball leg raise is an exercise targeting the abs and hip flexors. Instead of resting the forearms on the pads of an apparatus, it's performed hanging from a bar with an exercise ball held between the legs.",strength,abdominals,exercise ball,intermediate,7.9,menggantung exercise ball kaki angkat
Taylor Exercise Ball Stir-The-Pot,,strength,abdominals,exercise ball,intermediate,7.9,Taylor Exercise Ball Stir-The-Pot
FYR2 Air Ball,,strength,abdominals,exercise ball,intermediate,7.9,FYR2 Air Ball
Feet-elevated plank on ball,"The feet-elevated plank is a variation on the straight-arm plank, a bodyweight standard. The feet are elevated on a ball to align the body parallel to the floor and provide a greater stabilization challenge. This makes it more difficult than straight-arm planks on the floor, but also puts more emphasis on the shoulder muscles. It is often used as a shoulder and core warm-up, or as a burnout movement for a chest or shoulder workout.",strength,abdominals,exercise ball,intermediate,7.9,Feet-elevated plank on ball
Band Hip Adductions,,strength,adductors,bands,beginner,8.6,band pinggul Adductions
Lateral Band Walk,,strength,abductors,bands,intermediate,0.0,Lateral band Walk
FYR2 Standing Banded Leg Abduction,,strength,abductors,bands,intermediate,7.9,FYR2 berdiri dengan band kaki Abduction
Iliotibial band SMR,"Iliotibial band self-myofascial release (SMR) is a self-administered soft-tissue treatment for the lower body, usually using a foam roller or other ""trigger point"" massage tool. By applying pressure strategically to the IT band along the side of the upper leg, some people find they can cause this often painful and tight area to relax or ""release."" IT band SMR is often accompanied by SMR on the glute or quad muscles, or by stretches that target the glutes or quads.",stretching,abductors,foam roll,intermediate,8.2,Iliotibial band SMR
Adductor SMR,"Adductor self-myofascial release (SMR) is a self-administered soft-tissue treatment for the lower body, usually using a foam roller, lacrosse ball, or other ""trigger point"" massage tool. By applying pressure strategically to the adductor muscles in the inner thigh region, some people find they can cause this often painful and tight muscle to relax or ""release."" Adductor SMR is often accompanied by SMR on the iliotibial (IT) band or glutes (TFL muscles), or by stretches that target the adductors.",stretching,adductors,foam roll,beginner,4.0,Adductor SMR
Lying Bent Leg Groin,,stretching,adductors,other,beginner,2.8,berbaring Bent kaki Groin
Lateral box jump,"The lateral box jump is a plyometric exercise targeting lateral agility and lower-body strength. It's a great move for athletes in many sports, including basketball, skiing, and tennis.",plyometrics,adductors,other,intermediate,0.0,Lateral box jump
Thigh adductor,"The thigh adductor machine is a lower-body exercise that targets the muscles of the inner thighs. It is usually performed for moderate to high reps, such as 8-12 reps per set or more, as part of lower-body training.",strength,adductors,machine,intermediate,9.0,Thigh adductor
Thigh abductor,"The thigh abductor is a lower-body exercise that targets the muscles of the outer hips and glutes. It is usually performed for moderate to high reps, such as 8-12 reps per set or more, as part of lower-body training.",strength,abductors,machine,intermediate,8.2,Thigh abductor
Standing Hip Circles,,stretching,abductors,body only,beginner,8.8,berdiri pinggul Circles
Groiners,,stretching,adductors,body only,beginner,8.8,Groiners
Fire Hydrant,,strength,abductors,body only,beginner,8.0,Fire Hydrant
Windmills,,stretching,abductors,body only,intermediate,8.0,Windmills
Side Leg Raises,,stretching,adductors,body only,beginner,7.7,samping kaki angkat
Lateral hop,"The lateral hop is an explosive bodyweight exercise that consists of a two-legged hop to the side. It targets the lower body, including the quads, glutes, and hamstrings. Performed for reps, it also provides a serious cardiovascular challenge. It can be performed for time or reps and is especially effective in a fat-loss or athleticism-focused circuit or workout.",plyometrics,adductors,body only,intermediate,7.3,Lateral hop
Monster Walk,,strength,abductors,body only,intermediate,6.7,Monster Walk
Side Lying Groin Stretch,,stretching,adductors,body only,intermediate,3.8,samping berbaring Groin Stretch
IT Band and Glute Stretch,,stretching,abductors,body only,intermediate,2.4,IT band and bokong Stretch
Single-leg lying cross-over stretch,"The single-leg lying cross-over stretch is a simple bodyweight stretch targeting the lower back, hips, and glutes. It involves rotating a single leg over the body while lying flat on the back. It is commonly included in dynamic warm-ups, but can also be performed as full-body mobility work anytime.",stretching,abductors,body only,beginner,1.6,Single-kaki berbaring cross-over stretch
Carioca quick step,"The carioca quick step is a lateral bodyweight exercise targeting the adductors but also promoting agility and overall conditioning. It’s a favorite of football players, particularly defensive backs, because it mimics the way they have to track wide receivers downfield. It can also help mobilize the hips for athletes and lifters of all ability levels.",plyometrics,adductors,body only,intermediate,0.0,Carioca quick step
Standing hip circle,"The standing hip circle is a bodyweight exercise targeting the hips and abductor muscles. It is a classic way to ""limber up"" after sitting for a long period or before a lower-body workout or sports. It requires no equipment and can be helpful for everyone from beginners to advanced fitness enthusiasts.",stretching,abductors,body only,intermediate,0.0,berdiri pinggul circle
Lateral cone hop,"The lateral cone hop is an agility drill that involves jumping over cones or other short hurdles side to side rather than front to back. It can be performed for reps or for time and can be beneficial for track athletes, basketball players, or any other athletes who need explosive lateral power.",plyometrics,adductors,body only,intermediate,0.0,Lateral cone hop
Side-To-Side Adductor Stretch,,strength,adductors,body only,intermediate,7.9,samping-To-samping Adductor Stretch
Dynamic pigeon stretch,"The dynamic pigeon stretch is a lower-body stretch targeting the glutes, hips, and piriformis. It is influenced by the pigeon pose from yoga, but involves moving in and out of the pose. It can be part of a dynamic warm-up or mobility work performed anytime.",strength,abductors,body only,intermediate,7.9,Dynamic pigeon stretch
Cross-over jack,"The cross-over jack is a variation on the jumping jack, a popular calisthenics exercise used to improve overall conditioning. The difference between the jumping jack and the cross-over jack is that with the latter, the feet don't just come together each rep, they cross over each other. It's a great way to add variety to your warm-up or conditioning work.",strength,abductors,body only,intermediate,7.9,Cross-over lompat jack
Traveling thigh killa,"The traveling thigh killa is a challenging lower-body bodyweight exercise that builds muscular endurance with a series of hops forward and backward, as well as bodyweight squats. It can be performed for time or reps, usually in a circuit workout or as a lower-body finisher.",strength,abductors,body only,intermediate,7.9,Traveling thigh killa
FYR Thigh Killa,"The thigh killa is a challenging lower-body bodyweight exercise that builds muscular endurance with a series of hops and bodyweight squats. It can be performed for time or reps, usually in a circuit workout or as a lower-body finisher.",strength,abductors,body only,intermediate,7.9,FYR Thigh Killa
HM Straddle Stretch,,stretching,abductors,body only,intermediate,7.9,HM Straddle Stretch
HM Right Leg Swing,,stretching,abductors,body only,intermediate,7.9,HM Right kaki Swing
HM Right Side-Kick,,stretching,abductors,body only,intermediate,7.9,HM Right samping-Kick
HM Frog Stretch,,strength,abductors,body only,intermediate,7.9,HM Frog Stretch
HM Kick-Out,,strength,abductors,body only,intermediate,7.9,HM Kick-Out
HM Left Leg Swing,,strength,adductors,body only,intermediate,7.9,HM Left kaki Swing
UNS Foam Roll Adductor,,strength,adductors,body only,intermediate,7.9,UNS Foam Roll Adductor
MetaBurn Groiner,,strength,abductors,body only,intermediate,7.9,MetaBurn Groiner
Side-lying leg adduction scissor,"The side-lying leg adduction scissor is a dynamic core exercise that combines the isometric hold of a side-lying leg lift with leg adductions to further challenge the core and adductors. It targets multiple muscles of the core, primarily the rectus abdominis or ""six-pack"" muscles. It can be performed for time or reps in the ab-focused portion of any workout.",strength,adductors,body only,intermediate,7.9,samping-berbaring kaki adduction scissor
Groin and Back Stretch,,stretching,adductors,body only,beginner,7.1,Groin and punggung Stretch
Adductor/Groin,,stretching,adductors,body only,beginner,3.6,Adductor/Groin
Incline dumbbell biceps curl,"The incline dumbbell biceps curl is an exercise targeting the biceps and performed face up on an incline bench. This creates a vertical arm angle, which helps to isolate the biceps and limit involvement of the shoulder muscles. This curl variation is usually performed for moderate to high reps, such as 8-12 reps per set or more, as part of upper-body or arm-focused training.",strength,biceps,bands,intermediate,7.9,miring dumbbell bisep tekukan
Banded biceps curl in squat position,"The banded biceps curl in squat position is an exercise targeting the biceps, although it also works the core and lower body.",strength,biceps,bands,intermediate,7.9,dengan band bisep tekukan in squat position
Banded Hammer Press - Gethin Variation,The machine chest press is an upper body exercise targeting the pectoral muscles.,strength,biceps,bands,intermediate,7.9,dengan band Hammer dorongan - Gethin Variation
Band standing concentration curl,"The band standing concentration curl is a variation of a popular biceps-focused exercise utilizing a band instead of a dumbbell. It allows you to focus on one biceps at a time and really squeeze out intense peak contractions. Band concentration curls are usually performed for moderate to high reps, such as 8-12 reps per set or more, as part of an upper-body or arm-focused workout.",strength,biceps,bands,intermediate,7.9,band berdiri concentration tekukan
Brachialis SMR,"Brachialis self-myofascial release (SMR) is a self-administered soft-tissue treatment for the upper body, usually using a foam roller, lacrosse ball, or other ""trigger point"" massage tool. By applying pressure strategically to the biceps or brachialis muscles of the upper arm, some people find they can cause this often painful and tight muscle to relax or ""release."" Brachialis SMR is often accompanied by SMR on the triceps muscles or pectorals, or by stretches that target the biceps or pecs.",stretching,biceps,foam roll,beginner,3.2,Brachialis SMR
Wide-grip barbell curl,"The wide-grip barbell curl is a variation of the classic barbell curl with the grip wider than shoulder width. It is thought that this helps build the inner or ""short"" head of the biceps muscles. This movement is usually performed for moderate to high reps, such as 8-12 reps per set.",strength,biceps,barbell,beginner,9.3,pegangan lebar barbell tekukan
EZ-bar spider curl,"The EZ-bar spider curl is an exercise targeting the biceps and performed face down on either an incline bench or on the flat side of a preacher bench. The EZ-bar makes for a more comfortable wrist position, while the angle helps to isolate the biceps and limit involvement of the shoulder muscles. This curl variation is usually performed for moderate to high reps, such as 8-12 reps per set or more, as part of upper-body or arm-focused training.",strength,biceps,barbell,intermediate,9.2,EZ-bar spider tekukan
Barbell Curl,"The barbell curl is an arm exercise that is also one of the most recognizable movements in all of bodybuilding and fitness. It helps build sleeve-popping biceps and allows heavier loading than many other curl variations. It is usually performed in moderate to high reps, such as 8-12 reps per set, as part of the arm-focused portion of any workout.",strength,biceps,barbell,intermediate,9.0,barbell tekukan
Close-grip EZ-bar curl,"The close-grip EZ-bar curl is an exercise targeting the biceps, particularly the long head. The main difference between this exercise and standard EZ-bar curls is that the hands are positioned closer together on the bar. It is thought that this helps build the outer biceps head and the peak. This curl variation is usually performed for moderate to high reps, such as 8-12 reps per set.",strength,biceps,barbell,beginner,8.9,pegangan sempit EZ-bar tekukan
Preacher Curl,"The EZ-bar preacher curl is a classic exercise for building bigger biceps. This move is all about isolation. With the back of the upper arms against the pad, it’s next to impossible to cheat. Go light, get a great pump, and build that peak!",strength,biceps,barbell,intermediate,8.8,tekukan preacher
Barbell Curls Lying Against An Incline,,strength,biceps,barbell,beginner,8.8,barbell tekukan berbaring Against An miring
Seated Close-Grip Concentration Barbell Curl,,strength,biceps,barbell,beginner,8.8,duduk pegangan sempit Concentration barbell tekukan
Close-grip barbell curl,"The close-grip barbell curl is a curl variation where the hands are closer than shoulder width. It is thought that this helps build the outer biceps head and the peak. This curl variation is usually performed for moderate to high reps, such as 8-12 reps per set.",strength,biceps,barbell,beginner,8.6,pegangan sempit barbell tekukan
Drag curl,"The drag curl is a biceps exercise that attempts to remove the influence of the front deltoids on the classic curl. With the elbows kept back, the barbell ""drags"" up the torso. It is usually performed for moderate to high reps, such as 8-15 reps per set, as part of an upper-body or arms-focused workout.",strength,biceps,barbell,beginner,8.5,Drag tekukan
Reverse-grip barbell curl,"The reverse-grip barbell curl is a variation on the biceps curl where the palms face downward. The switch from an underhand to an overhand grip brings the forearm and brachialis muscles more into the exercise. If it is uncomfortable to the wrists, try performing it on the angles of an EZ-curl bar.",strength,biceps,barbell,intermediate,8.2,Reverse-grip barbell tekukan
Lying High Bench Barbell Curl,,strength,biceps,barbell,beginner,5.8,berbaring High bangku barbell tekukan
Seated wide-grip curl to close-grip curl,"The seated wide-grip curl to close-grip curl is a variation on the classic seated dumbbell curl. It is thought that wide-grip curls target the inner head of the biceps more, while close-grip curls target the outer head or peak. This variation allows you to get the benefits of both.",strength,biceps,barbell,beginner,0.0,duduk pegangan lebar tekukan to pegangan sempit tekukan
Seated Straigh-Bar Curl Superset,"The seated wide-grip curl to close-grip curl is a variation on the classic seated dumbbell curl. The variation is that the range of motion changes in alternating fashion—one more traditional, one where you’re bringing the weight in more from the side.",strength,biceps,barbell,beginner,0.0,duduk Straigh-Bar tekukan Superset
Dave Draper Forehead Curl,,strength,biceps,barbell,intermediate,7.9,Dave Draper Forehead tekukan
Reverse-grip EZ-bar curl,"The reverse-grip EZ-bar curl is an exercise targeting the biceps and forearms. Because grip strength is a limitation with this move, it is often performed for moderate to high reps as part of an upper-body or arm-focused workout.",strength,biceps,barbell,intermediate,7.9,Reverse-grip EZ-bar tekukan
EZ-Bar Spider Curl - Gethin Variation,The EZ-bar spider curl is an isolation exercise targeting the biceps and performed face-down on an incline bench. The EZ-bar makes for a more comfortable wrist position.,strength,biceps,barbell,intermediate,7.9,EZ-Bar Spider tekukan - Gethin Variation
Barbell curl-,"The barbell curl is an arm exercise that is also one of the most recognizable movements in all of bodybuilding and fitness. It helps build sleeve-popping biceps and allows heavier loading than many other curl variations. It is usually performed in moderate to high reps, such as 8-12 reps per set, as part of the arm-focused portion of any workout.",strength,biceps,barbell,intermediate,7.9,barbell tekukan-
Paul Carter Barbell Curl,"The barbell curl is an arm exercise that is also one of the most recognizable movements in all of bodybuilding and fitness. It helps build sleeve-popping biceps and allows heavier loading than many other curl variations. It is usually performed in moderate to high reps, such as 8-12 reps per set, as part of the arm-focused portion of any workout.",strength,biceps,barbell,intermediate,7.9,Paul Carter barbell tekukan
Standing band biceps curl,The standing band biceps curl is an arm-focused exercise using a band for resistance. This variation is usually performed for moderate to high reps as part of an arms-focused or upper-body workout.,strength,biceps,barbell,intermediate,7.9,berdiri band bisep tekukan
Close-Grip EZ-Bar Curl - Gethin Variation,"The close-grip EZ-bar curl is an exercise targeting the biceps, particularly the long head. The main difference between this exercise and standard barbell curls is that the hands are positioned closer together on the bar. It is thought that this helps build the outer biceps head and the peak. This curl variation is usually performed for moderate to high reps, like at least 8-12 reps per set.",strength,biceps,barbell,intermediate,7.9,pegangan sempit EZ-Bar tekukan - Gethin Variation
Seated Barbell Curl,,strength,biceps,barbell,intermediate,7.9,duduk barbell tekukan
AM Standing Barbell Curl,"The standing EZ-bar curl is an immenselyp popular exercise targeting the biceps. It is commonly performed for moderate to high reps as part of an upper body or arms-focused workout. Many gyms even have EZ-bars at fixed weights, allowing for easy weight changes.",strength,biceps,barbell,intermediate,7.9,AM berdiri barbell tekukan
EZ-bar preacher curl,"The EZ-bar preacher curl is a classic exercise for building bigger biceps. This move is all about isolation. With the back of the upper arms against the pad, it's next to impossible to use momentum which forces the muscles to work harder.",strength,biceps,barbell,intermediate,7.9,EZ-bar tekukan preacher
30 Arms Standing Barbell Curl,,strength,biceps,barbell,intermediate,7.9,30 lengan berdiri barbell tekukan
30 Arms Incline Biceps Curl,,strength,biceps,barbell,intermediate,7.9,30 lengan miring bisep tekukan
"Bicep Curls ""21s""",,strength,biceps,barbell,intermediate,7.9,"Bicep tekukan ""21s"""
Incline Hammer Curls,,strength,biceps,dumbbell,beginner,9.5,miring Hammer tekukan
Hammer Curls,"This curl is performed simultaneously with dumbbells but without wrist supination. Throughout each rep, the wrists remain neutral, like a carpenter hammering a nail.",strength,biceps,dumbbell,intermediate,9.1,Hammer tekukan
Biceps curl to shoulder press,"The biceps curl to shoulder press is a dumbbell complex that combines two exercises that build and strengthen the biceps and shoulders or deltoids. It is usually performed one rep of each movement at a time, although you could perform more reps of each, or increase the reps in successive rounds (e.g., 1 rep in round 1, 2 reps in round 2, etc.). No matter how you structure the sets and reps, it is a time-efficient way to hit two crucial upper-body muscles in any workout.",strength,biceps,dumbbell,beginner,9.1,bisep tekukan to bahu dorongan
Concentration curl,"The concentration curl is a classic exercise for building the biceps one arm at a time. It can be performed bent over or kneeling, but is more often performed seated on a bench. It's great for emphasizing the biceps peak and is often used to finish a biceps workout. Like most curl variations, these are usually performed for moderate to high reps, such as 8-12 reps per set or more.",strength,biceps,dumbbell,intermediate,9.0,Concentration tekukan
Flexor Incline Dumbbell Curls,,strength,biceps,dumbbell,beginner,9.0,Flexor miring dumbbell tekukan
Dumbbell Bicep Curl,"The dumbbell biceps curl is a single-joint exercise for building bigger and stronger biceps. Popular among gym goers of all experience levels, this move can be done seated or standing. It is generally performed for moderate to high reps, such as 8-12 reps or higher, as part of the arm-focused portion of a workout.",strength,biceps,dumbbell,intermediate,8.9,dumbbell Bicep tekukan
Cross-body hammer curl,"The cross-body hammer curl is a dumbbell exercise that targets the biceps, brachialis, and forearm muscles. Rather than lifting the weights directly in front of the body, you lift them across the torso. Throughout each rep, the wrists remain neutral, like a carpenter hammering a nail. This helps isolate the brachialis muscles on each arm. It is generally performed for moderate to high reps, such as 8-12 reps or more, as part of the arm-focused portion of a workout.",strength,biceps,dumbbell,beginner,8.9,Cross-body hammer tekukan
Dumbbell Alternate Bicep Curl,"The alternating biceps curl is a single-joint exercise for building bigger and stronger biceps one arm at a time. Popular among gym goers of all experience levels, this move can be done seated or standing. It is generally performed for moderate to high reps, such as 8-12 reps or higher, as part of the arm-focused portion of a workout.",strength,biceps,dumbbell,intermediate,8.7,dumbbell bergantian Bicep tekukan
Single-arm dumbbell preacher curl,"The single-arm dumbbell preacher curl is an exercise that focuses on building the biceps, particularly the biceps peak. Most people will go light on this movement, performing it for moderate to high reps as part of an upper-body or arms-focused workout.",strength,biceps,dumbbell,intermediate,8.7,satu lengan dumbbell tekukan preacher
Alternate Incline Dumbbell Curl,"The alternating incline dumbbell biceps curl is an exercise targeting the biceps and performed face up on an incline bench. This creates a vertical arm angle which helps to isolate the biceps and limit involvement of the shoulder muscles. This curl variation is usually performed for moderate to high reps, such as 8-12 rep per arm or more, as part of upper-body or arm-focused training.",strength,biceps,dumbbell,intermediate,8.7,bergantian miring dumbbell tekukan
Standing concentration curl,"The standing concentration curl is a variation on the more common seated concentration curl, which is a staple of bodybuilding arm routines. It can serve as a substitute for preacher curl variations if a preacher bench is unavailable and is also a classic way to focus in on the biceps peak. It is usually performed for moderate to high reps, such as 8-10 reps per set, with a focus on strict form and controlled tempo.",strength,biceps,dumbbell,beginner,8.7,berdiri concentration tekukan
Alternating incline dumbbell biceps curl,"The alternating incline dumbbell biceps curl is an exercise targeting the biceps and performed face up on an incline bench. This creates a vertical arm angle which helps to isolate the biceps and limit involvement of the shoulder muscles. This curl variation is usually performed for moderate to high reps, such as 8-12 rep per arm or more, as part of upper-body or arm-focused training.",strength,biceps,dumbbell,intermediate,8.6,bergantian miring dumbbell bisep tekukan
Alternate Hammer Curl,"The alternating hammer curl is performed with dumbbells but without wrist supination. Throughout each rep, the wrists remain neutral, like a carpenter hammering a nail.",strength,biceps,dumbbell,intermediate,8.6,bergantian Hammer tekukan
Seated dumbbell biceps curl,"The seated dumbbell biceps curl is a popular exercise for building bigger biceps. While curls can effectively be performed standing as well, performing them seated can enforce strict form and perhaps boost the mind-muscle connection. Like most curl variations, these are usually performed for moderate to high reps, such as 8-12 reps per set or more.",strength,biceps,dumbbell,intermediate,8.6,duduk dumbbell bisep tekukan
Preacher Hammer Dumbbell Curl,,strength,biceps,dumbbell,beginner,8.6,Preacher Hammer dumbbell tekukan
Dumbbell preacher curl,"The dumbbell preacher curl is an exercise that focuses on building the biceps, particularly the biceps peak. All you need is a pair of dumbbells and a preacher bench. It's usually performed for moderate to high reps as part of an upper-body or arms-focused workout.",strength,biceps,dumbbell,intermediate,8.3,dumbbell tekukan preacher
Lying Supine Dumbbell Curl,,strength,biceps,dumbbell,beginner,8.3,berbaring Supine dumbbell tekukan
Standing Dumbbell Reverse Curl,"With the reverse-grip dumbbell curl, the palms face down, not up. This unorthodox wrist position simultaneously targets the biceps while also building forearm and grip strength. The move can performed standing or seated.",strength,biceps,dumbbell,beginner,8.1,berdiri dumbbell Reverse tekukan
Palms-out incline biceps curl,"The palms-out incline biceps curl is an exercise targeting the biceps. It is largely similar to the incline dumbbell curl, but the palms-out position targets the long head of the biceps, which is responsible for the biceps ""peak."" This curl variation is usually performed for moderate to high reps, such as 8-12 reps per set or more, as part of upper-body or arm-focused training.",strength,biceps,dumbbell,beginner,8.0,Palms-out miring bisep tekukan
Straight-arm plank with biceps curl,"The straight-arm plank with biceps curl is a hybrid movement that trains the abdominal and biceps muscles simultaneously. It can address multiple muscle groups in a time-efficient muscle-building or circuit-style workout, while also providing an additional cardiovascular challenge.",strength,biceps,dumbbell,beginner,7.7,Straight-lengan plank with bisep tekukan
Face-down incline dumbbell biceps curl,"The face-down incline dumbbell biceps curl is an exercise targeting the biceps and performed face down on an incline bench. This creates a vertical arm angle, which helps to isolate the biceps and limit involvement of the shoulder muscles. This curl variation is usually performed for moderate to high reps, such as 8-12 reps per set or more, as part of upper-body or arm-focused training.",strength,biceps,dumbbell,beginner,7.6,Face-down miring dumbbell bisep tekukan
Seated Dumbbell Inner Biceps Curl,,strength,biceps,dumbbell,beginner,7.4,duduk dumbbell Inner bisep tekukan
Standing Inner-Biceps Curl,,strength,biceps,dumbbell,beginner,7.4,berdiri Inner-bisep tekukan
Seated hammer curl,"The seated hammer curl is a popular exercise for building bigger biceps and forearms. The movement resembles hammering a nail—hence the name. While curls can effectively be performed standing as well, performing them seated can enforce strict form and perhaps boost the mind-muscle connection. Like most curl variations, these are usually performed for moderate to high reps, such as 8-12 reps per set or more.",strength,biceps,dumbbell,intermediate,7.9,duduk hammer tekukan
Paul Carter Incline Dumbbell Biceps Curl,The incline dumbbell biceps curl is an isolation exercise targeting the biceps. This variation targets the long head of the biceps more than a traditional curl and there is more overall tension to this muscle.,strength,biceps,dumbbell,intermediate,7.9,Paul Carter miring dumbbell bisep tekukan
Paul Carter Concentration Curl,"The concentration curl is a classic exercise for building the biceps one arm at a time. It can be performed bent over or kneeling, but is more often performed seated on a bench. It's great for emphasizing the biceps peak and is often used to finish a biceps workout. Like most curl variations, these are usually performed for moderate to high reps, such as 8-12 reps per set or more.",strength,biceps,dumbbell,intermediate,7.9,Paul Carter Concentration tekukan
FYR Dumbbell Curl,"The dumbbell biceps curl is a single-joint exercise for building bigger and stronger biceps. Popular among gym goers of all experience levels, this move can be done seated or standing. It is generally performed for moderate to high reps, such as 8-12 reps or higher, as part of the arm-focused portion of a workout.",strength,biceps,dumbbell,intermediate,7.9,FYR dumbbell tekukan
Dumbbell biceps curl to upright row,"The dumbbell biceps curl to upright row is a dumbbell complex that combines two exercises that build and strengthen the biceps, traps, and the middle head of the deltoids. It is usually performed one rep of each movement at a time, although you could perform more reps of each, or increase the reps in successive rounds (e.g., 1 rep in round 1, 2 reps in round 2, etc.). No matter how you structure the sets and reps, it is a time-efficient way to hit multiple upper-body muscles in any workout.",strength,biceps,dumbbell,intermediate,7.9,dumbbell bisep tekukan to tarikan tegak
FYR Dumbbell Hammer Curl,"This curl is performed simultaneously with dumbbells but without wrist supination. Throughout each rep, the wrists remain neutral, like a carpenter hammering a nail.",strength,biceps,dumbbell,intermediate,7.9,FYR dumbbell Hammer tekukan
Dumbbell overhead hold with single-arm curl,"The dumbbell overhead hold with single-arm curl combines an isometric overhead hold with a curl for the other arm. The two movements collectively target the muscles of the shoulders and arms, while providing a surprising core challenge. Expect to be challenged, even with light weight.",strength,biceps,dumbbell,intermediate,7.9,dumbbell overhead tahan with satu lengan tekukan
FYR Kneeling Biceps,The kneeling concentration curl allows you to target the biceps without having the ability to use momentum from the rest of your body to move the weight.,strength,biceps,dumbbell,intermediate,7.9,FYR Kneeling bisep
Lunge hold dumbbell curl,"The lunge hold dumbbell curl is a challenging complex that combines an isometric hold at the bottom of a lunge with a dumbbell biceps curl. The two exercises combine to target the legs, core, and biceps. The curl will determine the amount of weight you can use, but even a light weight will make the lunge hold seriously challenging.",strength,biceps,dumbbell,intermediate,7.9,lunge tahan dumbbell tekukan
FYR Dumbbell Biceps Curl,"The dumbbell biceps curl is a single-joint exercise for building bigger and stronger biceps. Popular among gym goers of all experience levels, this move can be done seated or standing. It is generally performed for moderate to high reps, such as 8-12 reps or higher, as part of the arm-focused portion of a workout.",strength,biceps,dumbbell,intermediate,7.9,FYR dumbbell bisep tekukan
Alternating dumbbell snatch,"The alternating dumbbell snatch is an explosive exercise that builds full-body power and targets the muscles of the hips, back, and shoulders. Performing it by alternating arms gives each arm the chance to recover, allowing you to do a greater amount of quality work. It can be performed for low reps with a focus on power and speed, or for higher reps to build muscle or as part of a metabolic conditioning circuit.",strength,biceps,dumbbell,intermediate,7.9,bergantian dumbbell snatch
TBS Incline Dumbbell Curl,The incline dumbbell biceps curl is an isolation exercise targeting the biceps. This variation targets the long head of the biceps more than a traditional curl and there is more overall tension to this muscle.,strength,biceps,dumbbell,intermediate,7.9,TBS miring dumbbell tekukan
TBS Hammer Curl,"The alternating hammer curl is performed with dumbbells but without wrist supination. Throughout each rep, the wrists remain neutral, like a carpenter hammering a nail.",strength,biceps,dumbbell,intermediate,7.9,TBS Hammer tekukan
Reverse-grip dumbbell curl,"With the reverse-grip dumbbell curl, the palms face down, not up. This unorthodox wrist position simultaneously targets the biceps while also building forearm and grip strength. The move can be performed standing or seated. Because grip is a limiting factor, it is usually performed for moderate to high reps, such as 8-10 reps per set.",strength,biceps,dumbbell,intermediate,7.9,Reverse-grip dumbbell tekukan
Incline Dumbbell Curl - Gethin Variation,The incline dumbbell biceps curl is an isolation exercise targeting the biceps. This variation targets the long head of the biceps more than a traditional curl and there is more overall tension to this muscle.,strength,biceps,dumbbell,intermediate,7.9,miring dumbbell tekukan - Gethin Variation
Hammer curl,"The hammer curl is a dumbbell movement that focuses on the biceps, brachialis, and forearm muscles. Throughout each rep, the wrists remain neutral, like a carpenter hammering a nail. It is generally performed for moderate to high reps, such as 8-12 reps or more, as part of the arm-focused portion of a workout.",strength,biceps,dumbbell,intermediate,7.9,Hammer tekukan
Seated Dumbbell Curl - Gethin Variation,"The seated dumbbell biceps curl is a standard exercise for building bigger biceps. While dumbbell biceps curls can be performed standing, this version involves sitting on a bench.",strength,biceps,dumbbell,intermediate,7.9,duduk dumbbell tekukan - Gethin Variation
Dumbbell Hammer Curl - Gethin Variation,"This curl is performed simultaneously with dumbbells but without wrist supination. Throughout each rep, the wrists remain neutral, like a carpenter hammering a nail.",strength,biceps,dumbbell,intermediate,7.9,dumbbell Hammer tekukan - Gethin Variation
Single-arm seated dumbbell curl,"The single-arm seated dumbbell curl is a popular exercise for building bigger biceps. Performing it one arm at a time may allow you to use slightly heavier weight, while focusing on really feeling the mind-muscle connection in the working arm. Like most curl variations, these are usually performed for moderate to high reps, such as 8-12 reps per set or more.",strength,biceps,dumbbell,intermediate,7.9,satu lengan duduk dumbbell tekukan
Lying Cable Curl - Gethin Variation,The lying cable biceps curl is an isolation exercise that eliminates the possibility of using momentum from the lower body to raise the weight.,strength,biceps,dumbbell,intermediate,7.9,berbaring kabel tekukan - Gethin Variation
Dumbbell biceps curl,"The dumbbell biceps curl is a single-joint exercise for building bigger and stronger biceps. Popular among gym goers of all experience levels, this move can be done seated or standing. It is generally performed for moderate to high reps, such as 8-12 reps or higher, as part of the arm-focused portion of a workout.",strength,biceps,dumbbell,intermediate,7.9,dumbbell bisep tekukan
Seated Biceps Hammer Curl,,strength,biceps,dumbbell,intermediate,7.9,duduk bisep Hammer tekukan
HM Alternating Reverse Lunge With Biceps Curl,,strength,biceps,dumbbell,intermediate,7.9,HM bergantian Reverse lunge With bisep tekukan
AM Hammer Curls,"This curl is performed simultaneously with dumbbells but without wrist supination. Throughout each rep, the wrists remain neutral, like a carpenter hammering a nail.",strength,biceps,dumbbell,intermediate,7.9,AM Hammer tekukan
AM Seated Hammer Curls,"The seated hammer curl is a popular exercise for building bigger biceps. The movement resembles hammering a nail—hence the name. While hammer can be performed standing, this version involves sitting on a bench.",strength,biceps,dumbbell,intermediate,7.9,AM duduk Hammer tekukan
Seated alternating biceps curl,"The seated alternating biceps curl is an exercise that builds bigger and stronger biceps. The alternating technique allows one arm to rest briefly while the other arm lifts. It is usually performed for moderate to high reps, such as 8-12 reps or more, as part of the upper-body or arm-focused portion of a workout.",strength,biceps,dumbbell,intermediate,7.9,duduk bergantian bisep tekukan
Alternating hammer curl,"The alternating hammer curl is performed with dumbbells but without wrist supination. Throughout each rep, the wrists remain neutral, like a carpenter hammering a nail. It is generally performed for moderate to high reps, such as 8-12 reps or more, as part of the arm-focused portion of a workout.",strength,biceps,dumbbell,intermediate,7.9,bergantian hammer tekukan
Alternating biceps curl,"The alternating biceps curl is a single-joint exercise for building bigger and stronger biceps one arm at a time. Popular among gym goers of all experience levels, this move can be done seated or standing. It is generally performed for moderate to high reps, such as 8-12 reps or higher, as part of the arm-focused portion of a workout.",strength,biceps,dumbbell,intermediate,7.9,bergantian bisep tekukan
Holman Slow Biceps Curl,,strength,biceps,dumbbell,intermediate,7.9,Holman Slow bisep tekukan
Holman Biceps Curl to Chest Punch,,strength,biceps,dumbbell,intermediate,7.9,Holman bisep tekukan to dada Punch
Holman Right Arm Heavy Biceps Curl,,strength,biceps,dumbbell,intermediate,7.9,Holman Right lengan Heavy bisep tekukan
Holman Left Arm Heavy Biceps Curl,,strength,biceps,dumbbell,intermediate,7.9,Holman Left lengan Heavy bisep tekukan
Holman Alternating Front Lunge Biceps Curl,,strength,biceps,dumbbell,intermediate,7.9,Holman bergantian depan lunge bisep tekukan
Holman Weighted Double-Time Biceps Curl,,strength,biceps,dumbbell,intermediate,7.9,Holman berbeban Double-Time bisep tekukan
Holman Heavy Right Arm Biceps Curl,,strength,biceps,dumbbell,intermediate,7.9,Holman Heavy Right lengan bisep tekukan
Holman Heavy Left Arm Biceps Curl,,strength,biceps,dumbbell,intermediate,7.9,Holman Heavy Left lengan bisep tekukan
MetaBurn Dumbbell Drag Curl,,strength,biceps,dumbbell,intermediate,7.9,MetaBurn dumbbell Drag tekukan
MetaBurn Hammer Curl to Overhead Press,,strength,biceps,dumbbell,intermediate,7.9,MetaBurn Hammer tekukan to Overhead dorongan
MetaBurn Biceps Curl To Lateral Raise,,strength,biceps,dumbbell,intermediate,7.9,MetaBurn bisep tekukan To Lateral angkat
FYR2 Alternating Dumbbell Curl,,strength,biceps,dumbbell,intermediate,7.9,FYR2 bergantian dumbbell tekukan
FYR2 Pulse Biceps Curl,,strength,biceps,dumbbell,intermediate,7.9,FYR2 Pulse bisep tekukan
FYR2 Seesaw Dumbbell Biceps Curl,,strength,biceps,dumbbell,intermediate,7.9,FYR2 Seesaw dumbbell bisep tekukan
FYR2 Single-Dumbbell Biceps Curl,,strength,biceps,dumbbell,intermediate,7.9,FYR2 Single-dumbbell bisep tekukan
FYR2 Dumbbell Curl-Row Complex,,strength,biceps,dumbbell,intermediate,7.9,FYR2 dumbbell tekukan-tarikan Complex
30 Arms Standing Dumbbell Hammer Curl 21s,,strength,biceps,dumbbell,intermediate,7.9,30 lengan berdiri dumbbell Hammer tekukan 21s
30 Arms Standing Biceps Curl,,strength,biceps,dumbbell,intermediate,7.9,30 lengan tekukan bisep berdiri
30 Arms Standing Alternating Hammer Curl,,strength,biceps,dumbbell,intermediate,7.9,30 lengan berdiri bergantian Hammer tekukan
30 Arms Standing Alternating Biceps Curl,,strength,biceps,dumbbell,intermediate,7.9,30 lengan berdiri bergantian bisep tekukan
30 Arms Single-Arm Hammer Preacher Curl,,strength,biceps,dumbbell,intermediate,7.9,30 lengan satu lengan Hammer tekukan preacher
30 Arms Single-Arm Dumbbell Preacher Curl,,strength,biceps,dumbbell,intermediate,7.9,30 lengan satu lengan dumbbell tekukan preacher
30 Arms Seated Dumbbell Concentration Curl,,strength,biceps,dumbbell,intermediate,7.9,30 lengan duduk dumbbell Concentration tekukan
30 Arms Seated Biceps Curl,,strength,biceps,dumbbell,intermediate,7.9,30 lengan duduk bisep tekukan
30 Arms Seated Alternating Biceps Curl,,strength,biceps,dumbbell,intermediate,7.9,30 lengan duduk bergantian bisep tekukan
30 Arms Incline Hammer Curl,,strength,biceps,dumbbell,intermediate,7.9,30 lengan miring Hammer tekukan
30 Arms Incline Dumbbell Triceps Extension,,strength,biceps,dumbbell,intermediate,7.9,30 lengan miring dumbbell trisep ekstensi
30 Arms Hammer Curl,,strength,biceps,dumbbell,intermediate,7.9,30 lengan Hammer tekukan
Reverse Plate Curls,,strength,biceps,other,beginner,7.2,Reverse pelat tekukan
Standing Biceps Stretch,,stretching,biceps,other,beginner,7.1,berdiri bisep Stretch
Suspended Curl,,strength,biceps,other,beginner,0.0,Suspended tekukan
Plate hammer curl,"The plate hammer curl is an exercise that targets the long head of the biceps as well as the brachialis and brachioradialis muscles. Typically hammer curls are done with dumbbells, but in this case, holding a weight plate places the hands in the same neutral position.",strength,biceps,other,beginner,0.0,pelat hammer tekukan
Barbell spider curl,"The barbell spider curl is an exercise targeting the biceps and performed face down on either an incline bench or on the flat side of a preacher bench. The vertical bench angle helps to isolate the biceps and limit involvement of the shoulder muscles. This curl variation is usually performed for moderate to high reps, such as 8-12 reps per set or more, as part of upper-body or arm-focused training.",strength,biceps,other,intermediate,7.9,barbell spider tekukan
Barbell forehead curl,"The barbell forehead curl is a classic movement from the Golden Age of bodybuilding and is often associated with Dave ""The Blond Bomber"" Draper. The barbell is brought up to your forehead instead of to your chest, emphasizing the squeeze and peak contraction. It is usually performed for moderate to high reps, such as 8-12 reps per set.",strength,biceps,other,intermediate,7.9,barbell forehead tekukan
Overhead cable curl,"Also known as a crucifix curl, the overhead cable curl is a biceps-focused exercise performed between two cable stacks, using a pair of D-handles. The arms and elbows are held at shoulder height throughout the movement, and both hands curl in toward the ears. This position is designed to eliminate shoulder involvement and momentum, while targeting the biceps peak. This movement is generally done for moderate to high reps, such as 8-12 reps per set or more, as part of arm-focused training.",strength,biceps,cable,intermediate,9.0,Overhead kabel tekukan
Standing One-Arm Cable Curl,The single-arm cable biceps curl is a single-joint isolation exercise for building the biceps. This move is intended to be strict and deliberate; this is not an exercise for using momentum or otherwise cheating.,strength,biceps,cable,beginner,8.8,berdiri One-lengan kabel tekukan
Reverse Cable Curl,,strength,biceps,cable,beginner,8.7,Reverse kabel tekukan
Standing Biceps Cable Curl,"The cable straight-bar biceps curl takes a classic bodybuilding exercise, the standing barbell curl, and replaces the barbell with a handle attached to a cable. This is a common burnout move performed for moderate to high reps, such as 8-12 reps per set, as part of an upper-body or arm-focused workout.",strength,biceps,cable,intermediate,8.5,berdiri bisep kabel tekukan
Cable rope hammer curl,"The cable rope hammer curl is a popular arm-focused exercise performed with a rope handle attached by a cable to a weight stack. It uses a neutral (palms facing one another) grip, which targets the forearms and brachialis muscles in addition to the biceps. Because grip is a limitation, it is usually performed for moderate to high reps, such as 8-12 reps per set or more.",strength,biceps,cable,intermediate,8.2,kabel tali hammer tekukan
Lying cable biceps curl,"The lying cable biceps curl is a cable exercise that targets the biceps. It is performed lying on the back, either on a bench or the ground, with the feet facing toward a cable stack. This movement is usually performed for moderate to high reps for a burn and pump as part of an arm-focused workout.",strength,biceps,cable,beginner,8.2,berbaring kabel bisep tekukan
Cable rope preacher hammer curl,"The cable rope preacher hammer curl is a single-joint arm exercise that builds strength and size in the biceps using a cable stack, a preacher bench, and a rope grip. The neutral or ""hammer"" grip amplifies activation of both the grip and the brachialis muscles, building arm thickness. The angle of the bench also effectively removes the shoulders from the movement, largely isolating the biceps. It is generally performed for higher reps, at least 8-15 per set.",strength,biceps,cable,beginner,7.5,kabel tali preacher hammer tekukan
Lying Close-Grip Bar Curl On High Pulley,The lying high-cable biceps curl is an unusual move for building the biceps—but it’s a highly effective one. Lying prone and curling down toward you provides a different stimulus than more standard approaches allow.,strength,biceps,cable,beginner,7.1,berbaring pegangan sempit Bar tekukan On High Pulley
Cable EZ-Bar Preacher Curl - Gethin Variation,"The cable preacher curl is a single-joint arm exercise that builds strength and size in the biceps using a cable stack and a preacher bench. It is popular in muscle-building arm workouts because the angle of the bench effectively removes the shoulders from the movement, largely isolating the biceps. It is generally performed for higher reps, at least 8-15 per set.",strength,biceps,cable,intermediate,7.9,kabel EZ-Bar tekukan preacher - Gethin Variation
Squatting cable EZ-bar biceps curl,"The squatting cable EZ-bar biceps curl is an exercise that builds and strengthens the biceps while the lower body is in a static squat position. It is usually performed for higher rep sets, such as 8-12 reps per set or more, in combination with other curls or arm training. It is most similar in arm positioning to a preacher curl, but has some unique benefits to the lower body, as well.",strength,biceps,cable,intermediate,7.9,Squatting kabel EZ-bar bisep tekukan
Cable straight-bar biceps curl,"The cable straight-bar biceps curl takes a classic bodybuilding exercise, the standing barbell curl, and replaces the barbell with a handle attached to a cable. This is a common burnout move performed for moderate to high reps, such as 8-12 reps per set, as part of an upper-body or arm-focused workout.",strength,biceps,cable,intermediate,7.9,kabel straight-bar bisep tekukan
Standing reverse-grip cable curl,"The standing reverse-grip cable curl takes a classic bodybuilding exercise, the reverse barbell curl, and tweaks it by using a handle attached to a cable stack instead. It targets the forearm muscles and brachialis to a greater degree than underhand biceps curl variations. Because grip is a limitation, this move is commonly performed for moderate to high reps, such as 8-12 reps per set or more, as part of an upper-body or arm-focused workout.",strength,biceps,cable,intermediate,7.9,berdiri reverse-grip kabel tekukan
Lying high-cable biceps curl,The lying high-cable biceps curl is a single-joint exercise targeting the biceps in a prone (face-up) position. It is usually performed for moderate to high reps as part of the arm-focused portion of a workout.,strength,biceps,cable,intermediate,7.9,berbaring high-kabel bisep tekukan
High-Pulley Cable Curl - Gethin Variation,"Also known as a crucifix curl, the overhead cable curl is a biceps-focused exercise performed between two cable stacks, using a pair of D-handles. The arms and elbows are held at shoulder height throughout the movement, and both hands curl in toward the ears. This position is designed to eliminate shoulder involvement and momentum, while targeting the biceps peak. This movement is generally done for moderate to high reps, such as 8-12 reps per set or more, as part of arm-focused training.",strength,biceps,cable,intermediate,7.9,High-Pulley kabel tekukan - Gethin Variation
Standing High Cable Curl - Gethin Variation,"The cable straight-bar biceps curl takes a classic bodybuilding exercise, the standing barbell curl, and replaces the barbell with a handle attached to a cable. This is a common burnout move performed for moderate to high reps, such as 8-12 reps per set, as part of an upper-body or arm-focused workout.",strength,biceps,cable,intermediate,7.9,berdiri High kabel tekukan - Gethin Variation
High Cable Curls,The lying high-cable biceps curl is a single-joint exercise targeting the biceps in a prone (face-up) position. It is usually performed for moderate to high reps as part of the arm-focused portion of a workout.,strength,biceps,cable,intermediate,7.9,High kabel tekukan
Seated cable biceps curl,The seated cable biceps curl is a single-joint arm exercise intended to isolate the biceps. The seated position helps eliminate the use of momentum. This movement is usually performed for moderate to high reps for a burn and pump as part of an arm-focused workout.,strength,biceps,cable,intermediate,7.9,duduk kabel bisep tekukan
Lying Close-Grip Bar Curl On High Pulley - Gethin Variation,The lying high-cable biceps curl is an unusual move for building the biceps—but it’s a highly effective one. Lying prone and curling down toward you provides a different stimulus than more standard approaches allow.,strength,biceps,cable,intermediate,7.9,berbaring pegangan sempit Bar tekukan On High Pulley - Gethin Variation
Standing Cable Curl - Gethin Variation,"The cable straight-bar biceps curl takes a classic bodybuilding exercise, the standing barbell curl, and replaces the barbell with a handle attached to a cable. This is a common burnout move performed for moderate to high reps, such as 8-12 reps per set, as part of an upper-body or arm-focused workout.",strength,biceps,cable,intermediate,7.9,berdiri kabel tekukan - Gethin Variation
Double Arm Cable Biceps Curl,,strength,biceps,cable,intermediate,7.9,Double lengan kabel bisep tekukan
AM Cable Biceps Curl,"The cable straight-bar biceps curl takes a classic bodybuilding exercise, the standing barbell curl, and replaces the barbell with a handle attached to a cable. This is a common burnout move performed for moderate to high reps, such as 8-12 reps per set, as part of an upper-body or arm-focused workout.",strength,biceps,cable,intermediate,7.9,AM kabel bisep tekukan
Single-arm cable biceps curl,"The single-arm cable biceps curl is a single-joint isolation exercise for building the biceps. This move is intended to be strict and deliberate; this is not an exercise for using momentum or otherwise cheating. It is usually performed for moderate to high reps, such as 8-12 reps or more per set, as part of an arm-focused workout.",strength,biceps,cable,intermediate,7.9,satu lengan kabel bisep tekukan
UP Cable Curl With Straight Bar,,strength,biceps,cable,intermediate,7.9,UP kabel tekukan With Straight Bar
30 Arms Cable Rope Hammer Curl,,strength,biceps,cable,intermediate,7.9,30 lengan kabel tali Hammer tekukan
30 Arms Squatting Cable Straight-Bar Curl,,strength,biceps,cable,intermediate,7.9,30 lengan Squatting kabel Straight-Bar tekukan
30 Arms High Cable Curl,,strength,biceps,cable,intermediate,7.9,30 lengan High kabel tekukan
30 Arms Cable Straight-Bar Curl,,strength,biceps,cable,intermediate,7.9,30 lengan kabel Straight-Bar tekukan
30 Arms Cable Concentration Curl,,strength,biceps,cable,intermediate,7.9,30 lengan kabel Concentration tekukan
30 Arms BFR High Cable Curl,,strength,biceps,cable,intermediate,7.9,30 lengan BFR High kabel tekukan
BFR cable rope hammer curl,"The blood flow restriction (BFR) cable rope hammer curl is an arm movement that builds biceps size and strength using a cable stack, rope grip, and blood flow restriction bands. It is popular in high-rep ""pump""-style arm workouts. The bands should be placed as high as possible on your arms, at a tightness of no greater than 8 on a scale of 10. Most BFR workouts recommend using a far lighter weight than usual, perhaps as low as 25-50 percent of a normal working weight.",strength,biceps,cable,intermediate,7.9,BFR kabel tali hammer tekukan
Machine Bicep Curl,,strength,biceps,machine,beginner,9.0,mesin Bicep tekukan
Machine Preacher Curls,The machine preacher curl is an isolation exercise targeting the biceps.,strength,biceps,machine,beginner,8.3,mesin Preacher tekukan
Single-arm machine preacher curl,"The single-arm machine preacher curl is a popular exercise to build size and strength in the biceps. It approximates the motion of a free-weight preacher curl, but uses a selectorized weight stack or plate-loaded machine. Many such machines offer different grips and grip widths. Machine biceps curls are often done for moderate to high reps, such as 8-12 reps per set or more, as part of the upper-body or arm-focused portion of a workout.",strength,biceps,machine,intermediate,7.9,satu lengan mesin tekukan preacher
Machine preacher curl,"The machine preacher curl is a popular exercise to build size and strength in the biceps. It approximates the motion of a free-weight preacher curl, but uses a selectorized weight stack or plate-loaded machine. Many such machines offer different grips and grip widths. Machine biceps curls are often done for moderate to high reps, such as 8-12 reps per set or more, as part of the upper-body or arm-focused portion of a workout.",strength,biceps,machine,intermediate,7.9,mesin tekukan preacher
Smith machine drag curl,"The Smith machine drag curl is a biceps-focused exercise using the bar in a Smith machine. It is usually trained in moderate to high reps, at least 8-15 reps per set, and can work in the biceps-focused portion of any workout.",strength,biceps,machine,intermediate,7.9,Smith mesin drag tekukan
30 Arms BFR Machine Preacher Curl,,strength,biceps,machine,intermediate,7.9,30 lengan BFR mesin tekukan preacher
Seated Biceps,,stretching,biceps,body only,beginner,5.0,duduk bisep
TBS Chin-Up,"The a chin-up is a variation of the pull-up exercise in which the reps are performed with the palms facing toward the body, in an underhand position, with a grip that is narrower than shoulder-width. Like other pull-up variations, it builds strength and muscle in the upper back, biceps, and core, but it utilizes the biceps slightly more than overhand pull-ups. It can be used as a more shoulder-friendly alternative to straight-bar pull-ups, or to help perform more reps than you can perform overhand.",strength,biceps,body only,intermediate,7.9,TBS chin-up
Pull-up - Gethin Variation,"The pull-up is a multi-joint bodyweight exercise that builds strength and muscle in the upper back, biceps, and core. It is often used as a measurement tool in military or tactical fitness tests, and is an excellent gauge of “relative strength” which is strength in relation to bodyweight.",strength,biceps,body only,intermediate,7.9,tarikan-up - Gethin Variation
UN Pull-Up Supinated,,strength,biceps,body only,intermediate,7.9,UN tarikan-up Supinated
UN Pull-Up Pronated,,strength,biceps,body only,intermediate,7.9,UN tarikan-up Pronated
UN Pull-Up Neutral,,strength,biceps,body only,intermediate,7.9,UN tarikan-up Neutral
EZ-Bar Curl,"The standing EZ-bar curl is an immensely popular exercise targeting the biceps. It is commonly performed for moderate to high reps as part of an upper body or arms-focused workout. Many gyms even have EZ-bars at fixed weights, allowing for easy weight changes.",strength,biceps,e-z curl bar,intermediate,9.1,EZ-Bar tekukan
Reverse Barbell Preacher Curls,"The reverse-grip barbell curl is a variation on the biceps curl where the palms face downward. The switch from an underhand to an overhand grip brings the forearm and brachialis muscles more into the exercise. If it is uncomfortable to the wrists, try performing it on the angles of an EZ-curl bar.",strength,biceps,e-z curl bar,beginner,8.8,Reverse barbell Preacher tekukan
Close-Grip EZ-Bar Curl with Band,,strength,biceps,e-z curl bar,beginner,7.9,pegangan sempit EZ-Bar tekukan with band
Standing EZ-Bar Curl - Gethin Variation,"The standing EZ-bar curl is an immenselyp popular exercise targeting the biceps. It is commonly performed for moderate to high reps as part of an upper body or arms-focused workout. Many gyms even have EZ-bars at fixed weights, allowing for easy weight changes.",strength,biceps,e-z curl bar,intermediate,7.9,berdiri EZ-Bar tekukan - Gethin Variation
TBS EZ-Bar Curl,"The standing EZ-bar curl is an immenselyp popular exercise targeting the biceps. It is commonly performed for moderate to high reps as part of an upper body or arms-focused workout. Many gyms even have EZ-bars at fixed weights, allowing for easy weight changes.",strength,biceps,e-z curl bar,intermediate,7.9,TBS EZ-Bar tekukan
Standing EZ-bar curl,"The standing EZ-bar curl is a popular exercise targeting the biceps. It is commonly performed for moderate to high reps as part of an upper-body or arm-focused workout. Many gyms even have EZ-bars at fixed weights, allowing for easy weight changes.",strength,biceps,e-z curl bar,intermediate,7.9,berdiri EZ-bar tekukan
30 Arms Standing Overhand EZ-Bar Curl,,strength,biceps,e-z curl bar,intermediate,7.9,30 lengan berdiri Overhand EZ-Bar tekukan
30 Arms EZ-Bar Spider Curl,,strength,biceps,e-z curl bar,intermediate,7.9,30 lengan EZ-Bar Spider tekukan
30 Arms EZ-Bar Preacher Curl,,strength,biceps,e-z curl bar,intermediate,7.9,30 lengan EZ-Bar tekukan preacher
30 Arms Standing EZ-Bar Curl,,strength,biceps,e-z curl bar,intermediate,7.9,30 lengan berdiri EZ-Bar tekukan
Calf Raises - With Bands,,strength,calves,bands,beginner,4.8,betis angkat - With Bands
Peroneals Stretch,,stretching,calves,bands,intermediate,3.3,Peroneals Stretch
Posterior Tibialis Stretch,,stretching,calves,bands,intermediate,1.0,Posterior Tibialis Stretch
Calf SMR,"Calf self-myofascial release (SMR) is a self-administered soft-tissue treatment for the lower body, usually using a foam roller, lacrosse ball, or other ""trigger point"" massage tool. By applying pressure strategically to the calf muscles of the lower leg, some people find they can cause this often painful and tight muscle to relax or ""release."" Calf SMR is often accompanied by SMR on the quadriceps muscles, or by stretches that target the calves.",stretching,calves,foam roll,beginner,6.0,betis SMR
Rocking Standing Calf Raise,,strength,calves,barbell,beginner,8.7,Rocking angkat betis berdiri
Standing barbell calf raise,"The standing barbell calf raise is a popular exercise to target the calf muscles of the lower leg, particularly the gastrocnemius muscle. It can be performed for time or for reps, either using a barbell or Smith machine bar if balance is a problem.",strength,calves,barbell,beginner,8.2,berdiri barbell betis angkat
Barbell Seated Calf Raise,,strength,calves,barbell,beginner,7.6,barbell angkat betis duduk
Smith machine standing calf raise,"The Smith machine standing calf raise is a machine-based exercise targeting the muscles of the calves, particularly the gastrocnemius or upper calf muscle. It is usually performed for moderate to high reps, such as 8-12 reps per set or more, as part of the lower-body portion of a workout.",strength,calves,barbell,intermediate,7.9,Smith mesin angkat betis berdiri
Calf Raise On A Dumbbell,,strength,calves,dumbbell,beginner,4.8,betis angkat On A dumbbell
Standing Dumbbell Calf Raise,"The standing dumbbell calf raise is a popular exercise to target the calf muscles of the lower leg, and in particular the gastrocnemius muscles. It can be performed for time or for reps, either two dumbbells, or one if balance is a problem and you would like to use your free hand to hold a fixed object.",strength,calves,dumbbell,intermediate,7.9,berdiri dumbbell betis angkat
Single-leg standing dumbbell calf raise,"The single-leg standing dumbbell calf raise is a popular exercise to target the calf muscles of the lower leg, particularly the gastrocnemius muscle. It can be performed for time or for reps, either with two dumbbells or with one if balance is a problem and you would like to use your free hand to hold a fixed object.",strength,calves,dumbbell,intermediate,7.9,Single-kaki berdiri dumbbell betis angkat
Dumbbell walking calf raise,"The dumbbell walking calf raise is a dynamic exercise targeting the calf muscles of the lower leg, particularly the gastrocnemius muscle. It can be performed for distance or for reps.",strength,calves,dumbbell,intermediate,7.9,dumbbell walking betis angkat
Balance Board,,strength,calves,other,beginner,7.5,Balance Board
Weighted donkey calf raise,"The weighted donkey calk raise is a strength and muscle-building exercise focused on the muscles of the lower leg, most prominently the gastrocnemius muscle. While traditional donkey calf raises involved either a specific machine or carrying another person on one's back, this method uses a weight belt. It can be done in traditional muscle-building rep ranges, or for higher reps as part of lower-body training.",strength,calves,other,intermediate,7.4,berbeban donkey betis angkat
Anterior Tibialis-SMR,,stretching,calves,other,beginner,5.3,Anterior Tibialis-SMR
Foot-SMR,,stretching,calves,other,beginner,2.7,Foot-SMR
Agility Ladder,,cardio,calves,other,intermediate,7.9,Agility Ladder
Single-leg machine seated calf raise,"The single-leg machine seated calf raise is an exercise targeting the calf muscles of the lower leg, particularly the soleus muscle. It is usually performed for moderate to high reps, such as 8-12 reps per set, but occasionally for higher reps of 20 per set or more.",strength,calves,other,intermediate,7.9,Single-kaki mesin angkat betis duduk
Smith Machine Calf Raise,"The Smith machine standing calf raise is a machine-based exercise targeting the muscles of the calves, particularly the gastrocnemius or upper calf muscle. It is usually performed for moderate to high reps, such as 8-12 reps per set or more, as part of the lower-body portion of a workout.",strength,calves,machine,intermediate,9.2,Smith mesin betis angkat
Standing Calf Raises,"The standing calf raise is a popular movement to target the calf muscles of the lower leg, and in particular the gastrocnemius muscles. When unweighted, it is usually performed for high reps or for time.",strength,calves,machine,beginner,9.0,berdiri betis angkat
Seated Calf Raise,"The machine seated calf raise is an exercise targeting the calf muscles of the lower leg, particularly the soleus muscle. It is usually performed for moderate to high reps, such as 8-12 reps per set, and occasionally for very high burnout-focused sets of 50-100 total reps.",strength,calves,machine,intermediate,8.7,angkat betis duduk
Calf Press On The Leg Press Machine,"The leg press calf raise is an exercise that uses the leg press machine to work the calves. With the toes and balls of your feet on the platform but heels off, you push forward to work the calves.",strength,calves,machine,intermediate,8.7,betis dorongan On The dorongan kaki mesin
Calf Press,"The standing calf raise is a popular movement to target the calf muscles of the lower leg, and in particular the gastrocnemius muscles. When unweighted, it is usually performed for high reps or for time.",strength,calves,machine,beginner,8.5,betis dorongan
Smith Machine Reverse Calf Raises,,strength,calves,machine,beginner,7.3,Smith mesin Reverse betis angkat
Seated Single-Leg Calf Press - Gethin Variation,"The single-leg machine seated calf raise is an exercise targeting the calf muscles of the lower leg, particularly the soleus muscle. It is usually performed for moderate to high reps, such as 8-12 reps per set, but occasionally for higher reps of 20 per set or more.",strength,calves,machine,intermediate,7.9,duduk Single-kaki betis dorongan - Gethin Variation
Seated Calf Raise - Gethin Variation,"The machine seated calf raise is an exercise targeting the calf muscles of the lower leg, particularly the soleus muscle. It is usually performed for moderate to high reps, such as 8-12 reps per set, and occasionally for very high burnout-focused sets of 50-100 total reps.",strength,calves,machine,intermediate,7.9,angkat betis duduk - Gethin Variation
Donkey Calf Raise - Gethin Variation,"The donkey calk raise is a strength and muscle-building exercise focused on the muscles of the lower leg, most prominently the gastrocnemius muscle. While traditional donkey calf raises involved either a specific machine or carrying another person on one's back, this method uses a weight belt. It can be done in traditional muscle-building rep ranges, or for higher reps as part of lower-body training.",strength,calves,machine,intermediate,7.9,Donkey betis angkat - Gethin Variation
Standing Calf Raise Facing Hack Squat Machine - Gethin Variation,The reverse hack squat calf raise is a varation of the standing calf raise to target them in a different manner.,strength,calves,machine,intermediate,7.9,angkat betis berdiri Facing Hack squat mesin - Gethin Variation
Calf Press On A Hack Squat Machine - Gethin Variation,The hack squat calf raise is a variation of the standing calf raise to target them in a different manner than seated or fully standing.,strength,calves,machine,intermediate,7.9,betis dorongan On A Hack squat mesin - Gethin Variation
Smith Machine Standing Calf Raises - Gethin Variation,"The Smith machine standing calf raise is a machine-based exercise targeting the muscles of the calves, particularly the gastrocnemius or upper calf muscle. It is usually performed for moderate to high reps, such as 8-12 reps per set or more, as part of the lower-body portion of a workout.",strength,calves,machine,intermediate,7.9,Smith mesin berdiri betis angkat - Gethin Variation
Hack squat calf raise,"The hack squat calf raise is a variation of the standing calf raise performed in a hack squat machine. This allows for heavy loading, but also shoulder comfort from the pads of the hack squat. Calf raise variations are often performed for relatively high reps, such as 10-20 reps per set or more.",strength,calves,machine,intermediate,7.9,Hack squat betis angkat
Seated Calf Press - Gethin Variation,"The machine seated calf raise is an exercise targeting the calf muscles of the lower leg, particularly the soleus muscle. It is usually performed for moderate to high reps, such as 8-12 reps per set, and occasionally for very high burnout-focused sets of 50-100 total reps.",strength,calves,machine,intermediate,7.9,duduk betis dorongan - Gethin Variation
Leg press calf raise,"The leg press calf raise is a variation of the standing calf raise performed in a leg press machine. This allows for heavy loading, but also shoulder comfort from the pads of the leg press. Calf raise variations are often performed for relatively high reps, such as 10-20 reps per set or more.",strength,calves,machine,intermediate,7.9,dorongan kaki betis angkat
Machine seated calf raise,"The machine seated calf raise is an exercise targeting the calf muscles of the lower leg, particularly the soleus muscle. It is usually performed for moderate to high reps, such as 8-12 reps per set, and occasionally for very high burnout-focused sets of 50-100 total reps.",strength,calves,machine,intermediate,7.9,mesin angkat betis duduk
30 Legs Seated Calf Raise,,strength,calves,machine,intermediate,7.9,30 kaki angkat betis duduk
30 Legs Standing Calf Raise,,strength,calves,machine,intermediate,7.9,30 kaki angkat betis berdiri
Peroneals-SMR,,stretching,calves,body only,intermediate,6.4,Peroneals-SMR
Knee Circles,,stretching,calves,body only,beginner,6.3,Knee Circles
Standing Gastrocnemius Calf Stretch,,stretching,calves,body only,intermediate,5.6,berdiri Gastrocnemius betis Stretch
Wall calf stretch,The wall calf stretch is a stretch targeting the calf muscles. This is a simple way to stretch these often-tight muscles without any equipment needed.,stretching,calves,body only,intermediate,5.3,Wall betis stretch
Seated Calf Stretch,,stretching,calves,body only,intermediate,4.1,duduk betis Stretch
Standing Calf Raise,"The standing calf raise is a popular movement to target the calf muscles of the lower leg, and in particular the gastrocnemius muscles. When unweighted, it is usually performed for high reps or for time.",strength,calves,body only,intermediate,7.9,angkat betis berdiri
Standing calf raise-,"The standing calf raise is a popular movement to target the calf muscles of the lower leg, particularly the gastrocnemius muscle. When unweighted, it is usually performed for high reps or for time.",strength,calves,body only,intermediate,7.9,angkat betis berdiri-
HM Left Calf-Spike Sumo Pulse,,strength,calves,body only,intermediate,7.9,HM Left betis-Spike Sumo Pulse
Ankle Circles,,stretching,calves,body only,beginner,7.2,Ankle Circles
Calf Stretch Elbows Against Wall,,stretching,calves,body only,beginner,4.9,betis Stretch Elbows Against Wall
Standing Soleus And Achilles Stretch,,stretching,calves,body only,beginner,4.2,berdiri Soleus And Achilles Stretch
Cross Over - With Bands,,strength,chest,bands,beginner,8.3,Cross Over - With Bands
Bench Press - With Bands,,strength,chest,bands,beginner,5.5,bangku dorongan - With Bands
Bench Press With Short Bands,,powerlifting,chest,bands,beginner,0.0,bangku dorongan With Short Bands
Feet-Elevated TRX Push-Up,,strength,chest,bands,beginner,0.0,Feet-Elevated TRX dorongan-up
Band-suspended kettlebell bench press,"The band-suspended kettlebell bench press is a bench press variation where kettlebells or weight plates are hung from the ends of a barbell by looped bands. The suspended weights can be in addition to normally loaded weight plates, or in the place of them. Because the instability of the weights makes the lift difficult, this bench press variety is a popular accessory movement for building the traditional bench press in powerlifting training.",strength,chest,bands,intermediate,7.9,band-suspended kettlebell bangku dorongan
HM Banded Cross-Over Pull,,strength,chest,bands,intermediate,7.9,HM dengan band Cross-Over tarikan
Rusin Band Pull-Apart,,strength,chest,bands,intermediate,7.9,Rusin band tarikan-Apart
UNS Banded Push-Up,,strength,chest,bands,intermediate,7.9,UNS dengan band dorongan-up
Taylor Band-Assisted One-Arm Push-Up,,strength,chest,bands,intermediate,7.9,Taylor band-dengan bantuan One-lengan dorongan-up
Incline band bench press,"The incline band bench press is variation of the incline press, a popular upper-body exercise targeting the upper pectoral muscles. While it can be a strength-focused movement, it is usually performed for moderate to high reps, such as 8-12 reps per set or more, as part of upper-body or chest-focused training.",strength,chest,bands,intermediate,7.9,miring band bangku dorongan
Band push-up,"The band push-up is a progression of the popular bodyweight version of the exercise commonly used in military and tactical physical fitness tests. Adding the dynamic resistance of the band matches the strength curve of the push-up and helps build upper-body muscle and strength, emphasizing the chest, triceps, and shoulders, but also working the upper back and core.",strength,chest,bands,intermediate,7.9,band dorongan-up
Band chest fly,"Similar to the cable chest fly, the band chest fly is a single-joint movement that works the pectoral muscles. The fly is common in upper-body and chest-focused muscle-building workouts, and the band variation works well as a pre-exhaust at the beginning of a workout or a finishing movement at the end. It is often used in combination with other presses or flyes to target the chest from different angles.",strength,chest,bands,intermediate,7.9,band dada fly
Close-grip bench press,"The close-grip bench press is a popular exercise targeting the triceps and chest. The main difference between this exercise and the standard bench press is that the hands and elbows are placed closer together, which places more of an emphasis on the triceps. The close-grip bench press is often used as an accessory movement for the traditional bench press, or as a triceps builder for arm training. Similar to the bench press, it can be trained in low reps for strength or higher reps for muscle or strength endurance.",strength,chest,barbell,intermediate,9.1,dorongan dada pegangan sempit
Barbell Bench Press - Medium Grip,"The bench press is a compound exercise that builds strength and muscle in the chest and triceps. When many people think of listing, the bench press is often the first exercise that comes to mind",strength,chest,barbell,intermediate,9.0,dorongan dada barbell - Medium Grip
Decline barbell bench press,"The decline barbell bench press is a popular upper-body exercise targeting the lower pectoral muscles. While it can be a strength-focused movement, it is usually performed for moderate to high reps, such as 8-12 reps per set or more, as part of upper-body or chest-focused training.",strength,chest,barbell,intermediate,8.9,menurun dorongan dada barbell
Wide-grip bench press,"The wide-grip bench press is a compound exercise targeting the chest and, to a lesser extent, the triceps. The main difference between this exercise and the standard bench press is that the hands are placed farther apart on the bar. Many lifters find they can handle more weight going wide than with narrower grips, although it's also worth noting that plenty of banged-up lifters have said benching with a wide grip may also have contributed to their shoulder injuries and pain. The wide-grip bench is often used as a chest-building movement in chest or upper-body workouts, or as an accessory movement for the traditional bench press.",strength,chest,barbell,beginner,8.9,pegangan lebar bangku dorongan
Wide-Grip Decline Barbell Bench Press,,strength,chest,barbell,beginner,8.9,pegangan lebar menurun dorongan dada barbell
Barbell Incline Bench Press Medium-Grip,The incline bench press is an upper body compound movement that targets the upper chest.,strength,chest,barbell,intermediate,8.8,barbell dorongan dada bangku miring Medium-Grip
Neck Press,,strength,chest,barbell,beginner,8.8,Neck dorongan
Front Raise And Pullover,,strength,chest,barbell,beginner,8.3,depan angkat And Pullover
Board bench press,"The board bench press is an upper-body exercise that is commonly performed as an assistance movement for the bench press. It targets the same muscles as the bench press, including the chest and shoulders, but really focuses on the triceps. Because you can load it more heavily than a full bench press, it allows you to overload the triceps and lock out of the bench press.",powerlifting,chest,barbell,intermediate,7.7,Board bangku dorongan
Barbell Bench Press-Wide Grip,"The wide-grip bench pressis a compound exercise targeting the chest, primarily. The main difference between this exercise and the standard bench press is that the hands are placed wider apart on the bar.",strength,chest,barbell,beginner,7.6,dorongan dada barbell-Wide Grip
Wide-Grip Decline Barbell Pullover,,strength,chest,barbell,beginner,7.3,pegangan lebar menurun barbell Pullover
Barbell Guillotine Bench Press,,strength,chest,barbell,beginner,6.7,barbell Guillotine bangku dorongan
Paul Carter Incline Bench Press,The incline bench press is an upper body compound movement that targets the upper chest.,strength,chest,barbell,intermediate,7.9,Paul Carter dorongan dada bangku miring
Incline bench press,"The incline bench press is a popular barbell exercise targeting the chest muscles, particularly the upper pectoral muscles. While it can be a strength-focused movement, it is usually performed for moderate to high reps, such as 8-12 reps per set or more, as part of upper-body or chest-focused training.",strength,chest,barbell,intermediate,7.9,dorongan dada bangku miring
Bench press,"The bench press is a popular barbell exercise that builds strength and muscle in the chest, triceps, and shoulders. It is a popular way to measure overall upper-body strength, and is contested in the sport of powerlifting. When many people think of lifting, the bench press is often the first exercise that comes to mind. It can be performed for low reps for strength, higher reps for muscle, or for higher reps to build or measure strength endurance, like in the 225-pound bench press rep test in the NFL combine.",strength,chest,barbell,intermediate,7.9,bangku dorongan
TBS Close-Grip Bench Press,The close-grip bench pressis a compound exercise targeting the triceps and chest. The main difference between this exercise and the standard bench press is that the hands and elbows are placed closer together.,strength,chest,barbell,intermediate,7.9,TBS dorongan dada pegangan sempit
AM Flat Bench Barbell Press,"The bench press is a compound exercise that builds strength and muscle in the chest and triceps. When many people think of listing, the bench press is often the first exercise that comes to mind",strength,chest,barbell,intermediate,7.9,AM Flat bangku barbell dorongan
UP Bench Press,"The bench press is a compound exercise that builds strength and muscle in the chest and triceps. When many people think of listing, the bench press is often the first exercise that comes to mind",strength,chest,barbell,intermediate,7.9,UP bangku dorongan
UP Close-Grip Bench Press,The close-grip bench pressis a compound exercise targeting the triceps and chest. The main difference between this exercise and the standard bench press is that the hands and elbows are placed closer together.,strength,chest,barbell,intermediate,7.9,UP dorongan dada pegangan sempit
King Maker Barbell Bench Press,"The bench press is a compound exercise that builds strength and muscle in the chest and triceps. When many people think of listing, the bench press is often the first exercise that comes to mind",strength,chest,barbell,intermediate,7.9,King Maker dorongan dada barbell
King Maker Incline Barbell Bench Press,The incline bench press is an upper body compound movement that targets the upper chest.,strength,chest,barbell,intermediate,7.9,King Maker miring dorongan dada barbell
30 Chest Incline Barbell Bench Press,,strength,chest,barbell,intermediate,7.9,30 dada miring dorongan dada barbell
30 Chest Barbell Bench Press,,strength,chest,barbell,intermediate,7.9,30 dada dorongan dada barbell
30 Chest 30-Degree Incline Dumbbell Press,,strength,chest,barbell,intermediate,7.9,30 dada 30-Degree miring dumbbell dorongan
Spoto press,"The Spoto press is a variation of the popular barbell exercise the bench press that builds strength and muscle in the chest, triceps, and shoulders. It differs from the bench press in that the lifter pauses for a few seconds at the bottom of the movement before pressing the bar back up. This pause removes all momentum and increases the time under tension for the chest and shoulder muscles to help develop upper-body musculature and strength.",strength,chest,barbell,intermediate,7.9,Spoto dorongan
Kettlebell plyo push-up,"The kettlebell plyo push-up is an explosive upper-body movement that uses a kettlebell primarily as a platform for the hands. A short step, dumbbell, or other stationary object could also be used in place of the kettlebell. It can be performed for reps or time, either for low reps to build explosive power or for higher reps for conditioning.",strength,chest,kettlebells,intermediate,8.0,kettlebell plyo dorongan-up
Extended Range One-Arm Kettlebell Floor Press,,strength,chest,kettlebells,beginner,6.3,Extended Range One-lengan kettlebell Floor dorongan
Kettlebell alternating floor press,"The kettlebell alternating floor press limits the range of motion you would achieve with a dumbbell or kettlebell bench press, but still targets the chest, triceps, and anterior delts. This allows you to build strength in the top portion of the lift, overload the triceps, and work on strengthening the shoulder stabilizers.",strength,chest,kettlebells,beginner,6.0,kettlebell bergantian floor dorongan
One-Arm Kettlebell Floor Press,,strength,chest,kettlebells,beginner,0.0,One-lengan kettlebell Floor dorongan
Leg-Over Floor Press,,strength,chest,kettlebells,beginner,0.0,kaki-Over Floor dorongan
FYR2 Push-Up to Kettlebell Hike Combo,,strength,chest,kettlebells,intermediate,7.9,FYR2 dorongan-up to kettlebell Hike Combo
Pushups,"The push-up is a popular bodyweight exercise that is commonly used in military and tactical physical fitness tests. It’s a classic movement to build upper-body muscle and strength, emphasizing the chest, triceps, and shoulders, but also working the upper back and core.",strength,chest,body only,intermediate,9.2,Pushups
Incline Push-Up,"The hands-elevated push-up is a variation on the push-up, a body-weight standard. The hands are elevated, so that your body is aligned at an angle to the floor rather than parallel.",strength,chest,body only,intermediate,8.8,miring dorongan-up
Hands-elevated push-up,"The hands-elevated push-up is a variation on the classic push-up where the hands are placed on a bench or other elevated surface. Having the hands higher than the feet makes it easier than push-ups on the floor, but also puts the emphasis more on the triceps. It can be used as a substitute for floor push-ups or as a mechanical dropset after maxing out on floor push-ups.",strength,chest,body only,beginner,8.7,Hands-elevated dorongan-up
Decline Push-Up,"The feet-elevated push-up is a variation on the push-up, a body-weight standard. The feet are elevated, so that your body is aligned at an angle to the floor rather than parallel.",strength,chest,body only,intermediate,8.6,menurun dorongan-up
Single-Arm Push-Up,,strength,chest,body only,beginner,8.6,satu lengan dorongan-up
Close push-up to wide push-up,"The close push-up to wide push-up combines two variations of a push-up to emphasize the strengthening of different muscles. The close push-up emphasizes the triceps, while the wide push-up emphasizes the chest and shoulders.",strength,chest,body only,intermediate,8.5,Close dorongan-up to wide dorongan-up
Wide-grip hands-elevated push-up,"The wide-grip hands-elevated push-up is a variation on the elevated push-up performed with the hands farther apart than with a standard push-up. Having the hands higher than the feet makes it easier than wide-grip push-ups on the floor, but the extra width also puts more emphasis on the chest muscles. It can be used as a substitute for wide-grip floor push-ups, or as a mechanical dropset after maxing out on floor push-ups.",strength,chest,body only,beginner,8.5,pegangan lebar hands-elevated dorongan-up
Push-Ups With Feet On An Exercise Ball,,strength,chest,body only,intermediate,8.5,dorongan-Ups With Feet On An Exercise Ball
Feet-elevated push-up,"The feet-elevated push-up is a variation on the push-up, a bodyweight standard. The feet are elevated so that your body is aligned at an angle to the floor rather than parallel. This makes it more difficult than push-ups on the floor, but also puts more emphasis on the shoulder muscles. It is often used as a bodyweight substitute for incline presses, or as a burnout movement for a chest or shoulder workout.",strength,chest,body only,intermediate,8.5,Feet-elevated dorongan-up
Isometric Wipers,The typewriter push-up is an advanced push-up variation where the hands are extra wide and you lower toward each hand in alternating reps. It is more challenging to each working arm than traditional push-ups and also stretches and challenges the chest.,strength,chest,body only,beginner,8.4,isometrik Wipers
Clock push-up,"The clock push-up is a series of regular push-ups performed one at a time, moving your hands one step to the side between each one until you've completed a full circle. It targets the same muscles as traditional push-ups, such as the chest, triceps, and shoulders, but adds an endurance and core challenge to traditional push-ups.",strength,chest,body only,beginner,8.4,Clock dorongan-up
Incline Push-Up Depth Jump,,plyometrics,chest,body only,intermediate,8.3,miring dorongan-up Depth Jump
Push-Up Wide,"The wide push-up is a variation of the push-up with the hands wider than shoulder-width apart. It targets upper-body muscle groups including the chest, shoulders, and triceps, but has more of a chest emphasis than narrower-grip push-up variations. If wide push-ups lead to pain in the front of your shoulder, opt for a narrower version.",strength,chest,body only,beginner,8.3,dorongan-up Wide
Sphinx push-up,"The sphinx push-up is a difficult variation of the push-up that ends with the forearms on the ground in front of the body, rather than with the chest on the ground. It puts more stress on the triceps than traditional push-ups. It can be performed for time or reps in any bodyweight workout or during any arms-focused portion of a workout.",strength,chest,body only,intermediate,8.0,Sphinx dorongan-up
Close-Hands Push-Up,"The close push-up is an upper-body exercise that targets the chest, triceps, and shoulders. The close hand position places more emphasis on the triceps.",strength,chest,body only,beginner,7.8,Close-Hands dorongan-up
Tiger-bend push-up,The tiger-bend push-up is an advanced push-up variation where you shift onto your forearms at the bottom position and then back onto your hands and up again. It targets the triceps far more than regular push-ups.,strength,chest,body only,beginner,7.6,Tiger-bend dorongan-up
Plyo push-up,"The plyo push-up is a bodyweight exercise aimed at increasing upper-body power and strength. It targets the muscles of the chest, triceps, and shoulders, and can be trained in low reps for power and strength, or higher reps for conditioning.",plyometrics,chest,body only,beginner,7.5,Plyo dorongan-up
Close-grip hands-elevated push-up,"The close-grip hands-elevated push-up is a variation on the classic push-up where the hands are placed on a bench or other elevated surface. Having the hands higher than the feet makes it easier than close-grip push-ups on the floor, but also puts the emphasis more on the triceps. It can be used as a substitute for floor push-ups or close-grip push-ups, or as a mechanical dropset after maxing out on floor push-ups.",strength,chest,body only,intermediate,7.4,pegangan sempit hands-elevated dorongan-up
Suspended push-up,"The suspended push-up is a bodyweight pushing exercise performed on a suspension strap system or gymnastic rings. It targets the chest, shoulders, and triceps, but is also challenging to the core and upper back. It can work in traditional strength and muscle-building rep ranges or for higher reps.",strength,chest,body only,intermediate,7.3,Suspended dorongan-up
Push Up to Side Plank,"The push-up to side plank is an upper-body and core-focused exercise combining two popular bodyweight movements. It targets the chest, triceps, and shoulders with the push-up, and the obliques and hip external rotator muscles with the side plank. It can be performed as part of a dynamic warm-up or any bodyweight strength-training workout.",strength,chest,body only,intermediate,7.1,dorongan Up to plank samping
Isometric Chest Squeezes,,plyometrics,chest,body only,beginner,7.1,isometrik dada Squeezes
Side-to-side push-up,The side-to-side push-up is a variation of the push-up exercise where you side-step the opposite hand and foot and perform a push-up.,strength,chest,body only,beginner,6.7,samping-to-samping dorongan-up
Typewriter push-up,The typewriter push-up is an advanced push-up variation where the hands are extra wide and you lower toward each hand in alternating reps. It is more challenging to each working arm than traditional push-ups and also stretches and challenges the chest.,strength,chest,body only,beginner,0.0,Typewriter dorongan-up
Diamond push-up,"The diamond push-up is an advanced variation of the push-up exercise performed with the hands in a diamond shape. It increases the challenge to the triceps, but also targets the chest and shoulders.",strength,chest,body only,intermediate,0.0,Diamond dorongan-up
Judo push-up,"The judo push-up is an advanced push-up variation that blends elements of the yoga poses downward- and upward-facing dog. This movement increases the demands on the shoulders, but also has mobility benefits. It can work in a dynamic warm-up or mobility-focused workout, but also in bodyweight strength training.",strength,chest,body only,beginner,0.0,Judo dorongan-up
Superman Push-Up,,plyometrics,chest,body only,beginner,0.0,Superman dorongan-up
Wide push-up,"The wide push-up is a variation of the push-up with the hands wider than shoulder-width apart. It targets upper-body muscle groups including the chest, shoulders, and triceps, but has more of a chest emphasis than narrower-grip push-up variations. If wide push-ups lead to pain in the front of your shoulder, opt for a narrower version.",strength,chest,body only,beginner,0.0,Wide dorongan-up
One-Arm Push-Up,,strength,chest,body only,beginner,0.0,One-lengan dorongan-up
Clapping Push-Up,"Also known as a plyo push-up, the clapping push-up is a bodyweight exercise aimed at increasing upper-body power and strength. It targets the muscles of the chest, triceps, and shoulders, and can be trained in low reps for power and strength, or higher reps for conditioning.",plyometrics,chest,body only,beginner,0.0,Clapping dorongan-up
Staggered push-up,"The staggered push-up is a variation of the push-up exercise where your hand position is staggered, with one hand forward and one back. It targets the same muscles as a traditional push-up, including the chest, triceps, and shoulders, but is more difficult to the rear arm and core.",strength,chest,body only,beginner,0.0,Staggered dorongan-up
Reverse-grip hands-elevated push-up,"The reverse-grip hands-elevated push-up is a bodyweight exercise performed on a Smith machine or other elevated surface. It targets the chest, triceps, and shoulders. It can work as a regression of floor reverse-grip push-ups, or in a progressive mechanical dropset moving the bar up once you reach failure at a lower height.",strength,chest,body only,beginner,0.0,Reverse-grip hands-elevated dorongan-up
Triple Clap Push-Up,,plyometrics,chest,body only,beginner,0.0,Triple Clap dorongan-up
Side kick-through push-up,"The side kick-through push-up is a full-body movement that begins in a bear crawl position and ends with a leg kicked out to the side, with a push-up performed between kick-throughs. It is commonly performed for reps or timed bodyweight circuits and animal-style flows, but can also work on its own or as part of a dynamic warm-up or mobility sequence.",strength,chest,body only,intermediate,7.9,samping kick-through dorongan-up
Swimming,,cardio,chest,body only,intermediate,7.9,Swimming
FYR Push-Up,"The push-up is a popular bodyweight exercise that is commonly used in military and tactical physical fitness tests. It’s a classic movement to build upper-body muscle and strength, emphasizing the chest, triceps, and shoulders, but also working the upper back and core.",strength,chest,body only,intermediate,7.9,FYR dorongan-up
Frog push-up,"The frog push-up is an advanced push-up variation that is performed with the legs bent and butt in the air. It heavily targets the triceps and shoulders, but is also quite challenging to the core.",strength,chest,body only,intermediate,7.9,Frog dorongan-up
Wide push-up plank hold,"The wide push-up plank hold is a full-body exercise targeting the core. Because the arms aren't directly under the body, it can be more difficult than traditional push-up planks, especially for the upper back and chest, but also for the core.",strength,chest,body only,intermediate,7.9,Wide dorongan-up plank tahan
Close push-up,"The close push-up is an upper-body exercise that targets the chest, triceps, and shoulders. The close hand position places more emphasis on the triceps.",strength,chest,body only,intermediate,7.9,Close dorongan-up
Push-Up - Gethin Variation,"The push-up is a popular bodyweight exercise that is commonly used in military and tactical physical fitness tests. It’s a classic movement to build upper-body muscle and strength, emphasizing the chest, triceps, and shoulders, but also working the upper back and core.",strength,chest,body only,intermediate,7.9,dorongan-up - Gethin Variation
HM Incline Push-Up On Chair,,strength,chest,body only,intermediate,7.9,HM miring dorongan-up On Chair
HM Push-Up,,strength,chest,body only,intermediate,7.9,HM dorongan-up
HM Push-Plank,,strength,chest,body only,intermediate,7.9,HM dorongan-plank
AM Chest Dips,The chest dip is a chest-building exercise in which the lifter hangs between two parallel handles. Leaning the torso slightly forward shifts the emphasis from the triceps to the chest.,strength,chest,body only,intermediate,7.9,AM dada Dips
Push-up,"The push-up is a popular bodyweight exercise that is commonly used in military and tactical physical fitness tests. It’s a classic movement to build upper-body muscle and strength, emphasizing the chest, triceps, and shoulders, but also working the upper back and core.",strength,chest,body only,intermediate,7.9,dorongan-up
UP Push-up,"The push-up is a popular bodyweight exercise that is commonly used in military and tactical physical fitness tests. It’s a classic movement to build upper-body muscle and strength, emphasizing the chest, triceps, and shoulders, but also working the upper back and core.",strength,chest,body only,intermediate,7.9,UP dorongan-up
UN Push-Up,,strength,chest,body only,intermediate,7.9,UN dorongan-up
UNS Foam Roll Pecs,,strength,chest,body only,intermediate,7.9,UNS Foam Roll Pecs
UN Hands Elevated Push-Up,,strength,chest,body only,intermediate,7.9,UN Hands Elevated dorongan-up
Holman Seal Drag to Push-Up,,strength,chest,body only,intermediate,7.9,Holman Seal Drag to dorongan-up
Holman Hand-Elevated Push-Up with Hand Row,,strength,chest,body only,intermediate,7.9,Holman Hand-Elevated dorongan-up with Hand tarikan
Holman Push-Up,,strength,chest,body only,intermediate,7.9,Holman dorongan-up
Holman Slow Hips-Up Chest Press,,strength,chest,body only,intermediate,7.9,Holman Slow Hips-Up dada dorongan
Holman Jump-Out Push-Up with Hand Hop Back,,strength,chest,body only,intermediate,7.9,Holman Jump-Out dorongan-up with Hand Hop punggung
Holman Froggy Push-Up to Donkey Kick,,strength,chest,body only,intermediate,7.9,Holman Froggy dorongan-up to Donkey Kick
Holman Push-Up to Sit Back,,strength,chest,body only,intermediate,7.9,Holman dorongan-up to Sit punggung
Holman Sit Back Push-Up,,strength,chest,body only,intermediate,7.9,Holman Sit punggung dorongan-up
Holman Alternating Staggered Push-Up,,strength,chest,body only,intermediate,7.9,Holman bergantian Staggered dorongan-up
Holman Foot-Up Diving Push-Up,,strength,chest,body only,intermediate,7.9,Holman Foot-Up Diving dorongan-up
Holman Narrow Push-Up,,strength,chest,body only,intermediate,7.9,Holman Narrow dorongan-up
Holman Dynamo Push-Up,,strength,chest,body only,intermediate,7.9,Holman Dynamo dorongan-up
Holman Jump to Push-Up,,strength,chest,body only,intermediate,7.9,Holman Jump to dorongan-up
Holman Foot-Elevated Push-Up,,strength,chest,body only,intermediate,7.9,Holman Foot-Elevated dorongan-up
Holman Feet-Elevated Push-Up,,strength,chest,body only,intermediate,7.9,Holman Feet-Elevated dorongan-up
Total Fitness Plyo Push-Up,"The plyo push-up is a bodyweight exercise aimed at increasing upper-body power and strength. It targets the muscles of the chest, triceps, and shoulders, and can be trained in low reps for power and strength, or higher reps for conditioning.",strength,chest,body only,intermediate,7.9,Total Fitness Plyo dorongan-up
Scapular push-up,"The scapular push-up is an upper-body exercise aimed at increasing the stability of the scapulae and mobility in the shoulders. It is often performed as part of a dynamic warm-up before an upper-body workout, or as part of a mobility session.",strength,chest,body only,intermediate,7.9,Scapular dorongan-up
King Maker Push-up,"The push-up is a popular bodyweight exercise that is commonly used in military and tactical physical fitness tests. It’s a classic movement to build upper-body muscle and strength, emphasizing the chest, triceps, and shoulders, but also working the upper back and core.",strength,chest,body only,intermediate,7.9,King Maker dorongan-up
Warrior push-up,"The warrior push-up is a series of push-up and plank variations combined into a single sequence. They include a Judo push-up, plank, side plank, mountain climber, diamond push-up, and regular push-up. Done together, they tax the upper-body muscles from different angles and increase time under tension for the entire body.",strength,chest,body only,intermediate,7.9,Warrior dorongan-up
Taylor Roll-Over Push-Up,,strength,chest,body only,intermediate,7.9,Taylor Roll-Over dorongan-up
Taylor One-Arm Push-Up Slow Negative,,strength,chest,body only,intermediate,7.9,Taylor One-lengan dorongan-up Slow Negative
30 Chest Push-Up To Isometric Hold,,strength,chest,body only,intermediate,7.9,30 dada dorongan-up To isometrik tahan
30 Chest Push-Up,,strength,chest,body only,intermediate,7.9,30 dada dorongan-up
30 Chest Bench Push-Up,,strength,chest,body only,intermediate,7.9,30 dada bangku dorongan-up
MetaBurn 3-Phase Push-Up,,strength,chest,body only,intermediate,7.9,MetaBurn 3-Phase dorongan-up
MetaBurn Fast Feet To Push-Up,,strength,chest,body only,intermediate,7.9,MetaBurn Fast Feet To dorongan-up
MetaBurn Judo Push-Up To Pike Push-Up,,strength,chest,body only,intermediate,7.9,MetaBurn Judo dorongan-up To Pike dorongan-up
MetaBurn Pike Push-Up,,strength,chest,body only,intermediate,7.9,MetaBurn Pike dorongan-up
MetaBurn Push-Up To Frogger,,strength,chest,body only,intermediate,7.9,MetaBurn dorongan-up To Frogger
MetaBurn Push-Up With Hand Side-Step,,strength,chest,body only,intermediate,7.9,MetaBurn dorongan-up With Hand samping-Step
MetaBurn Push-Up With Hand-Up Rotation,,strength,chest,body only,intermediate,7.9,MetaBurn dorongan-up With Hand-Up Rotation
MetaBurn Sphinx Push-Up,,strength,chest,body only,intermediate,7.9,MetaBurn Sphinx dorongan-up
MetaBurn Spiderman Push-Up,,strength,chest,body only,intermediate,7.9,MetaBurn Spiderman dorongan-up
Roberston Push-up to Down Dog,,strength,chest,body only,intermediate,7.9,Roberston dorongan-up to Down Dog
FYR2 Push-Up-Breakdancer-Shoulder-Tap Complex,,strength,chest,body only,intermediate,7.9,FYR2 dorongan-up-Breakdancer-bahu-Tap Complex
ACFT Hand-release push-up,"The hand-release push-up is a variation of the push-up, a popular bodyweight exercise commonly used in military and tactical physical fitness tests. It’s a movement to build upper-body strength and endurance, emphasizing the chest, triceps, and shoulders, but also working the upper back and core. This specific exercise is part of the new Army Combat Fitness Test or ACFT.",strength,chest,body only,intermediate,7.9,ACFT Hand-release dorongan-up
1.5-rep push-up,"The 1.5-rep push-up is a more difficult variation of the push-up, commonly used to train for military and tactical physical fitness tests. It builds upper-body muscle and strength, emphasizing the chest, core, upper back, triceps, and shoulders.",strength,chest,body only,intermediate,7.9,1.5-rep dorongan-up
ACFT Triple-clap push-up,"The triple-clap push-up is an explosive bodyweight exercise aimed at increasing upper-body power and strength. It is an advanced exercise targeting the muscles of the chest, triceps, core, and shoulders.",strength,chest,body only,intermediate,7.9,ACFT Triple-clap dorongan-up
ACFT Superman push-up,"The Superman push-up is an explosive bodyweight exercise aimed at increasing upper-body power and strength. It is an advanced exercise targeting the muscles of the chest, triceps, shoulders, and core that involves pressing up off the floor and lifting the hands and feet off the ground simultaneously at the top of the movement.",strength,chest,body only,intermediate,7.9,ACFT Superman dorongan-up
Cross-over push-up,The cross-over push-up is a variation of the push-up that adds a degree of difficulty by stepping over a small box or step between repetitions. It can be performed for time or for reps and creates a greater core stabilization challenge by forcing the core muscles to maintain the a neutral spine throughout the movement.,strength,chest,body only,intermediate,7.9,Cross-over dorongan-up
Leverage Incline Chest Press,,strength,chest,machine,beginner,8.6,Leverage miring dada dorongan
Butterfly,"The machine chest fly is an exercise targeting the chest. The motion is often compared to bear-hugging a tree trunk. In chest workouts, this exercise often follows compound moves such as the bench press.",strength,chest,machine,intermediate,8.5,Butterfly
Leverage Chest Press,The machine chest press is an upper body exercise targeting the pectoral muscles.,strength,chest,machine,beginner,8.5,Leverage dada dorongan
Decline Smith Press,"The Smith machine decline bench press is a machine-based exercise targeting the chest muscles, particularly the lower pectoral muscles. The Smith machine mimics a barbell but provides more stability. This movement is often performed for moderate to high reps, such as 8-12 reps per set or more, as part of a chest or upper-body workout.",strength,chest,machine,beginner,8.4,menurun Smith dorongan
Smith machine bench press,"The Smith machine bench press is a machine-based movement targeting the chest. The Smith machine mimics a barbell but provides more stability. This movement can be programmed in low reps for strength or higher reps for muscle and strength endurance. It is often performed for moderate to high reps, such as 8-12 reps per set or more, as part of a chest or upper-body focused workout.",strength,chest,machine,intermediate,8.3,Smith mesin bangku dorongan
Leverage Decline Chest Press,,strength,chest,machine,beginner,8.3,Leverage menurun dada dorongan
Machine chest press,"The machine chest press is a machine-based exercise targeting the chest. It approximates the motion of a bench press but is usually performed facing forward and seated upright. Many machines offer multiple grip options, such as overhand, neutral (palms facing), or underhand. The chest press is often performed for moderate to high reps, such as 8-12 reps per set or more, as part of a pre-exhaust or muscle-building upper-body workout.",strength,chest,machine,intermediate,8.2,mesin dada dorongan
Smith Machine Incline Bench Press,"The Smith machine incline bench press is a machine-based movement targeting the chest, particularly the upper chest. The Smith machine mimics a barbell but provides more stability. This movement can be programmed in low reps for strength or higher reps for muscle and strength endurance. It is often performed for moderate to high reps, such as 8-12 reps per set or more, as part of a chest or upper-body focused workout.",strength,chest,machine,intermediate,8.0,Smith mesin dorongan dada bangku miring
Smith Machine Close-Grip Bench Press,"The Smith machine close-grip bench press is a machine-based movement targeting the chest and triceps. The Smith machine mimics a barbell but provides more stability. This movement can be programmed in low reps for strength or higher reps for muscle and strength endurance. It is often performed for moderate to high reps, such as 8-12 reps per set or more, as part of a chest, arms, or upper-body focused workout.",strength,chest,machine,intermediate,8.0,Smith mesin dorongan dada pegangan sempit
Smith Machine Decline Press,"The Smith machine decline bench press is a machine-based exercise targeting the chest muscles, particularly the lower pectoral muscles. The Smith machine mimics a barbell but provides more stability. This movement is often performed for moderate to high reps, such as 8-12 reps per set or more, as part of a chest or upper-body workout.",strength,chest,machine,beginner,7.3,Smith mesin menurun dorongan
Smith machine bench press throw,The Smith machine bench press throw is an exercise that helps develop pushing power that carries over to the traditional bench press. It involves pushing a relatively light weight (such as 30-50 percent of your 1RM) explosively and actually letting go at the top of the rep. It can work as power or speed-style training in a strength or athleticism-focused workout plan.,strength,chest,machine,beginner,0.0,Smith mesin bangku dorongan throw
Machine chest fly,"The machine chest fly is a machine-based exercise targeting the chest. It approximates the motion of a dumbbell fly or cable fly, but is usually performed facing forward and seated upright. The motion is often compared to bear-hugging a tree trunk. The chest fly is usually performed for moderate to high reps, such as 8-12 reps per set or more, as part of a pre-exhaust or muscle-building upper-body workout.",strength,chest,machine,intermediate,7.9,mesin dada fly
Machine bench press,"The machine bench press is a machine-based exercise targeting the chest and upper body. It approximates the motion of a bench press, but uses a selectorized weight-stack or plate-loaded machine. Many such machines also allow you to choose between different grips and grip widths. Machine-based presses are often done for moderate to high reps, such as 8-12 reps per set or more, as part of the upper-body or chest-focused portion of a workout.",strength,chest,machine,intermediate,7.9,mesin bangku dorongan
Machine Seated Chest Press - Gethin Variation,The machine chest press is an upper body exercise targeting the pectoral muscles.,strength,chest,machine,intermediate,7.9,mesin duduk dada dorongan - Gethin Variation
Smith machine weighted push-up,"The Smith machine weighted push-up is a pushing movement performed with a plate resting on the back or shoulders. It is performed most safely with a foot or so of space at the bottom to minimize the risk of getting ""pinned"" under the bar. It targets all the same muscles as a push-up, including the chest, triceps, and shoulders.",strength,chest,machine,intermediate,7.9,Smith mesin berbeban dorongan-up
Smith machine incline bench press-,"The Smith machine incline bench press is a machine-based movement targeting the chest, particularly the upper chest. The Smith machine mimics a barbell but provides more stability. This movement can be programmed in low reps for strength or higher reps for muscle and strength endurance. It is often performed for moderate to high reps, such as 8-12 reps per set or more, as part of a chest or upper-body focused workout.",strength,chest,machine,intermediate,7.9,Smith mesin dorongan dada bangku miring-
Smith machine decline bench press,"The Smith machine decline bench press is a machine-based exercise targeting the chest muscles, particularly the lower pectoral muscles. The Smith machine mimics a barbell but provides more stability. This movement is often performed for moderate to high reps, such as 8-12 reps per set or more, as part of a chest or upper-body workout.",strength,chest,machine,intermediate,7.9,Smith mesin dorongan dada bangku menurun
AM Pec Dec,"The pec deck is a machine-based exercise targeting the chest. It approximates the motion of a dumbbell fly or cable fly, but is usually performed facing forward and seated upright. The motion is often compared to bear-hugging a tree trunk. The chest fly is usually performed for moderate to high reps, such as 8-12 reps per set or more, as part of a pre-exhaust or muscle-building upper-body workout.",strength,chest,machine,intermediate,7.9,AM Pec Dec
30 Chest Machine Flat Chest Press,,strength,chest,machine,intermediate,7.9,30 dada mesin Flat dada dorongan
Smith machine push-up,"The Smith machine push-up is an upper-body exercise targeting the chest, shoulders, and triceps. It is similar in form to bodyweight push-ups, but with the hands on the bar of the Smith machine. This allows you to vary the height to increase or decrease difficulty, or to perform a mechanical dropset by raising the bar after hitting failure at a certain height.",strength,chest,machine,intermediate,7.9,Smith mesin dorongan-up
30 Chest Smith Machine Incline Chest Press,,strength,chest,machine,intermediate,7.9,30 dada Smith mesin miring dada dorongan
30 Chest Smith Machine Chest Press,,strength,chest,machine,intermediate,7.9,30 dada Smith mesin dada dorongan
30 Chest Machine Incline Chest Press,,strength,chest,machine,intermediate,7.9,30 dada mesin miring dada dorongan
30 Chest Machine Fly,,strength,chest,machine,intermediate,7.9,30 dada mesin fly
30 Chest 30-Degree Incline Smith Machine Press,,strength,chest,machine,intermediate,7.9,30 dada 30-Degree miring Smith mesin dorongan
Low-cable cross-over,"The low-cable cross-over is an isolation movement that uses a cable stack to target the upper portion of the pectoral muscles. It is common in upper-body and chest-focused muscle-building workouts, often in combination with presses or flyes from other angles to target all portions of the chest.",strength,chest,cable,intermediate,9.1,Low-kabel cross-over
Incline cable chest fly,"The incline cable chest fly is an isolation movement that uses a cable stack and an incline bench to target the upper portion of the pectoral muscles. It is common in upper-body and chest-focused muscle-building workouts, often after pressing movements like the barbell or dumbbell bench press or as a finishing movement at the end of the workout. It is often used in combination with other flyes to target the chest from different angles.",strength,chest,cable,intermediate,9.0,miring kabel dada fly
Cable Crossover,"The cable cross-over is an isolation movement that uses a cable stack to build bigger and stronger pectoral muscles. Since it's done using adjustable pulleys, you can target different parts of your chest by setting the pulleys at different levels. It is common in upper body and chest-focused muscle-building workouts, often as a pre-exhaust at the beginning of a workout, or a finishing movement at the end. It is often in combination with other presses or flyes to target the chest from different angles.",strength,chest,cable,intermediate,8.8,silang kabel
Incline cable chest press,"The incline cable chest press is a pressing movement that uses a cable stack and an incline bench to target the upper portion of the pectoral muscles, similar to an incline dumbbell press. It is common in upper-body and chest-focused muscle-building workouts, where it can be effective as a primary movement in classic hypertrophy rep ranges, as a pre-exhaust, or as a high-rep finisher. It is often used in combination with other presses or flyes to target the chest from different angles.",strength,chest,cable,beginner,8.7,miring kabel dada dorongan
Cable Chest Press,,strength,chest,cable,beginner,8.7,kabel dada dorongan
Single-arm cable cross-over,"The single-arm cable cross-over is an isolation movement that uses a cable stack to build bigger and stronger pectoral muscles. Working the chest one side at a time allows you to focus on the balance between the sides of your chest and really feel the chest muscles contracting. It is common in upper-body and chest-focused muscle-building workouts, often in combination with other presses or flyes to target the chest from different angles.",strength,chest,cable,intermediate,8.6,satu lengan kabel cross-over
Cable cross-over,"The cable cross-over is an isolation movement that uses a cable stack to build bigger and stronger pectoral muscles. Since it's done using adjustable pulleys, you can target different parts of your chest by setting the pulleys at different levels. It is common in upper-body and chest-focused muscle-building workouts, often as a pre-exhaust at the beginning of a workout or a finishing movement at the end. It is often used in combination with other presses or flyes to target the chest from different angles.",strength,chest,cable,beginner,8.4,kabel cross-over
Standing Cable Chest Press,,strength,chest,cable,beginner,8.2,berdiri kabel dada dorongan
Lying cable chest fly,"The lying cable chest fly is an isolation movement that uses a cable stack and a flat bench to build bigger and stronger pectoral muscles. It is common in upper-body and chest-focused muscle-building workouts, often as a pre-exhaust at the beginning of a workout or as a finishing movement at the end. It is often used in combination with other presses or flyes to target the chest from different angles.",strength,chest,cable,intermediate,7.3,berbaring kabel dada fly
Paul Carter Cable Cross-Over,"The cable cross-over is an isolation movement that uses a cable stack to build bigger and stronger pectoral muscles. Since it's done using adjustable pulleys, you can target different parts of your chest by setting the pulleys at different levels. It is common in upper body and chest-focused muscle-building workouts, often as a pre-exhaust at the beginning of a workout, or a finishing movement at the end. It is often in combination with other presses or flyes to target the chest from different angles.",strength,chest,cable,intermediate,7.9,Paul Carter kabel Cross-Over
One-Arm Cable Crossover - Gethin Variation,"The single-arm cable cross-over is an isolation movement that uses a cable stack to build bigger and stronger pectoral muscles. Working the chest one side at a time allows you to focus on balance between sides of your chest, and really feel the chest muscles contracting. It is common in upper body and chest-focused muscle-building workouts, often in combination with other presses or flyes to target the chest from different angles.",strength,chest,cable,intermediate,7.9,One-lengan silang kabel - Gethin Variation
Incline Cable Fly - Gethin Variation,"The incline cable chest fly is an isolation movement that uses a cable stack and an incline bench to target the upper portion of the pectoral muscles. It is common in upper-body and chest-focused muscle-building workouts, often after pressing movements like the barbell or dumbbell bench press or as a finishing movement at the end of the workout. It is often used in combination with other flyes to target the chest from different angles.",strength,chest,cable,intermediate,7.9,miring kabel fly - Gethin Variation
Cable Cross-Over - Gethin Variation,"The cable cross-over is an isolation movement that uses a cable stack to build bigger and stronger pectoral muscles. Since it's done using adjustable pulleys, you can target different parts of your chest by setting the pulleys at different levels. It is common in upper body and chest-focused muscle-building workouts, often as a pre-exhaust at the beginning of a workout, or a finishing movement at the end. It is often in combination with other presses or flyes to target the chest from different angles.",strength,chest,cable,intermediate,7.9,kabel Cross-Over - Gethin Variation
Seated cable chest fly,"The seated cable chest fly is an isolation movement that uses a cable stack and an upright bench to target the pectoral muscles. Being able to brace against a seat can help you stabilize your torso and focus on isolating the pecs, feeling them stretch and contract. It is usually used in combination with other presses or flyes to target the chest from different angles.",strength,chest,cable,intermediate,7.9,duduk kabel dada fly
Single-arm incline cable cross-over-,"The single-arm incline cable cross-over is an isolation movement that uses a cable stack and a bench to target the upper part of the pectoral muscles. Working the chest one side at a time allows you to focus on balance between the sides of your chest and really feel the chest muscles contracting. It is common in upper-body and chest-focused muscle-building workouts, often in combination with other presses or flyes to target the chest from different angles.",strength,chest,cable,intermediate,7.9,satu lengan miring kabel cross-over-
High-to-low cable chest fly,"The high-to-low cable chest fly is an isolation movement that uses a cable stack to target the lower portion of the pectoral muscles. It is common in upper-body and chest-focused muscle-building workouts, often after pressing movements like the barbell or dumbbell bench press or as a finishing movement at the end of the workout. It is often used in combination with other flyes to target the chest from different angles.",strength,chest,cable,intermediate,7.9,High-to-low kabel dada fly
UP Cable Cross-Over,"The cable cross-over is an isolation movement that uses a cable stack to build bigger and stronger pectoral muscles. Since it's done using adjustable pulleys, you can target different parts of your chest by setting the pulleys at different levels. It is common in upper body and chest-focused muscle-building workouts, often as a pre-exhaust at the beginning of a workout, or a finishing movement at the end. It is often in combination with other presses or flyes to target the chest from different angles.",strength,chest,cable,intermediate,7.9,UP kabel Cross-Over
UP Cable Fly,,strength,chest,cable,intermediate,7.9,UP kabel fly
30 Chest Low-To-High Cable Fly,,strength,chest,cable,intermediate,7.9,30 dada Low-To-High kabel fly
30 Chest Incline Cable Fly,,strength,chest,cable,intermediate,7.9,30 dada miring kabel fly
30 Chest Incline Cable Chest Press,,strength,chest,cable,intermediate,7.9,30 dada miring kabel dada dorongan
30 Chest High-To-Low Cable Press,,strength,chest,cable,intermediate,7.9,30 dada High-To-Low kabel dorongan
30 Chest High-To-Low Cable Fly,,strength,chest,cable,intermediate,7.9,30 dada High-To-Low kabel fly
30 Chest Shoulder-Height Cable Fly,,strength,chest,cable,intermediate,7.9,30 dada bahu-Height kabel fly
Cable Pec Fly,,strength,chest,cable,intermediate,7.9,kabel Pec fly
Chest Push (multiple response),,plyometrics,chest,medicine ball,beginner,8.3,dada dorongan (multiple response)
Medicine Ball Chest Pass,"The medicine ball pass is a simple partner-based exercise that involves throwing a weighted ball back-and-forth. It can be part of a dynamic warm-up for lifting or athletics, but can also work as active rest or as a component of circuit training.",plyometrics,chest,medicine ball,intermediate,5.9,Medicine Ball dada Pass
Medicine ball sprawl to chest press,"The medicine ball sprawl to chest press is a sequence of athletic movements using a medicine ball or other small weight. It involves performing a sprawl with the hands on the ball, followed by a standing chest press holding the ball. It is challenging to the cardiovascular system, but also the muscles of the core, shoulders, and upper back. It can be performed for reps or for time, usually in dedicated ab training or as part of a medicine ball and bodyweight circuit workout.",strength,chest,medicine ball,intermediate,0.0,Medicine ball sprawl to dada dorongan
Medicine ball push-up,"The medicine ball push-up is a simple way to make a classic bodyweight exercise more difficult. It targets all the same muscles as the push-up: chest, triceps, shoulders, upper back, and core. The addition of the medicine ball adds a degree of difficulty and can increase chest and triceps activation.",strength,chest,medicine ball,intermediate,0.0,Medicine ball dorongan-up
Chest Push (single response),,plyometrics,chest,medicine ball,beginner,0.0,dada dorongan (single response)
Chest Push with Run Release,,plyometrics,chest,medicine ball,beginner,0.0,dada dorongan with Run Release
Chest Push from 3 point stance,,plyometrics,chest,medicine ball,beginner,0.0,dada dorongan from 3 point stance
Dumbbell Bench Press,"The dumbbell bench press is a mainstay of workout enthusiasts worldwide. It’s a classic move for building a bigger, stronger chest. As such, it’s often placed first in mass-building chest workouts.",strength,chest,dumbbell,intermediate,9.2,dumbbell bangku dorongan
Dumbbell Flyes,"The dumbbell chest fly is a popular exercise that targets the pectoral or chest muscles. It attempts to isolate the chest muscles, stretching and contracting them while limiting involvement of the shoulders. Unlike a press, where the elbows bend and flex, flyes should keep a relatively consistent elbow angle. The motion is sometimes compared to ""hugging a tree."" Dumbbell flyes are usually performed for moderate to high reps, such as 8-12 reps per set or more, as part of a chest or upper-body focused workout.",strength,chest,dumbbell,intermediate,9.1,dumbbell fly
Incline dumbbell bench press,"The incline dumbbell bench press is a popular upper-body exercise targeting the upper pectoral muscles. While it can be a strength-focused movement, it is usually performed for moderate to high reps, such as 8-12 reps per set or more, as part of upper-body or chest-focused training.",strength,chest,dumbbell,intermediate,9.1,miring dumbbell bangku dorongan
Decline Dumbbell Flyes,"The decline dumbbell chest fly is an upper body isolation exercise targeting the lower chest. It will require less weight than a decline press, which makes it a great hypertrophy exercise with high reps.",strength,chest,dumbbell,intermediate,9.0,menurun dumbbell fly
Reverse-grip incline dumbbell bench press,"The reverse-grip incline dumbbell bench press is an upper-body exercise targeting the pectoral muscles. Pressing with a reverse grip targets the upper chest in particular, especially when performed on an incline. This press variation is usually performed for moderate to high reps, such as 8-12 reps per set or more, as part of upper-body or chest-focused training.",strength,chest,dumbbell,beginner,8.9,Reverse-grip miring dumbbell bangku dorongan
Incline Dumbbell Flyes,"The incline dumbbell chest fly is an upper body isolation exercise targeting the upper chest and is typically used with aesthetic goals in mind. It will require less weight than an incline press, which makes it a great hypertrophy exercise with high reps.",strength,chest,dumbbell,intermediate,8.8,miring dumbbell fly
Neutral-grip dumbbell bench press,"The neutral-grip dumbbell bench press is a variation on a classic chest-building exercise where the palms face each other instead of forward. This shift puts the elbows closer to the sides, placing more emphasis on the triceps, and perhaps also the inner chest. The neutral-grip press can be performed in lower reps for strength or higher reps for muscle growth.",strength,chest,dumbbell,intermediate,8.7,Neutral-grip dumbbell bangku dorongan
Decline dumbbell bench press,"The decline dumbbell bench press is a popular upper-body exercise targeting the lower pectoral muscles. While it can be a strength-focused movement, it is usually performed for moderate to high reps, such as 8-12 reps per set or more, as part of upper-body or chest-focused training.",strength,chest,dumbbell,intermediate,8.5,menurun dumbbell bangku dorongan
Single-arm kettlebell row,"The single-arm kettlebell row is a popular muscle- and strength-building exercise that works the muscles of the back and core simultaneously. It has all the same benefits as a single-arm dumbbell row, but some people find a kettlebell more comfortable to hold during the movement.",strength,chest,dumbbell,intermediate,8.5,satu lengan kettlebell tarikan
Hammer Grip Incline DB Bench Press,,strength,chest,dumbbell,beginner,8.5,Hammer Grip miring DB bangku dorongan
Straight-arm dumbbell pull-over,"The straight-arm dumbbell pull-over is an exercise that targets the muscles of the pecs, lats, and serratus anterior muscles. Performing this movement with straight arms makes it more difficult, increases the stretch on the serratus muscles and lats, and forces the core to work harder. Old-school bodybuilders would perform pull-overs with light weights for sets of 20 between sets of heavy 20-rep squats, but they are more popular today in moderate rep ranges, such as 8-12 reps per set, as part of an upper-body workout.",strength,chest,dumbbell,intermediate,8.4,Straight-lengan dumbbell tarikan-over
Incline Dumbbell Bench With Palms Facing In,,strength,chest,dumbbell,beginner,8.4,miring dumbbell bangku With Palms Facing In
Incline Dumbbell Flyes - With A Twist,,strength,chest,dumbbell,beginner,8.3,miring dumbbell fly - With A putaran
Bent-arm dumbbell pull-over,"The bent-arm dumbbell pull-over was a staple exercise of the ""Golden Era"" of bodybuilding and a favorite of Arnold Schwarzenegger himself. Done properly, the exercise targets the pecs, lats, and serratus anterior muscles. Old-school bodybuilders would perform them with light weights for sets of 20 between sets of heavy 20-rep squats, but pull-overs are more popular today in moderate rep ranges, such as 8-12 reps per set, as part of an upper-body workout.",strength,chest,dumbbell,intermediate,8.2,Bent-lengan dumbbell tarikan-over
Close-grip dumbbell bench press,"The close-grip dumbbell bench press is a popular variation of the dumbbell bench press in which the dumbbells are held closer than shoulder width. This places more emphasis on the triceps, and perhaps also the inner chest. The close-grip dumbbell bench press can be performed in lower reps for strength or higher reps for muscle growth.",strength,chest,dumbbell,intermediate,8.1,pegangan sempit dumbbell bangku dorongan
Single-dumbbell push-up,"The single-dumbbell push-up is a more difficult push-up variation where you balance your hands on the ends of a dumbbell. This simple change makes many muscle groups work harder, helping encourage muscle and strength gains across the upper body.",strength,chest,dumbbell,intermediate,7.3,Single-dumbbell dorongan-up
One-Arm Flat Bench Dumbbell Flye,,strength,chest,dumbbell,beginner,6.5,One-lengan Flat bangku dumbbell Flye
Dumbbell Fix Dumbbell Floor Chest Fly,,strength,chest,dumbbell,intermediate,7.9,dumbbell Fix dumbbell Floor dada fly
Dumbbell Fix Traveling Push-Up,,strength,chest,dumbbell,intermediate,7.9,dumbbell Fix Traveling dorongan-up
Incline dumbbell chest fly,"The incline dumbbell chest fly is an upper-body exercise targeting the chest. Performing it at an incline helps to target the upper chest in particular, while limiting involvement of the shoulders. Fly variations are usually performed for moderate to high reps, such as 8-12 reps per set or more.",strength,chest,dumbbell,intermediate,7.9,miring dumbbell dada fly
Paul Carter Dumbbell Shrug,"The standing dumbbell shrug is a popular movement to build and strengthen the trapezius muscles. It’s a often trained on a bodybuilding-style shoulder or back training day, but can also work well in full-body or strength-focused training.",strength,chest,dumbbell,intermediate,7.9,Paul Carter dumbbell Shrug
Dumbbell push-up row,"The dumbbell push-up row combines pressing, rowing, and core stabilization into a single sequence. It's popular in time-efficient strength and muscle-building workouts.",strength,chest,dumbbell,intermediate,7.9,dumbbell dorongan-up tarikan
TBS Dumbbell Incline Press,The incline dumbbell bench press is an upper body exercise targeting the upper pectoral muscles.,strength,chest,dumbbell,intermediate,7.9,TBS dumbbell miring dorongan
Incline Dumbbell Fly - Gethin Variation,"The incline dumbbell chest fly is an upper body isolation exercise targeting the upper chest and is typically used with aesthetic goals in mind. It will require less weight than an incline press, which makes it a great hypertrophy exercise with high reps.",strength,chest,dumbbell,intermediate,7.9,miring dumbbell fly - Gethin Variation
Dumbbell bench press-,"The dumbbell bench press is a mainstay of lifters worldwide. It's a classic move for building a bigger, stronger chest and triceps. It's often placed first in mass-building chest workouts, but can also be utilized as an accessory movement for the barbell bench press in strength training. It can be performed in lower strength-focused rep ranges, or for higher reps to build muscle.",strength,chest,dumbbell,intermediate,7.9,dumbbell bangku dorongan-
Decline dumbbell fly and press,"The decline dumbbell fly and press is a dumbbell complex that targets the chest muscles, particularly the lower pecs. By alternating the single-joint fly with the multijoint press, you get the benefits of both and put serious stress on the chest muscles even with relatively light weight. Because the fly will be the limiting factor in weight selection, this pairing is usually performed for moderate to high reps, such as 8-12 reps per set or more, as part of upper-body or chest-focused training.",strength,chest,dumbbell,intermediate,7.9,menurun dumbbell fly and dorongan
Incline dumbbell fly and press,"The incline dumbbell fly and press is a dumbbell complex that targets the chest muscles, particularly the upper pecs. By alternating the single-joint fly with the multijoint press, you get the benefits of both and put serious stress on the chest muscles even with relatively light weight. Because the fly will be the limiting factor in weight selection, this pairing is usually performed for moderate to high reps, such as 8-12 reps per set or more, as part of upper-body or chest-focused training.",strength,chest,dumbbell,intermediate,7.9,miring dumbbell fly and dorongan
Single-arm decline dumbbell bench press,"The single-arm decline dumbbell bench press is an upper-body exercise targeting the pectoral muscles, particularly the lower pecs. Because balance can be an issue, this press variation is usually performed with lighter weight for moderate to high reps, such as 8-12 reps per set or more, as part of upper-body or chest-focused training.",strength,chest,dumbbell,intermediate,7.9,satu lengan menurun dumbbell bangku dorongan
Single-arm incline dumbbell bench press,"The single-arm incline dumbbell bench press is an upper-body exercise targeting the pectoral muscles. Because balance can be an issue, this press variation is usually performed with lighter weight for moderate to high reps, such as 8-12 reps per set or more, as part of upper-body or chest-focused training.",strength,chest,dumbbell,intermediate,7.9,satu lengan miring dumbbell bangku dorongan
Incline Dumbbell Press - Gethin Variation,The incline dumbbell bench press is an upper body exercise targeting the upper pectoral muscles.,strength,chest,dumbbell,intermediate,7.9,miring dumbbell dorongan - Gethin Variation
Dumbbell Chest Press - Gethin Variation,"The dumbbell bench press is a mainstay of workout enthusiasts worldwide. It’s a classic move for building a bigger, stronger chest. As such, it’s often placed first in mass-building chest workouts.",strength,chest,dumbbell,intermediate,7.9,dumbbell dada dorongan - Gethin Variation
Dumbbell Floor Press - Gethin Variation,"The dumbbell floor press limits the range of motion you would achieve with a regular dumbbell bench press, but still targets the chest, triceps, and anterior delts. This allows you to build strength in the top portion of the lift and work on strengthening the shoulder stabilizers.",strength,chest,dumbbell,intermediate,7.9,dumbbell Floor dorongan - Gethin Variation
Decline Dumbbell Press - Gethin Variation,The decline dumbbell bench press is an upper body isolation exercise targeting the lower chest. Utilizing dumbbells instead of a barbell increases the difficulty of stabilizing the weight.,strength,chest,dumbbell,intermediate,7.9,menurun dumbbell dorongan - Gethin Variation
Dumbbell chest fly,"The dumbbell chest fly is a popular exercise that targets the pectoral or chest muscles. It attempts to isolate the chest muscles, stretching and contracting them while limiting involvement of the shoulders. Unlike a press, where the elbows bend and flex, flyes should keep a relatively consistent elbow angle. The motion is sometimes compared to ""hugging a tree."" Dumbbell flyes are usually performed for moderate to high reps, such as 8-12 reps per set or more, as part of a chest or upper-body focused workout.",strength,chest,dumbbell,intermediate,7.9,dumbbell dada fly
Machine rear delt fly,"The machine rear delt fly is an exercise targeting the rear head of the shoulder muscle or deltoids, as well as the muscles of the upper back. It's sort of the reverse of the machine chest fly, and is sometimes performed on the same machine, but facing the opposite direction. Because it targets such small muscles, this exercise is usually performed with light weight for high reps, such as 10-15 reps per set or more.",strength,chest,dumbbell,intermediate,7.9,mesin rear delt fly
AM Dumbbell Bench Press,"The dumbbell bench press is a mainstay of workout enthusiasts worldwide. It’s a classic move for building a bigger, stronger chest. As such, it’s often placed first in mass-building chest workouts.",strength,chest,dumbbell,intermediate,7.9,AM dumbbell bangku dorongan
UP Incline Dumbbell Press,The incline dumbbell bench press is an upper body exercise targeting the upper pectoral muscles.,strength,chest,dumbbell,intermediate,7.9,UP miring dumbbell dorongan
UP Incline Dumbbell Fly,"The incline dumbbell chest fly is an upper body isolation exercise targeting the upper chest and is typically used with aesthetic goals in mind. It will require less weight than an incline press, which makes it a great hypertrophy exercise with high reps.",strength,chest,dumbbell,intermediate,7.9,UP miring dumbbell fly
Holman Push-Up to Belly Touch,,strength,chest,dumbbell,intermediate,7.9,Holman dorongan-up to Belly Touch
Single-arm dumbbell floor press,"The single-arm dumbbell floor press is a multijoint pressing exercise performed lying on the floor, either with the knees bent or straight. It has less range of motion than a regular dumbbell bench press, but still targets the chest, triceps, and anterior delts. By performing it with one arm, you can strengthen weakness on certain sides or simply use it as a way to challenge the core more during this exercise.",strength,chest,dumbbell,intermediate,7.9,satu lengan dumbbell floor dorongan
Total Fitness Weighted Push-Up,"The plate-weighted push-up is a simple way to make a classic bodyweight exercise more difficult. It targets all the same muscles as the push-up: chest, triceps, shoulders, upper back, and core. You can balance a plate on your upper back yourself, but it's easier and safer to have someone else put it there. If you stack a few plates up, be sure to have a spotter close at hand.",strength,chest,dumbbell,intermediate,7.9,Total Fitness berbeban dorongan-up
King Maker Standing Dumbbell Shoulder Press,The standing dumbbell shoulder press is a classic deltoid-builder (especially the front deltoids) that’s ubiquitous in gyms around the world. Performing the move standing up as opposed to seated allows for more weight to be used.,strength,chest,dumbbell,intermediate,7.9,King Maker berdiri dorongan bahu dumbbell
30 Chest Incline Dumbbell Fly,,strength,chest,dumbbell,intermediate,7.9,30 dada miring dumbbell fly
30 Chest Incline Dumbbell Bench Press,,strength,chest,dumbbell,intermediate,7.9,30 dada miring dumbbell bangku dorongan
30 Chest Dumbbells-Together Press,,strength,chest,dumbbell,intermediate,7.9,30 dada Dumbbells-Together dorongan
30 Chest Dumbbells-Together Incline Bench Press,,strength,chest,dumbbell,intermediate,7.9,30 dada Dumbbells-Together dorongan dada bangku miring
30 Chest Dumbbell Fly,,strength,chest,dumbbell,intermediate,7.9,30 dada dumbbell fly
30 Chest Dumbbell Bench Press,,strength,chest,dumbbell,intermediate,7.9,30 dada dumbbell bangku dorongan
30 Chest 30-Degree Incline Dumbbell Fly,,strength,chest,dumbbell,intermediate,7.9,30 dada 30-Degree miring dumbbell fly
FYR2 Single-Dumbbell Push-Up,,strength,chest,dumbbell,intermediate,7.9,FYR2 Single-dumbbell dorongan-up
Bodyweight Flyes,"The double-bar roll-out chest fly is a chest exercise that utilizes two rotating barbells as ""handles"" for a chest fly. It targets the muscles of the chest, but is also an intense core workout. It's a tough movement that is usually performed in the chest-focused portion of a workout.",strength,chest,e-z curl bar,beginner,9.0,berat badan fly
Close-grip EZ-bar bench press,"The close-grip EZ-bar bench press is an exercise targeting the chest, shoulders, and triceps. This move is more commonly done with a straight bar and is often only performed with an EZ-bar as part of a complex of movements such as pull-overs or skullcrushers.",strength,chest,e-z curl bar,intermediate,8.8,pegangan sempit EZ-bar bangku dorongan
Chest dip,"The chest dip is a bodyweight exercise performed on parallel bars or on a pull-up and dip station. It targets the chest, triceps, and shoulders. Dips with a chest focus are usually performed with the torso leaning forward and the elbows angled out from the torso. Dips can be performed for low reps for strength or higher reps for muscle growth.",strength,chest,other,intermediate,9.0,dada dip
Drop Push,,plyometrics,chest,other,beginner,8.8,Drop dorongan
Forward Drag with Press,,strongman,chest,other,beginner,6.0,Forward Drag with dorongan
Chain Press,,powerlifting,chest,other,beginner,5.6,Chain dorongan
Behind Head Chest Stretch,,stretching,chest,other,beginner,4.9,Behind Head dada Stretch
Pass-through stretch with band,The pass-through stretch with band is a popular move to build and maintain mobility in the shoulder joint and to strengthen the muscles of the upper back and rotator cuff. It is common in CrossFit and Olympic lifting training and is usually performed as part of a warm-up or paired with movements in a workout. It can also be performed with a PVC pipe or dowel if a band isn't available.,stretching,chest,other,beginner,3.0,Pass-through stretch with band
Weighted Push-Up,"The plate-weighted push-up is a simple way to make a classic bodyweight exercise more difficult. It targets all the same muscles as the push-up: chest, triceps, shoulders, upper back, and core. You can balance a plate on your upper back yourself, but it's easier and safer to have someone else put it there. If you stack a few plates up, be sure to have a spotter close at hand.",strength,chest,other,intermediate,0.0,berbeban dorongan-up
Heavy Bag Thrust,,plyometrics,chest,other,beginner,0.0,Heavy Bag Thrust
Decline Explosive Push-Up,,plyometrics,chest,other,beginner,0.0,menurun eksplosif dorongan-up
Suspended Chest Fly,,strength,chest,other,beginner,0.0,Suspended dada fly
Svend press,The Svend press is an exercise where the chest is targeted by performing presses while squeezing two weight plates together. It is usually performed for relatively high reps with light weights as an accessory movement to the bench press or as a burnout movement on chest day.,strength,chest,other,beginner,0.0,Svend dorongan
Bar Push-Up Smith Machine,"The hands-elevated push-up is a variation on the push-up, a body-weight standard. The hands are elevated, so that your body is aligned at an angle to the floor rather than parallel.",plyometrics,chest,other,beginner,0.0,Bar dorongan-up Smith mesin
Plate-weighted push-up,"The plate-weighted push-up is a simple way to make a classic bodyweight exercise more difficult. It targets all the same muscles as the push-up: chest, triceps, shoulders, upper back, and core. You can balance a plate on your upper back yourself, but it's easier and safer to have someone else put it there. If you stack a few plates up, be sure to have a spotter close at hand.",strength,chest,other,intermediate,7.9,pelat-berbeban dorongan-up
Double-bar roll-out chest fly,"The double-bar roll-out chest fly is a chest exercise that utilizes two rotating barbells as ""handles"" for a chest fly. It targets the muscles of the chest, but is also an intense core workout. It's a tough movement that is usually performed in the chest-focused portion of a workout.",strength,chest,other,intermediate,7.9,Double-bar roll-out dada fly
Holman Plate Dynamo Push-Up,,strength,chest,other,intermediate,7.9,Holman pelat Dynamo dorongan-up
Holman Towel Drag Two Steps to Push-Up,,strength,chest,other,intermediate,7.9,Holman Towel Drag Two Steps to dorongan-up
Taylor Val Slide Push-Up/Fly Combo,,strength,chest,other,intermediate,7.9,Taylor Val Slide dorongan-up/fly Combo
Exercise ball chest stretch,"The exercise ball chest stretch is a simple stretch for the pectoral muscles that can be made more dynamic with help from a medicine ball. It can work in a dynamic warm-up, paired with movements in a workout, or as part of a cool-down or recovery strategy. If the stretch causes pain in the front of your shoulder, dial back the intensity or choose another chest stretch.",stretching,chest,exercise ball,beginner,3.6,Exercise ball dada stretch
Bosu Ball Push-Up,,strength,chest,exercise ball,beginner,0.0,Bosu Ball dorongan-up
Feet-elevated push-up on ball,"The feet-elevated push-up on ball is a variation on the push-up, a bodyweight standard. The feet are elevated on a ball to align the body parallel to the floor and provide a greater stabilization challenge. This makes it more difficult than push-ups on the floor, but also puts more emphasis on the shoulder muscles. It can be a challenging non-gym substitute for incline presses, or as a burnout movement for a chest or shoulder workout.",strength,chest,exercise ball,intermediate,7.9,Feet-elevated dorongan-up on ball
Standing alternating band speed row,"The standing alternating band speed row is an explosive back exercise using exercise bands. It targets the muscles of the middle and upper back, including the lats (latissimus dorsi), rhomboids, and trapezius, as well as the biceps. It can be performed for time or reps either as part of a power or speed-focused portion of a workout or as a burnout at the end of a workout.",strength,forearms,bands,intermediate,7.9,berdiri bergantian band speed tarikan
Band roundhouse elbow,"The band roundhouse elbow is an explosive rotational power exercise using exercise bands. It targets the muscles of the obliques and deep core, but also engrains full-body coordination and striking ability. It can work in an ab workout, in martial arts training, or in general strength and muscle training.",strength,forearms,bands,intermediate,7.9,band roundhouse elbow
Palms-down wrist curl over bench,"The palms-down wrist curl over bench is an exercise targeting the forearms. It is usually performed for high reps, such as 10-15 reps per set or more, as part of a grip or arm-focused workout.",strength,forearms,barbell,intermediate,9.5,Palms-down wrist tekukan over bangku
Palms-up wrist curl over bench,"The palms-up wrist curl over bench is an exercise targeting the forearms. It is usually performed for high reps, such as 10-15 reps per set or more, as part of a grip or arm-focused workout.",strength,forearms,barbell,intermediate,9.4,Palms-up wrist tekukan over bangku
Standing behind-the-back wrist curl,"The standing behind-the-back wrist curl is a popular exercise to target the muscles in the forearms, wrists, and fingers. It is generally performed for moderate to high reps, such as 8-15 reps per set, and can work as isolated forearm training or as part of an arms-focused workout.",strength,forearms,barbell,beginner,9.3,berdiri behind-the-punggung wrist tekukan
Seated finger curl,"The seated finger curl is an exercise targeting the muscles of the hands and forearms. It is popular with rock climbers and other athletes looking to build forearm size and strength. The range of motion is tiny, but done for moderate to high reps, these will definitely make the forearms burn.",strength,forearms,barbell,beginner,9.3,duduk finger tekukan
Seated palms-up wrist curl,"The seated palms-up wrist curl is an exercise targeting the forearms. It is usually performed for high reps, such as 10-15 reps per set or more, as part of a grip or arm-focused workout.",strength,forearms,barbell,intermediate,8.7,duduk palms-up wrist tekukan
Bottoms-Up Clean From The Hang Position,,strength,forearms,kettlebells,beginner,8.3,Bottoms-Up Clean From The Hang Position
Seated One-Arm Dumbbell Palms-Up Wrist Curl,,strength,forearms,dumbbell,beginner,9.0,duduk One-lengan dumbbell Palms-Up Wrist tekukan
Palms-Up Dumbbell Wrist Curl Over A Bench,,strength,forearms,dumbbell,beginner,8.6,Palms-Up dumbbell Wrist tekukan Over A bangku
Seated palms-down wrist curl,"The seated palms-down wrist curl is an exercise targeting the forearms. It is usually performed for high reps, such as 10-15 reps per set or more, as part of a grip or arm-focused workout.",strength,forearms,dumbbell,beginner,8.4,duduk palms-down wrist tekukan
Palms-Down Dumbbell Wrist Curl Over A Bench,,strength,forearms,dumbbell,beginner,8.4,Palms-Down dumbbell Wrist tekukan Over A bangku
Seated One-Arm Dumbbell Palms-Down Wrist Curl,,strength,forearms,dumbbell,beginner,8.3,duduk One-lengan dumbbell Palms-Down Wrist tekukan
Seated Dumbbell Palms-Up Wrist Curl,,strength,forearms,dumbbell,beginner,6.2,duduk dumbbell Palms-Up Wrist tekukan
Partner farmer's walk,"The partner farmer's walk is a protocol for performing farmer's carries with dumbbells or other weights. One partner walks for a predetermined distance or time, then passes the weight to the other partner who walks for the same distance or time.",strength,forearms,dumbbell,beginner,5.3,pasangan farmer's walk
Dumbbell suitcase carry,"The dumbbell suitcase carry is similar to a dumbbell farmer's carry, but only uses one dumbbell rather than two. This simple change provides a significant challenge to the abdominal muscles. It can be a challenging finisher to any workout, or work well in fat-loss circuit training or as an accessory movement to heavy lifts like the deadlift.",strength,forearms,dumbbell,intermediate,0.0,dumbbell suitcase carry
Suitcase Dumbbell Carry,"The dumbbell suitcase carry is similar to a dumbbell farmer’s carry, but only uses one dumbbell rather than two. This simple change provides a significant challenge to the abdominal muscles. It can be a challenging finisher to any workout, or work well in fat-loss circuit training or as an accessory movement to heavy lifts like the deadlift.",strength,forearms,dumbbell,intermediate,0.0,Suitcase dumbbell Carry
Side plank with dumbbell external rotation,"The side plank with dumbbell external rotation is a movement that combines an isometric side plank hold with a dumbbell rotation to target both the core and the rotator cuff muscles. You probably won't be able to use much weight without disrupting your balance, but even at light weight, this is a movement that can help address multiple muscle groups in a dynamic warm-up or as accessory work at the end of a workout.",strength,forearms,dumbbell,intermediate,7.9,plank samping with dumbbell external rotation
Rickshaw Carry,,strongman,forearms,other,beginner,9.6,Rickshaw Carry
Dumbbell farmer's walk,"The dumbbell farmer's walk is an exercise with roots in competitive strongman training, but which is also popular in CrossFit and functional training. It can be a challenging finisher to any workout, or work well in fat-loss circuit training or as an accessory movement to heavy lifts like the deadlift.",strongman,forearms,other,intermediate,9.4,dumbbell farmer's walk
Wrist Roller,,strength,forearms,other,beginner,9.1,Wrist Roller
Standing Olympic Plate Hand Squeeze,,strength,forearms,other,beginner,8.6,berdiri Olympic pelat Hand Squeeze
Plate Pinch,,strength,forearms,other,beginner,8.3,pelat Pinch
Landmine Press and Catch,"The single-arm linear jammer is an explosive pressing movement performed using an angled barbell anchored at floor level in a landmine device. It can also be performed by sticking a barbell in the corner of a room, preferably in a towel to protect the walls. The linear jammer involves pressing the weight into the air, then catching it with the other hand. The movement focuses primarily on the muscles of the shoulders or deltoids. It can be trained in traditional muscle and strength-focused rep ranges, for lower reps with a focus on explosive pressing power, or for higher reps.",strength,forearms,other,intermediate,7.9,Landmine dorongan and Catch
Plate halo,The plate halo is an exercise targeting the shoulder complex. It's usually performed as part of a dynamic warm-up prior to an upper-body workout.,strength,forearms,other,intermediate,7.9,pelat halo
Bryant Wrist Curl,,strength,forearms,other,intermediate,7.9,Bryant Wrist tekukan
Seated Two-Arm Palms-Up Low-Pulley Wrist Curl,,strength,forearms,cable,beginner,9.2,duduk Two-lengan Palms-Up Low-Pulley Wrist tekukan
Cable Wrist Curl,,strength,forearms,cable,beginner,7.8,kabel Wrist tekukan
Single-arm cable push-down,"The single-arm cable push-down is a single-joint isolation movement that develops the triceps muscle one arm at a time. Because the action is purely at the elbow joint, it is difficult to use any substantial weight. Reps are usually high, such as 8-12 reps per set or more, with a focus on strict form and feeling the mind-muscle connection.",strength,forearms,cable,intermediate,7.9,satu lengan kabel dorongan-down
Wrist Circles,,stretching,forearms,body only,beginner,2.5,Wrist Circles
Kneeling Forearm Stretch,,stretching,forearms,body only,beginner,5.2,Kneeling Forearm Stretch
Hip Extension with Bands,,strength,glutes,bands,beginner,7.2,pinggul ekstensi with Bands
Hip Lift with Band,,powerlifting,glutes,bands,beginner,6.0,pinggul angkat with band
HM Monster Walk,,strength,glutes,bands,intermediate,7.9,HM Monster Walk
UNS Banded Glute Bridge,,strength,glutes,bands,intermediate,7.9,UNS dengan band bokong Bridge
FYR2 Banded Glute Bridge,,strength,glutes,bands,intermediate,7.9,FYR2 dengan band bokong Bridge
Piriformis SMR,"Piriformis self-myofascial release (SMR) is a self-administered soft-tissue treatment for the lower body, usually using a foam roller, lacrosse ball, or other ""trigger point"" massage tool. By applying pressure strategically to the piriformis muscles in the upper gluteal region, some people find they can cause this often painful and tight muscle to relax or ""release."" Piriformis SMR is often accompanied by SMR on the iliotibial (IT) band or tensor fascia lata (TFL muscles), or by stretches that target the glutes and hips.",stretching,glutes,foam roll,intermediate,6.6,Piriformis SMR
Barbell glute bridge,"The barbell glute bridge is a popular exercise targeting the muscles of the glutes and hamstrings. It can be done as a strength movement on its own, as an activation drill or warm-up for lower-body training, or as a burnout at the end of a lower-body workout.",powerlifting,glutes,barbell,intermediate,9.4,barbell bokong bridge
Barbell Hip Thrust,"The barbell hip thrust is an exercise that engages the posterior chain, particular the glutes. It involves fully extending your hips while holding a weighted barbell across the midsection.",powerlifting,glutes,barbell,intermediate,9.1,barbell pinggul Thrust
Kneeling Squat,,powerlifting,glutes,barbell,beginner,8.6,Kneeling squat
Kneeling Jump Squat,,olympic weightlifting,glutes,barbell,beginner,7.6,Kneeling Jump squat
UN Rear Foot Elevated Split Squat,,strength,glutes,barbell,intermediate,7.9,UN Rear Foot Elevated Split squat
Kettlebell thruster,"The kettlebell thruster is a popular kettlebell movement that combines a kettlebell front squat with a kettlebell press, while holding the bell in a goblet or bottoms-up grip. It is preceded by a clean at the start of each set, and you can perform a clean between each rep if you choose. It can be trained in traditional strength or muscle-building rep ranges, in circuit or fat-loss training, or as part of a larger kettlebell combination or complex.",strength,glutes,kettlebells,intermediate,8.6,kettlebell thruster
Taylor Kettlebell Swing,,strength,glutes,kettlebells,intermediate,7.9,Taylor kettlebell Swing
UN Goblet Squat,,strength,glutes,kettlebells,intermediate,7.9,UN goblet squat
Single-arm triceps kick-back,"The single-arm triceps kick-back is a popular movement to increase size and strength of the triceps. It is usually performed for moderate to high reps, at least 8-12 reps, as part of an upper-body or arm-focused workout.",strength,glutes,dumbbell,intermediate,7.9,satu lengan trisep kick-punggung
Holman Lateral High Knees to Quad Touch Jump,,strength,glutes,dumbbell,intermediate,7.9,Holman Lateral High Knees to Quad Touch Jump
FYR2 Dumbbell Hip Thrust,,strength,glutes,dumbbell,intermediate,7.9,FYR2 dumbbell pinggul Thrust
FYR2 Glute Bridge Dumbbell Floor Press,,strength,glutes,dumbbell,intermediate,7.9,FYR2 bokong Bridge dumbbell Floor dorongan
Suspended Hip Thrust,,strength,glutes,other,beginner,0.0,Suspended pinggul Thrust
Single-leg cable hip extension,"The single-leg cable hip extension is an isolation exercise that targets the glutes, specifically the gluteus maximus. It is a common burnout movement on a lower-body focused day and is usually performed for moderate to high reps, such as 8-12 reps per set or more.",strength,glutes,cable,intermediate,9.0,Single-kaki kabel pinggul ekstensi
Pull Through,,strength,glutes,cable,beginner,7.4,tarikan Through
Cable rope pull-through deadlift,The cable rope pull-through deadlift is an exercise targeting the glutes and hamstrings using a proper hip-hinging motion.,strength,glutes,cable,intermediate,7.9,kabel tali tarikan-through deadlift
UNS Cable Pull-Through,,strength,glutes,cable,intermediate,7.9,UNS kabel tarikan-Through
30 Legs Glute-Ham Raise,,strength,glutes,machine,intermediate,7.9,30 kaki bokong-Ham angkat
Glute bridge,"The glute bridge is a popular lower-body bodyweight exercise that primarily targets the glutes, but also activates the lower back and hamstrings. It can be performed with body weight alone, or with added resistance such as barbells, dumbbells, or bands. It can be performed for time or reps and works perfectly in a dynamic warm-up for lower-body training, but can also be performed for glute activation anytime.",strength,glutes,body only,intermediate,8.8,bokong bridge
Single-leg glute bridge,"The single-leg glute bridge is a lower-body exercise that targets the glutes, lower back, and hamstrings. It is performed one side at a time.",strength,glutes,body only,intermediate,8.8,Single-kaki bokong bridge
Step-up with knee raise,"The step-up with knee raise is a lower-body exercise targeting the quads, glutes, and hamstrings. It differs from a traditional step-up in that at the top, you lift the trailing leg up to full hip flexion. This gives the exercise a greater range of motion and more of a focus on powerful hip extension in the working leg. When performed with body weight, these are usually performed for high reps as part of a dynamic warm-up, as cardio acceleration, or as part of the lower-body portion of a workout or circuit.",strength,glutes,body only,intermediate,8.7,Step-up with knee angkat
Glute Kickback,,strength,glutes,body only,beginner,8.3,bokong tendangan belakang
Standing hip extension,The standing hip extension is a movement that activates the glutes and hamstrings. It is often performed either for time or reps as part of a dynamic warm-up.,strength,glutes,body only,beginner,6.5,berdiri pinggul ekstensi
Lying glute stretch,"The lying glute stretch is a stretch to help increase flexibility in the glutes and hips. It involves rotating a single leg over the body while lying flat on the back, and reaching around the leg to facilitate a stretch. It is commonly included in dynamic warm-ups or cool-downs, but can also be performed as full-body mobility work anytime.",stretching,glutes,body only,intermediate,4.8,berbaring bokong stretch
Knee Across The Body,,stretching,glutes,body only,intermediate,3.5,Knee Across The Body
Seated Glute,,stretching,glutes,body only,beginner,3.1,duduk bokong
Lying Glute,,stretching,glutes,body only,beginner,3.0,berbaring bokong
One Knee To Chest,,stretching,glutes,body only,intermediate,2.7,One Knee To dada
Seated Glute Stretch,,stretching,glutes,body only,beginner,0.0,duduk bokong Stretch
Neck Bridge Supine,,strength,glutes,body only,beginner,0.0,Neck Bridge Supine
Walking High Knee,,strength,glutes,body only,intermediate,7.9,Walking High Knee
Walking Butt Kicks,,strength,glutes,body only,intermediate,7.9,Walking Butt Kicks
Walking Glute Stretch,,strength,glutes,body only,intermediate,7.9,Walking bokong Stretch
Lunge kick,"The lunge kick is a lower-body, cardio-based exercise performed at a high intensity. It includes a kick of the front leg to make the movement more powerful. It can be performed either for time or reps and is a great inclusion in a fat-loss or athleticism-focused circuit workout.",strength,glutes,body only,intermediate,7.9,lunge kick
Curtsy lunge,"The curtsy lunge is a lower-body bodyweight movement that targets the muscles of the hips and glutes. It is usually performed for moderate to high reps, at least 8-12 reps per leg.",strength,glutes,body only,intermediate,7.9,Curtsy lunge
Alternating standing glute stretch,"The alternating standing glute stretch focuses on improving lower-body mobility and flexibility, particularly in the hips and glutes. It involves performing a partial squat in a ""figure 4"" position. It can be performed as part of a lower-body warm-up or done post-workout to help combat tightness and soreness.",stretching,glutes,body only,intermediate,7.9,bergantian berdiri bokong stretch
Side-lying leg lift,"The side-lying leg lift is a bodyweight exercise targeting the muscles of the hips and glutes. It can be a worthy addition to a dynamic warm-up on a lower-body or strength-focused training day, a component of a lower-body circuit or workout, or a glute activation drill to do anytime. Generally, leg lifts are done for high reps, such as 8-15 reps per leg or more.",strength,glutes,body only,intermediate,7.9,samping-berbaring kaki angkat
FYR Progressive High Knee,"High knees is a full-body, cardio-based exercise with an emphasis on the lower body. It is often performed for reps or time as part of a dynamic warm-up.",strength,glutes,body only,intermediate,7.9,FYR Progressive High Knee
Glute-Ham Raise - Gethin Variation,The glute ham raise is an exercise targeting the glutes and hamstrings on a GHD.,strength,glutes,body only,intermediate,7.9,bokong-Ham angkat - Gethin Variation
Lunge glute stretch,"The lunge glute stretch is a lower-body stretch targeting the glutes, hips, and piriformis. It is influenced by the pigeon pose from yoga, but is performed with straight arms. It can be part of a dynamic warm-up or mobility work performed anytime.",stretching,glutes,body only,intermediate,7.9,lunge bokong stretch
Natural Glute Ham Raise - Gethin Variation,The glute ham raise is an exercise targeting the glutes and hamstrings on a GHD.,strength,glutes,body only,intermediate,7.9,Natural bokong Ham angkat - Gethin Variation
Groiner,"The groiner is an explosive bodyweight exercise targeting the legs, shoulders, and core. It also includes a dynamic stretch of the hips. It can be performed for time or reps in any fat-loss or athleticism-focused circuit or workout.",strength,glutes,body only,intermediate,7.9,Groiner
HM Alternating Donkey Kick,,strength,glutes,body only,intermediate,7.9,HM bergantian Donkey Kick
HM Alternating Slow Step-Down With Chair,,strength,glutes,body only,intermediate,7.9,HM bergantian Slow Step-Down With Chair
HM Right Side Iron Cross,,strength,glutes,body only,intermediate,7.9,HM Right samping Iron Cross
HM Single-Leg Bridge,,strength,glutes,body only,intermediate,7.9,HM Single-kaki Bridge
HM Hi-Low,,strength,glutes,body only,intermediate,7.9,HM Hi-Low
HM Kick-Back,,strength,glutes,body only,intermediate,7.9,HM Kick-punggung
HM Left Side Iron Cross,,strength,glutes,body only,intermediate,7.9,HM Left samping Iron Cross
HM Left Side-Kick,,strength,glutes,body only,intermediate,7.9,HM Left samping-Kick
HM Leg Lifts,,strength,glutes,body only,intermediate,7.9,HM kaki Lifts
Walking lunge,"The walking lunge is a lower-body exercise that targets the glutes, quads, and hamstrings while challenging stability and balance. It can be performed for reps, time, or distance in the lower-body portion of any workout.",strength,glutes,body only,intermediate,7.9,Walking lunge
High Plyometric Box Jump,,strength,glutes,body only,intermediate,7.9,High Plyometric Box Jump
Barbell hip thrust-,"The barbell hip thrust is a popular exercise that targets the posterior chain, particularly the glutes and hamstrings. It involves fully extending your hips while holding a weighted barbell across the front of the hips. It is a great movement to activate the glutes prior to other lower-body training, but can also be performed in the main part of a workout, or for high reps as a glute burnout.",strength,glutes,body only,intermediate,7.9,barbell pinggul thrust-
UN Glute Bridge,,strength,glutes,body only,intermediate,7.9,UN bokong Bridge
Holman Donkey Kick,,strength,glutes,body only,intermediate,7.9,Holman Donkey Kick
Holman Hip Raise with Alternating Kick,,strength,glutes,body only,intermediate,7.9,Holman pinggul angkat with bergantian Kick
Holman Left Leg Donkey Kick,,strength,glutes,body only,intermediate,7.9,Holman Left kaki Donkey Kick
Holman Diagonal Right Leg Step-Out to Right Knee-Up,,strength,glutes,body only,intermediate,7.9,Holman Diagonal Right kaki Step-Out to Right Knee-Up
Holman Right Leg Donkey Kick,,strength,glutes,body only,intermediate,7.9,Holman Right kaki Donkey Kick
Holman Butt Tap to Jump,,strength,glutes,body only,intermediate,7.9,Holman Butt Tap to Jump
Holman Butt Tap to Jump-Forward-Jump-Back,,strength,glutes,body only,intermediate,7.9,Holman Butt Tap to Jump-Forward-Jump-punggung
Holman Traveling High Knees to Squat Thrust,,strength,glutes,body only,intermediate,7.9,Holman Traveling High Knees to squat Thrust
Holman Butt Kicker to High Knees,,strength,glutes,body only,intermediate,7.9,Holman Butt Kicker to High Knees
Holman Daisy Cutter,,strength,glutes,body only,intermediate,7.9,Holman Daisy Cutter
Holman Frogger,,strength,glutes,body only,intermediate,7.9,Holman Frogger
Holman Hip Raise with Chest Press,,strength,glutes,body only,intermediate,7.9,Holman pinggul angkat with dada dorongan
Total Fitness Bear Crawl,"The bear crawl is a popular bodyweight crawling exercise. While it looks simple, the bear crawl is an intense full-body movement that targets the cardiovascular system as well as a wide range of muscle groups, the shoulders, core, and legs in particular. It can be done as a full-body warm-up, in short bursts for power or circuit training, or for longer durations as cardiovascular conditioning.",strength,glutes,body only,intermediate,7.9,Total Fitness Bear Crawl
Pigeon stretch,"The pigeon stretch is a lower-body stretch targeting the glutes, hips, and piriformis. It is similar to the pigeon pose from yoga, but is also popular as part of dynamic warm-ups or cool-downs in strength training. It can also be performed anytime to help combat training-related soreness.",strength,glutes,body only,intermediate,7.9,Pigeon stretch
Levitating side kick-through,"The levitating side kick-through is a full-body movement that starts in a bear crawl position and ends with a leg kicked out to the side. In between reps, you kick into the air in a partial handstand. It is commonly performed for reps or time in bodyweight circuits and animal-style flows, but can also work on its own or as part of a dynamic warm-up or mobility sequence.",strength,glutes,body only,intermediate,7.9,Levitating samping kick-through
30 Legs Hip Thrust,,strength,glutes,body only,intermediate,7.9,30 kaki pinggul Thrust
Dumbbell single-leg hip thrust,"The dumbbell single-leg hip thrust is a single-sided exercise that targets the posterior chain, particularly the glutes and hamstrings. It involves balancing on one foot and fully extending your hips while holding a dumbbell across the front of your hip. It is a great movement to activate the glutes prior to other lower-body training, but can also be performed in the main part of a workout, or for high reps as a glute burnout.",strength,glutes,body only,intermediate,7.9,dumbbell single-kaki pinggul thrust
Medicine ball duck walk,"The medicine ball duck walk is a dynamic medicine ball movement that challenges both the upper and lower body, while also elevating the heart rate. It's a great movement to include in medicine ball or bodyweight circuit training to increase fatigue and burn serious calories while hammering the muscles of the legs.",strength,glutes,medicine ball,intermediate,7.9,Medicine ball duck walk
Exercise ball hip thrust,"The exercise ball hip thrust is a simple yet effective way to work the glutes and hamstrings. Proper form is essential to really feel the burn in the glutes, and the ball can help guide you into the right form better than a bench, which is the usual support for hip thrusts. Unlike the bench version, the ball hip thrust is best performed with body weight or bands as resistance for safety reasons. It can be an excellent component of a warm-up for lower-body training, or a glute activation drill performed anytime.",strength,glutes,exercise ball,intermediate,7.8,Exercise ball pinggul thrust
Downward Facing Balance,,strength,glutes,exercise ball,beginner,4.0,Downward Facing Balance
Band Good Morning (Pull Through),,powerlifting,hamstrings,bands,beginner,8.3,band Good Morning (tarikan Through)
Standing Hamstring and Calf Stretch,,stretching,hamstrings,bands,intermediate,6.7,berdiri Hamstring and betis Stretch
Hamstring-SMR,,stretching,hamstrings,foam roll,beginner,5.5,Hamstring-SMR
Barbell Deadlift,"The barbell deadlift is a compound exercise used to develop overall strength and size in the posterior chain. It is a competition lift in the sport of powerlifting, but is also considered a classic benchmark of overall strength. When performed with the hands outside the knees, it is often called a ""conventional"" deadlift. When the feet are wide and the hands are inside the knees, it is a sumo deadlift.",strength,hamstrings,barbell,intermediate,9.4,barbell deadlift
Clean Deadlift,,olympic weightlifting,hamstrings,barbell,beginner,9.4,Clean deadlift
Sumo deadlift,"The sumo deadlift is a compound movement in which the feet are set in a wide stance with toes pointed out and grip is placed inside of the legs. It is allowed to be performed instead of conventional deadlifts in most powerlifting competitions. The sumo deadlift targets the hamstrings, glutes, and upper back/traps, but also has a greater emphasis on stretching and strengthening the adductor and hip muscles due to the wide stance.",powerlifting,hamstrings,barbell,beginner,9.3,Sumo deadlift
Romanian Deadlift from Deficit,,olympic weightlifting,hamstrings,barbell,beginner,9.2,deadlift Rumania from Deficit
Power Snatch,,olympic weightlifting,hamstrings,barbell,beginner,9.2,Power Snatch
Power Clean from Blocks,,olympic weightlifting,hamstrings,barbell,beginner,9.2,Power Clean from Blocks
Snatch Deadlift,,olympic weightlifting,hamstrings,barbell,beginner,8.9,Snatch deadlift
Power clean,"The power clean is a full-body movement in which the bar is pulled from the floor and caught in the front rack position in three pulls or phases. The bar is received in the ""power"" position, with the hips higher than a full-depth squat position. The power clean can be used as a component of the clean and press or clean and jerk, but is also a valuable lift to build explosive power and strength.",strength,hamstrings,barbell,intermediate,8.7,Power clean
Hang Snatch,,olympic weightlifting,hamstrings,barbell,beginner,8.7,Hang Snatch
Wide Stance Stiff Legs,,olympic weightlifting,hamstrings,barbell,beginner,8.5,Wide Stance Stiff kaki
Clean,,olympic weightlifting,hamstrings,barbell,beginner,8.5,Clean
Good Morning,"The barbell good morning is an exercise that targets glute, hamstring, and lower back development. It is often trained as an accessory movement to the deadlift, but also has value on its own. It is sometimes performed for reps in traditional strength-focused rep ranges such as 5-8 reps per set, but due to the risk posed to the lower back, is rarely treated as a max-effort single-rep lift.",powerlifting,hamstrings,barbell,intermediate,8.5,Good Morning
Barbell stiff-legged deadlift,"The barbell stiff-legged deadlift targets the hamstrings, glutes, lower and upper back, as well as the core. It is a popular accessory movement for the deadlift, but also a muscle-building hamstring movement.",strength,hamstrings,barbell,intermediate,8.3,barbell stiff-legged deadlift
Romanian Deadlift,"The barbell stiff-legged deadlift targets the hamstrings, glutes, lower and upper back, as well as the core. It is a popular accessory movement for the deadlift, but also a muscle-building hamstring movement.",strength,hamstrings,barbell,intermediate,8.1,deadlift Rumania
Sumo Deadlift with Chains,,powerlifting,hamstrings,barbell,beginner,7.8,Sumo deadlift with Chains
Sumo Deadlift with Bands,,powerlifting,hamstrings,barbell,beginner,0.0,Sumo deadlift with Bands
Good Morning off Pins,,powerlifting,hamstrings,barbell,beginner,0.0,Good Morning off Pins
Stiff-Legged Deadlift,"The barbell stiff-legged deadlift targets the hamstrings, glutes, lower and upper back, as well as the core. It is a popular accessory movement for the deadlift, but also a muscle-building hamstring movement.",strength,hamstrings,barbell,beginner,0.0,Stiff-Legged deadlift
Snatch Pull,,strength,hamstrings,barbell,beginner,0.0,Snatch tarikan
Hanging Bar Good Morning,,powerlifting,hamstrings,barbell,beginner,0.0,menggantung Bar Good Morning
Reverse Band Sumo Deadlift,,powerlifting,hamstrings,barbell,beginner,0.0,Reverse band Sumo deadlift
Muscle Snatch,,olympic weightlifting,hamstrings,barbell,beginner,0.0,Muscle Snatch
Split Snatch,,olympic weightlifting,hamstrings,barbell,beginner,0.0,Split Snatch
Hang Snatch - Below Knees,,olympic weightlifting,hamstrings,barbell,beginner,0.0,Hang Snatch - Below Knees
30 Legs Sumo Deadlift,,strength,hamstrings,barbell,intermediate,7.9,30 kaki Sumo deadlift
Kettlebell pass-through lunge,"The kettlebell pass-through lunge is a dynamic leg and core exercise in which a lifter passes a weight under their front leg during lunges. It is a unique coordination challenge, but also challenging to the musculature of the abdomen, lower body, shoulders, and upper back. It is most commonly performed for higher reps, such as 10-15 reps per side, or for time. It can work in circuit-style workouts, or in lower-body or full-body time-efficient training.",strength,hamstrings,kettlebells,intermediate,8.7,kettlebell pass-through lunge
Kettlebell One-Legged Deadlift,"The kettlebell single-leg deadlift is a variation on the kettlebell deadlift where one foot stays planted on the ground while the other raises into the air at the bottom of the movement. It's popular in lower-body training for strength and muscle building, but also trains balance, grip, and the core muscles.",strength,hamstrings,kettlebells,intermediate,8.6,kettlebell One-Legged deadlift
Single-arm kettlebell clean,"The single-arm kettlebell clean is an explosive kettlebell exercise where the lifter pulls the weight to shoulder level in a single movement. While the kettlebell clean is often used as a transitional movement into the press or front squat, it is also a valuable strength and power exercise in its own right. It can be performed in low rep ranges for strength or higher rep ranges for technique practice or muscle growth.",strength,hamstrings,kettlebells,beginner,8.6,satu lengan kettlebell clean
Single-leg kettlebell deadlift,"The kettlebell single-leg deadlift is a variation on the kettlebell deadlift where one foot stays planted on the ground while the other raises into the air at the bottom of the movement. It's popular in lower-body training for strength and muscle building, but also trains balance, grip, and the core muscles.",strength,hamstrings,kettlebells,intermediate,8.2,Single-kaki kettlebell deadlift
Romanian Deadlift with Kettlebell,,strength,hamstrings,kettlebells,beginner,8.0,deadlift Rumania with kettlebell
Single-arm kettlebell swing,"The single-arm kettlebell swing is a popular exercise emphasizing the muscles of the hamstrings, glutes, and back. Because you are only swinging with one arm at a time, it is also uniquely challenging to the grip and core muscles. It is often used to train explosive power, for aerobic or cardiovascular conditioning, or in circuit training.",strength,hamstrings,kettlebells,intermediate,7.4,satu lengan kettlebell swing
Kettlebell Dead Clean,,strength,hamstrings,kettlebells,beginner,5.3,kettlebell Dead Clean
Alternating Hang Clean,,strength,hamstrings,kettlebells,beginner,4.9,bergantian Hang Clean
One-Arm Open Palm Kettlebell Clean,,strength,hamstrings,kettlebells,beginner,0.0,One-lengan Open Palm kettlebell Clean
Open Palm Kettlebell Clean,,strength,hamstrings,kettlebells,beginner,0.0,Open Palm kettlebell Clean
Kettlebell Hang Clean,,strength,hamstrings,kettlebells,beginner,0.0,kettlebell Hang Clean
Double Kettlebell Alternating Hang Clean,,strength,hamstrings,kettlebells,beginner,0.0,Double kettlebell bergantian Hang Clean
Romanian Deadlift With Dumbbells,"The dumbbell stiff-legged deadlift targets the hamstrings, glutes, low and upper back, as well as the core. The purpose of the stiff-legged, as opposed to Romanian deadlift with slightly bent knees, is to engage the hamstrings and low back to an even greater degree.",strength,hamstrings,dumbbell,beginner,9.4,deadlift Rumania With Dumbbells
Stiff-Legged Dumbbell Deadlift,"The dumbbell stiff-legged deadlift targets the hamstrings, glutes, low and upper back, as well as the core. The purpose of the stiff-legged, as opposed to Romanian deadlift with slightly bent knees, is to engage the hamstrings and low back to an even greater degree.",strength,hamstrings,dumbbell,intermediate,8.8,Stiff-Legged dumbbell deadlift
Vertical Swing,,plyometrics,hamstrings,dumbbell,beginner,7.5,Vertical Swing
Dumbbell Fix Dumbbell Swing,,strength,hamstrings,dumbbell,intermediate,7.9,dumbbell Fix dumbbell Swing
Dumbbell Lying Hamstring Curl,,strength,hamstrings,dumbbell,intermediate,7.9,dumbbell berbaring Hamstring tekukan
30 Legs Dumbbell Stiff-Legged Deadlift,,strength,hamstrings,dumbbell,intermediate,7.9,30 kaki dumbbell Stiff-Legged deadlift
Box jump,"The box jump is an explosive exercise that strengthens the muscles of the lower body, including the quads, glutes, calves, and hamstrings. They also develop power in the lower body while revving the heart rate. Box jumps can be performed for low reps to focus on strength and power, or for higher reps for metabolic conditioning. Most coaches recommend stepping down rather than jumping down between reps.",plyometrics,hamstrings,other,beginner,8.6,Box jump
Box Jump (Multiple Response),"The box jump is a plyometric exercise that strengthens the muscles of the lower body, including the quads, glutes, calves and hamstrings. They also develop power in the lower-body while revving the heart rate.",plyometrics,hamstrings,other,intermediate,8.1,Box Jump (Multiple Response)
Sled push-,"The sled push is a conditioning exercise that targets the cardiovascular system and the muscles of the lower body. It involves pushing a sled along turf or another flat surface either for time or distance. Depending on your type of equipment, you may be pushing handles or straps in front of the sled. It can be used as part of a dynamic warm-up or for power training, as a finisher, or as part of a conditioning workout or circuit.",cardio,hamstrings,other,beginner,7.4,Sled dorongan-
Lying Hamstring,,stretching,hamstrings,other,beginner,6.3,berbaring Hamstring
Chair Leg Extended Stretch,,stretching,hamstrings,other,beginner,2.4,Chair kaki Extended Stretch
Suspended Leg Curl,,strength,hamstrings,other,beginner,0.0,Suspended kaki tekukan
Box Skip,,plyometrics,hamstrings,other,beginner,0.0,Box Skip
Power Stairs,,strongman,hamstrings,other,beginner,0.0,Power Stairs
Seated Hamstring and Calf Stretch,,stretching,hamstrings,other,beginner,0.0,duduk Hamstring and betis Stretch
Hamstring slide,"The hamstring slide is a bodyweight exercise targeting the hamstrings. Lying supine on a smooth surface, bend your knees to pull both heels toward you. The sliding action requires a pad, cloth, or furniture sliders under the heels. These are considered more difficult than exercise ball hamstring curls and are a great primer movement before heavy squats or deadlifts, or as an accessory movement later in a lower-body workout.",strength,hamstrings,other,beginner,0.0,Hamstring slide
Seated Band Hamstring Curl,,strength,hamstrings,other,intermediate,0.0,duduk band Hamstring tekukan
Lying cable leg curl,"The lying cable leg curl is a classic machine exercise for building greater muscle size and strength in the hamstrings. It's easy to learn, easy to master, and poses little in the way of injury risk. It is usually performed for moderate to high reps, at least 8-12 reps per set, as part of lower-body training.",strength,hamstrings,cable,intermediate,7.9,berbaring kabel kaki tekukan
Standing cable leg curl,"The standing cable leg curl is an isolation exercise for the hamstrings. It is often used as a variation of leg curl machines and for working each side independently. It is usually performed for moderate to high reps, at least 8-12 reps per set, as part of lower-body training.",strength,hamstrings,cable,intermediate,7.9,berdiri kabel kaki tekukan
Lying Leg Curls,"The lying leg curl is a popular machine-based exercise for the legs, particularly the hamstrings. It is similar to the seated leg curl, but the open hip angle in the lying leg curl may incorporate more glute and calf activation. It is usually performed for moderate to high reps, such as 8-12 reps per set or more, as part of a leg pre-exhaust or as a muscle-building movement for lower-body training.",strength,hamstrings,machine,beginner,8.9,berbaring kaki tekukan
Glute Ham Raise,The glute ham raise is an exercise targeting the glutes and hamstrings on a GHD.,powerlifting,hamstrings,machine,intermediate,8.4,bokong Ham angkat
Reverse Hyperextension,,strength,hamstrings,machine,beginner,8.0,Reverse Hyperextension
Seated Leg Curl,"The leg curl is a popular machine-based exercise for the legs, particularly the hamstrings. It comes in seated and lying varieties, but the seated leg curl machine is more common in commercial gyms. Leg curl variations are usually performed for moderate to high reps, such as 8-12 reps per set or more, as part of a leg pre-exhaust or as a muscle-building movement for lower-body training.",strength,hamstrings,machine,intermediate,7.9,duduk kaki tekukan
Standing Leg Curl,,strength,hamstrings,machine,beginner,7.4,berdiri kaki tekukan
Smith machine stiff-legged deadlift,"The Smith machine stiff-legged deadlift is a machine-based exercise targeting the muscles of the hamstrings, glutes, and upper back. The Smith machine mimics a barbell but provides more stability. This movement can be programmed like a traditional stiff-legged or Romanian deadlift, in low reps for strength or higher reps for muscle and strength endurance. It is often performed for moderate to high reps, such as 8-12 reps per set or more, as part of a full-body or lower-body workout.",strength,hamstrings,machine,beginner,7.0,Smith mesin stiff-legged deadlift
Lying Leg Curl - Gethin Variation,"The lying leg curl is a popular machine-based exercise for the legs, particularly the hamstrings. It is similar to the seated leg curl, but the open hip angle in the lying leg curl may incorporate more glute and calf activation. It is usually performed for moderate to high reps, such as 8-12 reps per set or more, as part of a leg pre-exhaust or as a muscle-building movement for lower-body training.",strength,hamstrings,machine,intermediate,7.9,tekukan kaki berbaring - Gethin Variation
Paul Carter Leg Extension,The leg extension is an isolation exercise for the quads.,strength,hamstrings,machine,intermediate,7.9,Paul Carter ekstensi kaki
Lying leg curl,"The lying leg curl is a popular machine-based exercise for the legs, particularly the hamstrings. It is similar to the seated leg curl, but the open hip angle in the lying leg curl may incorporate more glute and calf activation. It is usually performed for moderate to high reps, such as 8-12 reps per set or more, as part of a leg pre-exhaust or as a muscle-building movement for lower-body training.",strength,hamstrings,machine,intermediate,7.9,tekukan kaki berbaring
Seated Hamstring Curl - Gethin Variation,"The leg curl is a popular machine-based exercise for the legs, particularly the hamstrings. It comes in seated and lying varieties, but the seated leg curl machine is more common in commercial gyms. Leg curl variations are usually performed for moderate to high reps, such as 8-12 reps per set or more, as part of a leg pre-exhaust or as a muscle-building movement for lower-body training.",strength,hamstrings,machine,intermediate,7.9,duduk Hamstring tekukan - Gethin Variation
Single-leg lying leg curl,"The single-leg lying leg curl is a popular machine-based exercise for the legs, particularly the hamstrings. It is similar to the seated leg curl, but the open hip angle in the lying leg curl may incorporate more glute and calf activation. It is usually performed for moderate to high reps, such as 8-12 reps per set or more, as part of a leg pre-exhaust or as a muscle-building movement for lower-body training. Performing it one leg a time allows you to focus on the mind-muscle connection of each leg and address muscle imbalances.",strength,hamstrings,machine,intermediate,7.9,Single-kaki tekukan kaki berbaring
Leg curl,"The leg curl is a popular machine-based exercise for the legs, particularly the hamstrings. It comes in seated and lying varieties, but the seated leg curl machine is more common in commercial gyms. Leg curl variations are usually performed for moderate to high reps, such as 8-12 reps per set or more, as part of a leg pre-exhaust or as a muscle-building movement for lower-body training.",strength,hamstrings,machine,intermediate,7.9,kaki tekukan
Leg Extension - Gethin Variation,The leg extension is an isolation exercise for the quads.,strength,hamstrings,machine,intermediate,7.9,ekstensi kaki - Gethin Variation
Single-leg leg extension-,"The single-leg leg extension is a popular machine-based exercise for the legs, particularly the quadriceps. It is usually performed for moderate to high reps, such as 8-12 reps per set or more, as part of a leg pre-exhaust or as a muscle-building movement for lower-body training. Performing it one leg a time allows you to focus on the mind-muscle connection of each leg and address muscle imbalances.",strength,hamstrings,machine,intermediate,7.9,Single-kaki ekstensi kaki-
Lying Hamstring Curls - Gethin Variation,"The lying leg curl is a popular machine-based exercise for the legs, particularly the hamstrings. It is similar to the seated leg curl, but the open hip angle in the lying leg curl may incorporate more glute and calf activation. It is usually performed for moderate to high reps, such as 8-12 reps per set or more, as part of a leg pre-exhaust or as a muscle-building movement for lower-body training.",strength,hamstrings,machine,intermediate,7.9,berbaring Hamstring tekukan - Gethin Variation
AM Seated Hamstring Curl,"The leg curl is a popular machine-based exercise for the legs, particularly the hamstrings. It comes in seated and lying varieties, but the seated leg curl machine is more common in commercial gyms. Leg curl variations are usually performed for moderate to high reps, such as 8-12 reps per set or more, as part of a leg pre-exhaust or as a muscle-building movement for lower-body training.",strength,hamstrings,machine,intermediate,7.9,AM duduk Hamstring tekukan
UP Hamstring Curl,"The lying leg curl is a popular machine-based exercise for the legs, particularly the hamstrings. It is similar to the seated leg curl, but the open hip angle in the lying leg curl may incorporate more glute and calf activation. It is usually performed for moderate to high reps, such as 8-12 reps per set or more, as part of a leg pre-exhaust or as a muscle-building movement for lower-body training.",strength,hamstrings,machine,intermediate,7.9,UP Hamstring tekukan
30 Legs Leg Extension,,strength,hamstrings,machine,intermediate,7.9,30 kaki ekstensi kaki
30 Legs Seated Leg Curl,,strength,hamstrings,machine,intermediate,7.9,30 kaki duduk kaki tekukan
Natural Glute Ham Raise,The glute ham raise is an exercise targeting the glutes and hamstrings on a GHD.,strength,hamstrings,body only,beginner,9.1,Natural bokong Ham angkat
Standing leg swing,"The standing leg swing is a dynamic stretching exercise that involves moving one leg up in front of you, as if to punt an imaginary football. This is a classic move for warming up the body and stretching the hamstrings.",stretching,hamstrings,body only,beginner,8.4,berdiri kaki swing
Linear Acceleration Wall Drill,,plyometrics,hamstrings,body only,intermediate,8.3,Linear Acceleration Wall Drill
Knee Tuck Jump,"The tuck jump is a vertical jump, an explosive lower-body exercise that is a common way to measure explosive hip and lower-body strength in athletes. The more explosive you are, the higher you'll be able to jump.",plyometrics,hamstrings,body only,intermediate,8.1,Knee Tuck Jump
Leg-Up Hamstring Stretch,,stretching,hamstrings,body only,intermediate,7.8,kaki-Up Hamstring Stretch
Inchworm,The inchworm is a popular bodyweight exercise that involves “walking” the hands on the floor from a bent-over toe-touch position into a straight-arm plank. It is usually performed as part of a dynamic warm-up to help raise core body temperature and “limber up” the body from head to toe.,stretching,hamstrings,body only,beginner,7.5,Inchworm
Moving Claw Series,,plyometrics,hamstrings,body only,intermediate,7.3,Moving Claw Series
Lying groin stretch with band,"The lying groin stretch with band is a simple way to stretch a chronically tight muscle group of the lower body. It is common in stretching and yoga classes but can also be performed individually as part of a warm-up, paired with movements in a workout, or as part of a cool-down or recovery strategy.",stretching,hamstrings,body only,intermediate,6.7,berbaring groin stretch with band
90/90 Hamstring,,stretching,hamstrings,body only,beginner,5.0,90/90 Hamstring
World's greatest stretch,"The world's greatest stretch is a popular movement that earned its name because it targets multiple parts of the body, including the hips, shoulders, and thoracic spine, in a single sequence. This makes it a great dynamic warm-up, post-workout stretch, or mobility work you can do anytime.",stretching,hamstrings,body only,intermediate,4.4,World's greatest stretch
The Straddle,,stretching,hamstrings,body only,intermediate,4.3,The Straddle
Prone Manual Hamstring,,strength,hamstrings,body only,intermediate,0.0,Prone Manual Hamstring
Knee To Chest,,stretching,hamstrings,body only,beginner,0.0,Knee To dada
Hurdle Hops,,plyometrics,hamstrings,body only,intermediate,0.0,Hurdle Hops
Hip Stretch With Twist,,stretching,hamstrings,body only,beginner,0.0,pinggul Stretch With putaran
Linear 3-Part Start Technique,,plyometrics,hamstrings,body only,intermediate,0.0,Linear 3-Part Start Technique
Alternating Leg Swing,,stretching,hamstrings,body only,beginner,0.0,bergantian kaki Swing
Single-leg balance and reach,The single-leg balance and reach is an exercise that focuses on lower-body strength and stability.,stretching,hamstrings,body only,beginner,0.0,Single-kaki balance and reach
High Kick,,stretching,hamstrings,body only,beginner,0.0,High Kick
Boss Everline 10-Yard Sprints,,strength,hamstrings,body only,intermediate,7.9,Boss Everline 10-Yard Sprints
Standing hamstring stretch,"The standing hamstring stretch is an exercise that stretches the hamstrings, the muscles that cover the back of the thighs. It involves looping a band around one foot and then pulling it, which produces an intense stretch in the hamstrings. It can be performed prior to training the lower body or playing sports, or as a restorative stretch anytime.",stretching,hamstrings,body only,intermediate,7.9,berdiri hamstring stretch
Reverse lunge,"The reverse lunge is a lower-body exercise targeting the quads, glutes, and hamstrings. The reverse lunge places more emphasis on the glutes than other lunge variations.",stretching,hamstrings,body only,intermediate,7.9,Reverse lunge
HM Alternating Cross Lunge,,strength,hamstrings,body only,intermediate,7.9,HM bergantian Cross lunge
HM Alternating Front Kick,,strength,hamstrings,body only,intermediate,7.9,HM bergantian depan Kick
HM World's Greatest Stretch,,stretching,hamstrings,body only,intermediate,7.9,HM World's Greatest Stretch
HM Alternating Sprawl Kick-Through,,strength,hamstrings,body only,intermediate,7.9,HM bergantian Sprawl Kick-Through
HM Alternating Step-Back,,strength,hamstrings,body only,intermediate,7.9,HM bergantian Step-punggung
HM Alternating Step-Up With Chair,,strength,hamstrings,body only,intermediate,7.9,HM bergantian Step-Up With Chair
HM Right Knee-Up,,strength,hamstrings,body only,intermediate,7.9,HM Right Knee-Up
HM Low Lunge With External Twist,,strength,hamstrings,body only,intermediate,7.9,HM Low lunge With External putaran
HM Ninja Crawl,,strength,hamstrings,body only,intermediate,7.9,HM Ninja Crawl
HM Pigeon Stretch,,strength,hamstrings,body only,intermediate,7.9,HM Pigeon Stretch
Single-Leg Deadlift Walk,,strength,hamstrings,body only,intermediate,7.9,Single-kaki deadlift Walk
Total Fitness Hamstring Slide,"The hamstring slide is a bodyweight exercise targeting the hamstrings. Lying supine on a smooth surface, you bend your knees to pull both heels toward you. The sliding action requires a pad, cloth, or furniture sliders under the heel. These are considered more difficult than exercise ball hamstring curls, and are a great primer movement before heavy squats or deadlifts, or as an accessory movement later in a lower-body workout.",strength,hamstrings,body only,intermediate,7.9,Total Fitness Hamstring Slide
30 Legs Walking Lunge,,strength,hamstrings,body only,intermediate,7.9,30 kaki Walking lunge
Glute ham raise-,"The glute ham raise is an exercise targeting the glutes and hamstrings on a GHD, or glute ham developer bench. The unassisted version of the movement requires serious hamstring strength, so it is more common to see versions that use a band or PVC pipe for assistance. It is commonly performed as an accessory movement for heavy barbell lifts. While a single rep may be a struggle at first, with time, strong athletes can build up to doing them for 8-12 reps per set.",strength,hamstrings,body only,beginner,9.1,bokong ham angkat-
Lying hamstring stretch with band,"The lying hamstring stretch with band is a simple way to stretch a chronically tight muscle group of the lower body. It is common in stretching and yoga classes but can also be performed individually as part of a warm-up, paired with movements in a workout, or as part of a cool-down or recovery strategy.",stretching,hamstrings,body only,beginner,5.9,berbaring hamstring stretch with band
Upper Back-Leg Grab,,stretching,hamstrings,body only,beginner,5.4,Upper punggung-kaki Grab
Seated Hamstring,,stretching,hamstrings,body only,beginner,5.3,duduk Hamstring
Alternating lunge jump,"The alternating lunge jump is an explosive bodyweight exercise that targets the lower-body muscles, including the quads, glutes, and hamstrings. It can be performed for time or reps in power training, and is also effective in any fat-loss or athleticism-focused workout.",stretching,hamstrings,body only,beginner,4.2,bergantian lunge jump
Runner's Stretch,,stretching,hamstrings,body only,intermediate,3.6,Runner's Stretch
Exercise ball leg curl,"The exercise ball leg curl is an exercise targeting the hamstrings. In particular, it targets the knee flexion function of the hamstrings, as opposed to deadlift variations, which target the other hamstring function, hip flexion. Many lifters opt for this exercise when they don't have access to a lying leg curl machine, but it is worth considering even if you already do machine curls.",strength,hamstrings,exercise ball,intermediate,8.8,Exercise ball kaki tekukan
Ball Hamstring Hat Trick,"The exercise ball leg curl is an exercise targeting the hamstrings. In particular, it targets the knee flexion function of the hamstrings, as opposed to deadlift variations, which target the other hamstring function, hip flexion. Many lifters opt for this exercise when they don’t have access to a lying leg curl machine, but it is worth considering even if you already do machine curls.",strength,hamstrings,exercise ball,intermediate,7.9,Ball Hamstring Hat Trick
Band-assisted pull-up,"The band-assisted pull-up is a variation of the pull-up exercise in which the reps are performed with an elastic band looped around the feet or knees. This reduces weight and resistance at the bottom of the rep, while increasing it toward the top. Like other pull-up variations, it builds strength and muscle in the upper back, biceps, and core, and is often used as a way to help people boost their pull-up numbers or perform their first rep.",strength,lats,bands,intermediate,7.6,band-dengan bantuan tarikan-up
Assisted Chin-Up,"The reverse-grip chin-up is a variation of the pull-up exercise in which the reps are performed with the palms facing toward the body, in an underhand position, with a band looped around the feet or knees. This reduces weight and resistance at the bottom of the rep, while increasing it toward the top. Like other pull-up variations, it builds strength and muscle in the upper back, biceps, and core, but it utilizes the biceps slightly more than overhand band-assisted pull-ups.",strength,lats,bands,beginner,0.0,dengan bantuan chin-up
UN Band Assisted Pull-up Pronated,,strength,lats,bands,intermediate,7.9,UN band dengan bantuan tarikan-up Pronated
UN Band Assisted Pull-up Neutral,,strength,lats,bands,intermediate,7.9,UN band dengan bantuan tarikan-up Neutral
UN Band Assisted Pull-up Supinated,,strength,lats,bands,intermediate,7.9,UN band dengan bantuan tarikan-up Supinated
FYR2 Monster Band Face-Pull Hold,,strength,lats,bands,intermediate,7.9,FYR2 Monster band Face-tarikan tahan
Single-arm band low row,"The single-arm band low row is a single-arm row variation utilizing a band for resistance that is anchored low. It targets the muscles of the middle back, like the lats (latissimus dorsi) and rhomboids, but also the core. It is usually performed for moderate to high reps, at least 8-15 reps per set, in the later stages of a back or upper-body workout.",strength,lats,bands,intermediate,7.9,satu lengan band low tarikan
Latissimus dorsi SMR,"Latissimus dorsi self-myofascial release (SMR) is a self-administered soft-tissue treatment for the upper body, usually using a foam roller, lacrosse ball, or other ""trigger point"" massage tool. By applying pressure strategically to the lat muscles of the mid back, some people find they can cause this often painful and tight area to relax or ""release."" Latissimus dorsi SMR is often accompanied by SMR on the pectorals or rhomboids, or by stretches that target the lats.",stretching,lats,foam roll,intermediate,4.7,Latissimus dorsi SMR
Bent-arm barbell pull-over,"The bent-arm barbell pull-over was a staple exercise of the ""Golden Era"" of bodybuilding and a favorite of Arnold Schwarzenegger himself. Done properly, the exercise targets the pecs, lats, and serratus anterior muscles. Old-school bodybuilders would perform them with light weights for sets of 20 between sets of heavy 20-rep squats, but pull-overs are more popular today in moderate rep ranges, such as 8-12 reps per set, as part of an upper-body workout.",strength,lats,barbell,intermediate,8.0,Bent-lengan barbell tarikan-over
Barbell pull-over to press,"The barbell pull-over to press is a complex that combines two popular exercises into one sequence that works much of the upper body, particularly the chest, triceps, and serratus anterior muscles. It is commonly performed with an EZ-bar, but can also be performed with a straight bar or neutral-grip bar. Because the pull-over will determine the amount of weight you can use, this movement is usually performed for moderate to high reps, such as 8-12 reps per set or more, as part of the upper-body portion of a workout.",strength,lats,barbell,beginner,0.0,barbell tarikan-over to dorongan
Single-arm barbell bent-over row,"The single-arm barbell bent-over row is a barbell exercise focused on the muscles of the middle back, such as the lats (latissimus dorsi) and rhomboids. It also targets the biceps and grip. If the loose end of the barbell moves around, it can be secured by placing it in the corner of a room.",strength,lats,barbell,intermediate,7.9,satu lengan barbell membungkuk tarikan
Reverse Barbell Row,,strength,lats,barbell,intermediate,7.9,Reverse barbell tarikan
Side kick-through to kettlebell high pull,"The side kick-through to kettlebell high pull is a combination of a popular bodyweight exercise and an explosive kettlebell movement. Between them, the pairing targets the traps, shoulders, core, hips, hamstrings, and glutes. This combination can be performed for time or for reps, often as circuit-style training for conditioning or fat loss.",strength,lats,kettlebells,intermediate,7.9,samping kick-through to kettlebell high tarikan
FYR2 Alternating Kettlebell Snatch,,strength,lats,kettlebells,intermediate,7.9,FYR2 bergantian kettlebell Snatch
FYR2 Alternating Kettlebell Swing,,strength,lats,kettlebells,intermediate,7.9,FYR2 bergantian kettlebell Swing
FYR2 American Kettlebell Swing,,strength,lats,kettlebells,intermediate,7.9,FYR2 American kettlebell Swing
FYR2 Double-Kettlebell Standing Clean,,strength,lats,kettlebells,intermediate,7.9,FYR2 Double-kettlebell berdiri Clean
FYR2 Kettlebell Swing High Pull,,strength,lats,kettlebells,intermediate,7.9,FYR2 kettlebell Swing High tarikan
FYR2 Kettlebell Swing-Clean-Press Combo,,strength,lats,kettlebells,intermediate,7.9,FYR2 kettlebell Swing-Clean-dorongan Combo
FYR2 Kettlebell Swing-Clean-Press-Row Combo,,strength,lats,kettlebells,intermediate,7.9,FYR2 kettlebell Swing-Clean-dorongan-tarikan Combo
FYR2 Single-Arm Kettlebell Clean,,strength,lats,kettlebells,intermediate,7.9,FYR2 satu lengan kettlebell Clean
FYR2 Single-Arm Kettlebell Swing,,strength,lats,kettlebells,intermediate,7.9,FYR2 satu lengan kettlebell Swing
PJR pull-over-,"The PJR pull-over is a triceps-focused version of the pull-over exercise, usually performed on either a flat or slightly inclined bench. The low position of the movement stretches the triceps—particularly the long head of the muscle—while the top position is a triceps press that contracts all three heads. It can be done in any type of strength or muscle-focused workout, in traditional muscle-building rep ranges, such as 8-12 reps, or for higher reps.",strength,lats,dumbbell,intermediate,7.9,PJR tarikan-over-
Dumbbell seal row,"The dumbbell seal row is a weighted exercise targeting the muscles of the middle back, including the lats (latissimus dorsi) and rhomboids. It can be performed on a special elevated bench, on a bench placed on top of boxes or benches, or on a bench with a slight incline. The higher the bench, the greater the range of motion and stretch at the bottom of the movement. It is usually performed as an assistance movement for back strength and muscle growth, in rep ranges of 8-12 reps per set or higher.",strength,lats,dumbbell,intermediate,7.9,dumbbell seal tarikan
Incline Dumbbell Row - Gethin Variation,The incline dumbbell row is an upper body isolation exercise targeting the lower lats and upper back muscles.,strength,lats,dumbbell,intermediate,7.9,miring dumbbell tarikan - Gethin Variation
FYR Bent-Over Dumbbell Row,"The dumbbell bent-over row is a popular exercise to develop and strengthen the muscles of the upper and middle back, like the latissimus (lat), lower trapezius, and rear deltoids. It can work equally well in strength, muscle-building, or circuit-style fat-loss workouts.",strength,lats,dumbbell,intermediate,7.9,FYR membungkuk dumbbell tarikan
Straight-Arm Dumbbell Pull-Over - Gethin Variation,"The straight-arm dumbbell pull-overpull-over was a staple exercise of the Golden Era of bodybuilding and a favorite of Arnold Schwarzenegger himself. Done properly, the exercise hits the bottom of the pecs, the lats, the abs, and the triceps.",strength,lats,dumbbell,intermediate,7.9,Straight-lengan dumbbell tarikan-Over - Gethin Variation
Bent-Over Dumbbell Row - Gethin Variation,"The dumbbell bent-over row is a popular exercise to develop and strengthen the muscles of the upper and middle back, like the latissimus (lat), lower trapezius, and rear deltoids. It can work equally well in strength, muscle-building, or circuit-style fat-loss workouts.",strength,lats,dumbbell,intermediate,7.9,membungkuk dumbbell tarikan - Gethin Variation
Bent-over dumbbell rear delt fly,"The bent-over dumbbell rear delt fly is a popular upper-body exercise that targets the muscles on the back of the shoulder joint, specifically the rear head of the deltoid. Since pressing movements build the front and (to a lesser degree) side deltoid heads, this move is often done to promote balanced shoulder development. It is usually performed for high reps, such as 10-15 reps per set or more, as part of a shoulder or upper-body workout.",strength,lats,dumbbell,intermediate,7.9,membungkuk dumbbell rear delt fly
Band Resisted Dumbbell Row,,strength,lats,dumbbell,intermediate,7.9,band Resisted dumbbell tarikan
Holman Right Arm Weighted Half Jack,,strength,lats,dumbbell,intermediate,7.9,Holman Right lengan berbeban Half lompat jack
Holman Left Arm Weighted Half Jack,,strength,lats,dumbbell,intermediate,7.9,Holman Left lengan berbeban Half lompat jack
Holman Renegade Row,,strength,lats,dumbbell,intermediate,7.9,Holman Renegade tarikan
Holman Renegade Row with Opposite Foot Step-Out,,strength,lats,dumbbell,intermediate,7.9,Holman Renegade tarikan with Opposite Foot Step-Out
Holman Renegade Row to Weighted Burpee,,strength,lats,dumbbell,intermediate,7.9,Holman Renegade tarikan to berbeban burpee
Holman Weighted Double-Arm Cross Punch,,strength,lats,dumbbell,intermediate,7.9,Holman berbeban dua lengan Cross Punch
Holman Standing Flat Back Row,,strength,lats,dumbbell,intermediate,7.9,Holman berdiri Flat punggung tarikan
Total Fitness Dumbbell Isometric Row Hold,"The dumbbell bent-over row is a popular exercise to develop and strengthen the muscles of the upper and middle back, like the latissimus (lat), lower trapezius, and rear deltoids. It can work equally well in strength, muscle-building, or circuit-style fat-loss workouts.",strength,lats,dumbbell,intermediate,7.9,Total Fitness dumbbell isometrik tarikan tahan
Dumbbell renegade row,"The dumbbell renegade row combines rowing and core training into a single difficult movement. It's popular in time-efficient strength and muscle-building workouts, as well as in circuit-style training.",strength,lats,dumbbell,intermediate,7.9,dumbbell renegade tarikan
MetaBurn Bent-Over Row to Rear-Delt Raise,,strength,lats,dumbbell,intermediate,7.9,MetaBurn membungkuk tarikan to Rear-Delt angkat
FYR2 Bent-Over Reverse Fly,,strength,lats,dumbbell,intermediate,7.9,FYR2 membungkuk Reverse fly
Weighted pull-up,"The weighted pull-up is a more advanced variation of the pull-up exercise in which the lifter adds extra weight to their body. Options for adding weight include a dip belt, weighted vest, chains, a dumbbell placed between the feet or legs, or looping a kettlebell over the foot. Like other pull-up variations, the weighted pull-up builds strength and muscle in the upper back, biceps, and core.",strength,lats,other,intermediate,9.5,berbeban tarikan-up
Rocky Pull-Ups/Pulldowns,,strength,lats,other,beginner,9.0,Rocky tarikan-Ups/Pulldowns
Gironda Sternum Chins,,strength,lats,other,beginner,8.5,Gironda Sternum Chins
Floor rope climb,"The floor rope climb is an exercise that involves performing partial rope climbs in a prone position with the feet on the floor. It can help prepare someone for full rope climbs, but also trains the muscles of the back, biceps, and grip. It can be done for time or reps.",strength,lats,other,beginner,7.0,Floor tali climb
Overhead Lat,,stretching,lats,other,beginner,1.0,Overhead Lat
Around-the-world pull-up,"The around-the-world pull-up is a more advanced version of the classic pull-up. It focuses stress more directly on the individual arms or sides of the back, while also boosting the time under tension at the top of each rep. It can be used as a progression toward a one-arm pull-up, or simply as a way to increase the challenge and variety of your pull-up training.",strength,lats,other,beginner,0.0,Around-the-world tarikan-up
L-sit chin-up,"The L-sit chin-up is an exercise targeting the back, biceps, core, and overall upper-body strength. It is considered significantly more difficult than standard chin-ups, and as such, is often performed for relatively low reps, such as 5-8 reps per set or less, with a focus on strength and form.",strength,lats,other,beginner,0.0,L-sit chin-up
Back Flyes - Gethin Variation,"The incline dumbbell reverse fly is an upper-body exercise targeting the posterior or rear deltoids, as well as the postural muscles of the upper back. Because it targets such small muscles, this exercise is usually performed with light weight for high reps, such as 10-15 reps per set or more.",strength,lats,other,intermediate,7.9,punggung fly - Gethin Variation
Incline straight-arm pull-over,"The incline straight-arm pull-over is an upper-body exercise targeting the chest and lats (latissimus dorsi). Performing it on an incline bench emphasizes the stretch on the chest in particular. If this movement causes pain in the front of the shoulders, perform it with a more limited range of motion or try pull-overs using a high cable stack instead. Pull-over variations are usually performed for moderate to high reps, such as 8-12 reps per set or more, as part of chest or back-focused upper-body training.",strength,lats,other,intermediate,7.9,miring straight-lengan tarikan-over
Machine high row,"The machine high row is a machine-based exercise targeting the back muscles, including the lats, rhomboids, and middle and lower traps. It approximates the motion of a free-weight row, but uses a selectorized weight-stack or plate-loaded machine. Many such machines also allow you to choose between different grips and grip widths. Machine rows are often done for moderate to high reps, such as 8-12 reps per set or more, as part of the upper-body or back-focused portion of a workout.",strength,lats,other,intermediate,7.9,mesin high tarikan
AM T-Bar Row,,strength,lats,other,intermediate,7.9,AM T-Bar tarikan
Assisted Single-Arm Pull-Up,,strength,lats,other,expert,7.9,dengan bantuan satu lengan tarikan-up
Assisted Single-Arm Chin-Up,,strength,lats,other,expert,7.9,dengan bantuan satu lengan chin-up
Holman Renegade Punch-Under,,strength,lats,other,intermediate,7.9,Holman Renegade Punch-Under
Holman Renegade Row to Split Jump,,strength,lats,other,intermediate,7.9,Holman Renegade tarikan to Split Jump
Holman Dirty Dog to Renegade Row,,strength,lats,other,intermediate,7.9,Holman Dirty Dog to Renegade tarikan
Holman Renegade Row to Side Punch to Forward Punch,,strength,lats,other,intermediate,7.9,Holman Renegade tarikan to samping Punch to Forward Punch
Standing dumbbell knee crunch,"The standing dumbbell knee crunch is a great way to train the abs while standing up. Additionally, the deltoids are worked because the lifter holds a pair of dumbbells overhead throughout.",strength,lats,other,intermediate,7.9,berdiri dumbbell knee crunch
Close-grip pull-down,"The close-grip pull-down is a variation on the lat pull-down that is performed with an overhand grip and the hands slightly closer than shoulder-width apart. This increases the range of motion beyond wider grips, and may increase the time under tension in each rep. This variation is usually performed for moderate to high reps as part of a back or upper-body workout.",strength,lats,cable,intermediate,8.9,pegangan sempit tarikan-down
Shotgun row,"The shotgun row is a single-arm row variation utilizing a cable stack in a staggered stance. It targets the muscles of the middle back, like the lats (latissimus dorsi) and rhomboids, but also the core. It is usually performed for moderate to high-reps, at least 8-15 reps per set, in the later stages of a back or upper-body workout.",strength,lats,cable,intermediate,8.9,Shotgun tarikan
Close-Grip Front Lat Pulldown,"The close-grip pull-down is a variation on the lat pull-down, acable-based exercise machine that’s ubiquitous in gyms around the world. This back builder is easy to learn and highly effective, allowing for variable resistance depending on where you place the pin in the stack.",strength,lats,cable,intermediate,8.8,pegangan sempit depan Lat Pulldown
Straight-arm rope pull-down,"The straight-arm rope pull-down is a variation of the straight-arm lat pull-down performed using a cable stack machine and a rope grip. It can either be performed in an athletic upright stance, or slightly bent over. It both stretches and contracts the muscles of the lats (latissimus dorsi) as well as providing additional activation to the other upper back muscles and the core. Because the triceps are also isometrically involved in the movement, it is usually performed for higher reps, such as 8-15 reps or more.",strength,lats,cable,intermediate,8.7,Straight-lengan tali tarikan-down
Lat pull-down,"The lat pull-down is a cable-based exercise that's ubiquitous in gyms around the world. This back builder is easy to learn and highly effective at building back size and strength. It's usually trained in moderate to high reps, such as 8-12 reps per set. If grip strength is a limitation, you can wear wrist straps.",strength,lats,cable,intermediate,8.6,Lat tarikan-down
Straight-Arm Pulldown,"The straight-arm bar pull-down is a variation of the straight-arm lat pull-down performed using a cable stack machine. It can either be performed in an athletic upright stance, or slightly bent-over. It both stretches and contracts the muscles of the lats (latissimus dorsi) as well as providing additional activation to the other upper back muscles and the core. Because the triceps are also isometrically involved in the movement, it is usually performed for higher reps, like 8-15 reps or above.",strength,lats,cable,intermediate,8.3,Straight-lengan Pulldown
Single-arm kneeling lat pull-down,"The single-arm kneeling lat pull-down is a variation of the lat pull-down exercise performed one arm at a time, with the knees on the ground, rather than sitting on a bench or machine. It has all of the same benefits of a lat pull-down performed on a bench or machine, in addition to providing further activation to the core and lower body.",strength,lats,cable,beginner,8.3,satu lengan kneeling lat tarikan-down
Elevated Cable Rows,"The cable seated row is a popular exercise to train the muscles of the upper back, including the lats (latissimus dorsi), traps, rhomboids, and rear deltoids, using a cable stack. It also targets the biceps to a lesser degree. The cable row can work well in a variety of rep-ranges, but is most popular in muscle-building workouts or as an accessory movement for strength workouts.",strength,lats,cable,beginner,8.3,Elevated kabel tarikan
Full Range-Of-Motion Lat Pulldown,,strength,lats,cable,beginner,8.1,Full Range-Of-Motion Lat Pulldown
Kneeling lat pull-down,"The kneeling lat pull-down is a variation of the lat pull-down exercise performed with the knees on the ground rather than sitting on a bench or machine. It has all of the same benefits of a lat pull-down performed on a bench or machine, in addition to providing further activation to the core and lower body.",strength,lats,cable,intermediate,7.9,Kneeling lat tarikan-down
Behind-the-neck pull-down,"The behind-the-neck pull-down is a cable exercise intended to target the muscles of the upper and middle back. If you have the requisite shoulder mobility, it can help you target the upper back muscles, including the trapezius and rhomboids, as well as the lats (latissimus dorsi). It is popular among elite bodybuilders and physique athletes, but some coaches consider it unsafe to the shoulder joint, particularly for people with existing shoulder problems.",strength,lats,cable,intermediate,7.1,Behind-the-neck tarikan-down
Straight-arm cable pull-over,"The straight-arm cable pull-over is an exercise that focuses on the muscles of the lats (latissimus dorsi) and chest using a cable stack and a flat bench. It is most commonly used for higher reps, such as 10-15 or more, in muscle-building workouts. It is also an effective substitute for dumbbell pull-overs or a pull-over machine, if you don't have access to them or they aggravate your shoulders.",strength,lats,cable,intermediate,7.9,Straight-lengan kabel tarikan-over
Cable Straight-Arm Pulldown - Gethin Variation,"The straight-arm bar pull-down is a variation of the straight-arm lat pull-down performed using a cable stack machine. It can either be performed in an athletic upright stance, or slightly bent-over. It both stretches and contracts the muscles of the lats (latissimus dorsi) as well as providing additional activation to the other upper back muscles and the core. Because the triceps are also isometrically involved in the movement, it is usually performed for higher reps, like 8-15 reps or above.",strength,lats,cable,intermediate,7.9,kabel Straight-lengan Pulldown - Gethin Variation
Rope Lat Pull-down - Gethin Variation,"The close-grip pull-down is a variation on the lat pull-down, acable-based exercise machine that’s ubiquitous in gyms around the world. This back builder is easy to learn and highly effective, allowing for variable resistance depending on where you place the pin in the stack.",strength,lats,cable,intermediate,7.9,tali Lat tarikan-down - Gethin Variation
Straight-Arm Pull-Down - Gethin Variation,"The straight-arm bar pull-down is a variation of the straight-arm lat pull-down performed using a cable stack machine. It can either be performed in an athletic upright stance, or slightly bent-over. It both stretches and contracts the muscles of the lats (latissimus dorsi) as well as providing additional activation to the other upper back muscles and the core. Because the triceps are also isometrically involved in the movement, it is usually performed for higher reps, like 8-15 reps or above.",strength,lats,cable,intermediate,7.9,Straight-lengan tarikan-Down - Gethin Variation
High-cable standing row,"The high-cable standing row is an exercise targeting the lats. The high position allows for more engagement of the upper back, as well, specifically the rhomboids and teres major.",strength,lats,cable,intermediate,7.9,High-kabel berdiri tarikan
Lat Pull-down - Gethin Variation,"The lat pull-down is a cable-based exercise machine that’s ubiquitous in gyms around the world. This back builder is easy to learn and highly effective, allowing for variable resistance depending on where you place the pin in the stack.",strength,lats,cable,intermediate,7.9,Lat tarikan-down - Gethin Variation
Wide-Grip Lat Pull-Down - Gethin Variation,"The lat pull-down is a cable-based exercise machine that’s ubiquitous in gyms around the world. This back builder is easy to learn and highly effective, allowing for variable resistance depending on where you place the pin in the stack.",strength,lats,cable,intermediate,7.9,pegangan lebar Lat tarikan-Down - Gethin Variation
Behind-The-Neck Pull-Down - Gethin Variation,"The behind-the-neck pull-down is a cable exercise intended to target the muscles of the upper and middle back. If you have the requisite shoulder mobility, it can help you targets the upper back muscles, including the trapezius and rhomboids, as well as the lats (latissimus dorsi). It is popular among elite bodybuilders and physique athletes, but some coaches consider it unsafe to the shoulder joint, in particular to people with existing shoulder problems.",strength,lats,cable,intermediate,7.9,Behind-The-Neck tarikan-Down - Gethin Variation
Single-Arm Cable Row - Gethin Variation,"The single-arm cable seated row is a version of the cable row movement that train the muscles of the upper back one side at a time. It targets a wide range of muscles including the lats (latissimus dorsi), traps, rhomboids, and rear deltoids, as well as the biceps. The single-arm row can work well in a variety of rep-ranges, but is most popular in muscle-building workouts or as an accessory movement for strength workouts.",strength,lats,cable,intermediate,7.9,satu lengan kabel tarikan - Gethin Variation
Scapular Rows,,strength,lats,cable,intermediate,7.9,Scapular tarikan
Standing V-Grip Cable Rows,,strength,lats,cable,intermediate,7.9,berdiri V-Grip kabel tarikan
AM Close-Grip Pull-Down,"The close-grip pull-down is a variation on the lat pull-down, acable-based exercise machine that’s ubiquitous in gyms around the world. This back builder is easy to learn and highly effective, allowing for variable resistance depending on where you place the pin in the stack.",strength,lats,cable,intermediate,7.9,AM pegangan sempit tarikan-Down
AM Wide-Grip Pull-Down,"The lat pull-down is a cable-based exercise machine that’s ubiquitous in gyms around the world. This back builder is easy to learn and highly effective, allowing for variable resistance depending on where you place the pin in the stack.",strength,lats,cable,intermediate,7.9,AM pegangan lebar tarikan-Down
UP Lat Pull-Down,"The lat pull-down is a cable-based exercise machine that’s ubiquitous in gyms around the world. This back builder is easy to learn and highly effective, allowing for variable resistance depending on where you place the pin in the stack.",strength,lats,cable,intermediate,7.9,UP Lat tarikan-Down
Reverse-grip lat pull-down,"The reverse-grip lat pull-down is variation on the lat pull-down that targets the lower lats more than an overhand grip. Because the hands are relatively close together, it also increases the range of motion beyond wider-grip pull-down variations. It can be performed for low reps, such as 5-6 per set, for back strength, or for higher reps for size.",strength,lats,machine,intermediate,8.5,Reverse-grip lat tarikan-down
Machine seated row,"The machine seated row is a popular exercise targeting the back muscles, particularly the lats (latissimus dorsi), rhomboids, and middle and lower trapezius. There is a wide variety of seated row machines, but most of them approximate the motion of a free-weight row, but in an upright, forward-facing position. Machine row variations are often performed for moderate to high reps, such as 8-12 reps per set or more, as part of an upper-body or back-focused portion of a workout.",strength,lats,machine,beginner,8.4,mesin duduk tarikan
Machine-assisted pull-up,"The machine-assisted pull-up takes a classic back-building exercise and adds assistance to make the movement easier than the bodyweight version. The amount of assistance can easily be changed by moving the pin in the stack. While some people use this variation as a substitute for pull-ups or as an assistance exercise for pull-ups, it is also effective as a way to perform the pull-up motion in traditional muscle-building ranges. This variation is often performed for moderate to high reps, such as 8-12 reps per set or more, as part of upper-body or back-focused training.",strength,lats,machine,beginner,8.2,mesin-dengan bantuan tarikan-up
Single-arm pull-down,"The single-arm pull-down is a variation on the lat pull-down that is performed one arm at a time, usually with a D-shaped handle and a cable stack. Many lifters find they can feel the lat (latissimus dorsi) muscles working better with single-arm variations.",strength,lats,machine,intermediate,7.3,satu lengan tarikan-down
Chest-Supported Smith Machine Row - Gethin Variation,,strength,lats,machine,intermediate,7.9,dada-Supported Smith mesin tarikan - Gethin Variation
Single-arm machine high row,"The single-arm machine high row is a machine-based exercise targeting the back muscles, including the lats, rhomboids, and middle and lower traps. It approximates the motion of a free-weight row, but uses a selectorized weight-stack or plate-loaded machine. Many such machines also allow you to choose between different grips and grip widths. Machine-based rows are often done for moderate to high reps, such as 8-12 reps per set or more, as part of the upper-body or back-focused portion of a workout.",strength,lats,machine,intermediate,7.9,satu lengan mesin high tarikan
Machine Pull-Over - Gethin Variation,,strength,lats,machine,intermediate,7.9,mesin tarikan-Over - Gethin Variation
Seated Machine Row - Gethin Variation,"The machine seated row is an exercise targeting the back muscles, emphasizing the mid- to upper-back.",strength,lats,machine,intermediate,7.9,duduk mesin tarikan - Gethin Variation
Wide-Grip Machine Row,,strength,lats,machine,intermediate,7.9,pegangan lebar mesin tarikan
King Maker Lat Pull-Down,"The lat pull-down is a cable-based exercise machine that’s ubiquitous in gyms around the world. This back builder is easy to learn and highly effective, allowing for variable resistance depending on where you place the pin in the stack.",strength,lats,machine,intermediate,7.9,King Maker Lat tarikan-Down
Robertson Half-Kneeling Landmine Press,,strength,lats,machine,intermediate,7.9,Robertson Half-Kneeling Landmine dorongan
Pullups,"The pull-up is a multi-joint bodyweight exercise that builds strength and muscle in the upper back, biceps, and core. It is often used as a measurement tool in military or tactical fitness tests, and is an excellent gauge of “relative strength” which is strength in relation to bodyweight.",strength,lats,body only,intermediate,9.2,Pullups
Pull-up,"The pull-up is a multijoint bodyweight exercise that builds strength and muscle in the upper back, biceps, and core. It is often used as a measurement tool in military or tactical fitness tests, and is an excellent gauge of ""relative strength"" which is strength in relation to body weight.",strength,lats,body only,beginner,8.9,tarikan-up
Muscle Up,,strength,lats,body only,intermediate,8.9,Muscle Up
Rope climb,"The rope climb is an exercise that is used commonly in CrossFit workouts and as a test of upper-body strength. It was even contested at the Olympics in the early 20th century. It targets a wide range of upper-body musculature, including the hands and forearms, shoulders, biceps, lats (latissimus dorsi), and core.",strength,lats,body only,intermediate,8.7,tali climb
Wide-Grip Rear Pull-Up,,strength,lats,body only,beginner,8.7,pegangan lebar Rear tarikan-up
Side To Side Chins,,strength,lats,body only,intermediate,8.4,samping To samping Chins
Neutral-grip pull-up,"The neutral-grip pull-up is a multijoint bodyweight exercise in which the reps are performed with the palms facing one another. Like other pull-up variations, it builds strength and muscle in the upper back, biceps, and core. It can be used as a more shoulder-friendly alternative to straight-bar pull-ups, or to help perform more reps than you can perform overhand.",strength,lats,body only,intermediate,8.2,Neutral-grip tarikan-up
Kipping Muscle Up,,strength,lats,body only,intermediate,7.2,Kipping Muscle Up
One Arm Against Wall,,stretching,lats,body only,intermediate,5.8,One lengan Against Wall
One Handed Hang,"The single-arm hang is a static exercise that involves hanging from a bar by one hand. It is an advanced hanging exercise that demands above-average shoulder stability and grip strength, and may not be appropriate for some people. However, if someone is strong and stable enough to perform it, the movement can help build those same qualities.",stretching,lats,body only,intermediate,3.6,One Handed Hang
Standing side bend stretch,"The standing side bend stretch is a stretching exercise targeting the obliques, the muscles that run along the side of the core. It is a common inclusion in dynamic warm-ups for the upper body, but can also be performed to help ""limber up"" for lifting or athletics anytime.",stretching,lats,body only,intermediate,3.2,berdiri samping bend stretch
Burpee to pull-up,The burpee to pull-up is a variation of the bodyweight burpee in which the jump at the top of each rep leads into a jumping pull-up. It is popular in circuit-style and metcon workouts.,plyometrics,lats,body only,intermediate,0.0,burpee to tarikan-up
Negative pull-up,"The negative pull-up is a multijoint bodyweight exercise that focuses on just one half of the traditional pull-up: the lowering, eccentric, or ""negative"" portion. Because muscles are stronger eccentrically than they are concentrically, many people can perform negatives even if they can't perform full pull-ups. For this reason, it is a popular training tool to help people earn their first pull-up rep, or as a back-off exercise after doing full pull-ups.",strength,lats,body only,intermediate,0.0,Negative tarikan-up
Chin-Up,"The a chin-up is a variation of the pull-up exercise in which the reps are performed with the palms facing toward the body, in an underhand position, with a grip that is narrower than shoulder-width. Like other pull-up variations, it builds strength and muscle in the upper back, biceps, and core, but it utilizes the biceps slightly more than overhand pull-ups. It can be used as a more shoulder-friendly alternative to straight-bar pull-ups, or to help perform more reps than you can perform overhand.",strength,lats,body only,intermediate,7.9,chin-up
HM Superman Lat Pull,,strength,lats,body only,intermediate,7.9,HM Superman Lat tarikan
AM Pull-Up,"The pull-up is a multi-joint bodyweight exercise that builds strength and muscle in the upper back, biceps, and core. It is often used as a measurement tool in military or tactical fitness tests, and is an excellent gauge of “relative strength” which is strength in relation to bodyweight.",strength,lats,body only,intermediate,7.9,AM tarikan-up
UP Chin-Up,,strength,lats,body only,intermediate,7.9,UP chin-up
Holman Alternating Forward and Side Punch,,strength,lats,body only,intermediate,7.9,Holman bergantian Forward and samping Punch
Jump to pull-up,"The jump to pull-up is a bodyweight exercise that targets the muscles of the back, biceps, and, to a lesser degree, legs. It involves jumping up to a pull-up bar between reps. Similar to a push-press, the legs help power through the most difficult portion of the pull-up, allowing you to perform more reps. Jumping pull-ups are often performed for moderate to high reps, such as 8-12 reps per set or more, as an accessory to other pulling or pull-up training, or as a full-body movement in a circuit or metcon.",strength,lats,body only,intermediate,7.9,Jump to tarikan-up
Bent-over scapular slide,The bent-over scapular slide is an upper-body exercise that helps with scapular and shoulder mobility. It is commonly performed for time or reps as part of a dynamic warm-up for the upper body.,strength,lats,body only,intermediate,7.9,membungkuk scapular slide
Iron cross stretch,The iron cross stretch is a bodyweight stretch that focuses on hip and thoracic spine mobility.,strength,lats,body only,intermediate,7.9,Iron cross stretch
Total Fitness Standing Lat Stretch,,strength,lats,body only,intermediate,7.9,Total Fitness berdiri Lat Stretch
King Maker Pull-Up,"The pull-up is a multi-joint bodyweight exercise that builds strength and muscle in the upper back, biceps, and core. It is often used as a measurement tool in military or tactical fitness tests, and is an excellent gauge of “relative strength” which is strength in relation to bodyweight.",strength,lats,body only,intermediate,7.9,King Maker tarikan-up
Medicine ball slam,"The medicine ball slam is an explosive exercise for developing power, strength, and speed. Muscles worked include the abdominals, legs, triceps, shoulders, and lats. The slams are usually done in rapid succession to complete one set. It can also be a component of a power or athleticism-focused circuit workout.",plyometrics,lats,medicine ball,intermediate,7.9,Medicine ball slam
Catch and Overhead Throw,,plyometrics,lats,medicine ball,beginner,5.8,Catch and Overhead Throw
FYR2 Bent-Over Medicine Ball Slam,,strength,lats,medicine ball,intermediate,7.9,FYR2 membungkuk Medicine Ball Slam
Dynamic Back Stretch,,stretching,lats,body only,beginner,4.8,Dynamic punggung Stretch
Chair Lower Back Stretch,,stretching,lats,body only,beginner,3.2,Chair Lower punggung Stretch
Side-Lying Floor Stretch,,stretching,lats,body only,beginner,1.0,samping-berbaring Floor Stretch
Band good morning-,"The band good morning is an exercise targeting the hamstrings and glutes. It is often performed in powerlifting-style training for high reps, or in the place of barbell good mornings.",strength,lower back,bands,intermediate,7.9,band good morning-
FYR2 Monster Banded Good Morning,,strength,lower back,bands,intermediate,7.9,FYR2 Monster dengan band Good Morning
Band deadlift,The band deadlift is a lower-body exercise that mainly targets the hamstrings while also benefiting the glutes and lats using a proper hip-hinging motion.,strength,lower back,bands,intermediate,7.9,band deadlift
Lower back SMR,"Lower back self-myofascial release (SMR) is a self-administered soft-tissue treatment, usually using a foam roller, lacrosse ball, or other ""trigger point"" massage tool. By applying pressure strategically to the quadratus lumborum or spinal erector (erector spinae) muscles of the lower back, some people find they can cause this often painful and tight area to relax or ""release."" Lower back SMR is often accompanied by SMR on the glutes or piriformis muscles, or by stretches that target the piriformis or hips. However, some people find that SMR on the lower back can aggravate existing pain or injury, so be cautious when performing it.",stretching,lower back,foam roll,intermediate,4.5,Lower punggung SMR
Barbell deficit deadlift,"The barbell deficit deadlift is a compound exercise targeting the posterior chain. It is commonly utilized in powerlifting training to build pulling strength off the floor, but is also an effective muscle-building movement for the glutes and hamstrings. It is usually performed with lighter weight, and perhaps for higher reps, than traditional deadlifts. If these make your back sore, decrease the deficit and/or wear a weightlifting belt.",powerlifting,lower back,barbell,beginner,9.4,barbell deficit deadlift
Deadlift with Bands,,powerlifting,lower back,barbell,beginner,8.7,deadlift with Bands
Deadlift with Chains,,powerlifting,lower back,barbell,beginner,8.6,deadlift with Chains
Rack Pull with Bands,,powerlifting,lower back,barbell,beginner,8.5,Rack tarikan with Bands
Rack pull,"The rack pull is a variation of the deadlift performed from an elevated height, either using boxes, safety pins, or the safeties in a squat rack. It targets all the same muscles as the deadlift, including the glutes, hamstrings, upper back, lower back, and grip. It can be used to strengthen deadlift lockout, but also as a deadlift alternative for people who can't deadlift from the floor without pain.",powerlifting,lower back,barbell,intermediate,8.3,Rack tarikan
Seated Good Mornings,,powerlifting,lower back,barbell,beginner,8.1,duduk Good Mornings
Stiff Leg Barbell Good Morning,,strength,lower back,barbell,beginner,8.1,Stiff kaki barbell Good Morning
Reverse Band Deadlift,,powerlifting,lower back,barbell,beginner,0.0,Reverse band deadlift
Paul Carter Romanian Deadlift,"The barbell stiff-legged deadlift targets the hamstrings, glutes, lower and upper back, as well as the core. It is a popular accessory movement for the deadlift, but also a muscle-building hamstring movement.",strength,lower back,barbell,intermediate,7.9,Paul Carter deadlift Rumania
TBS Good Morning,"The barbell good morning is an exercise that targets glute, hamstring, and lower back development. It is often trained as an accessory movement to the deadlift, but also has value on its own. It is sometimes performed for reps in traditional strength-focused rep ranges such as 5-8 reps per set, but due to the risk posed to the lower back, is rarely treated as a max-effort single-rep lift.",strength,lower back,barbell,intermediate,7.9,TBS Good Morning
TBS Romanian Deadlift,"The barbell stiff-legged deadlift targets the hamstrings, glutes, lower and upper back, as well as the core. It is a popular accessory movement for the deadlift, but also a muscle-building hamstring movement.",strength,lower back,barbell,intermediate,7.9,TBS deadlift Rumania
Barbell deadlift-,"The barbell deadlift is a compound exercise used to develop overall strength and size in the posterior chain. It is a competition lift in the sport of powerlifting, but is also considered a classic benchmark of overall strength. When performed with the hands outside the knees, it is often called a ""conventional"" deadlift. When the feet are wide and the hands are inside the knees, it is a sumo deadlift.",strength,lower back,barbell,intermediate,7.9,barbell deadlift-
Deadlift - Gethin Variation,"The barbell deadlift is a compound exercise used to develop overall strength and size in the posterior chain. It is a competition lift in the sport of powerlifting, but is also considered a classic benchmark of overall strength. When performed with the hands outside the knees, it is often called a ""conventional"" deadlift. When the feet are wide and the hands are inside the knees, it is a sumo deadlift.",strength,lower back,barbell,intermediate,7.9,deadlift - Gethin Variation
Barbell good morning,"The barbell good morning is an exercise that targets glute, hamstring, and lower back development. It is often trained as an accessory movement to the deadlift, but also has value on its own. It is sometimes performed for reps in traditional strength-focused rep ranges such as 5-8 reps per set, but due to the risk posed to the lower back, is rarely treated as a max-effort single-rep lift.",strength,lower back,barbell,intermediate,7.9,barbell good morning
UP Conventional Deadlift,"The barbell deadlift is a compound exercise used to develop overall strength and size in the posterior chain. It is a competition lift in the sport of powerlifting, but is also considered a classic benchmark of overall strength. When performed with the hands outside the knees, it is often called a ""conventional"" deadlift. When the feet are wide and the hands are inside the knees, it is a sumo deadlift.",strength,lower back,barbell,intermediate,7.9,UP Conventional deadlift
30 Day Back Barbell Rack Pull,,strength,lower back,barbell,intermediate,7.9,30 Day punggung barbell Rack tarikan
FYR Sumo Deadlift High Pull,"The kettlebell sumo deadlift high pull is a dynamic kettlebell exercise that focuses on the muscles of the posterior chain, including the hamstrings, glutes, traps, rear delts, and upper back. It can be done in lower reps for power or strength, or higher reps for conditioning and fat loss. It can also be a component of a circuit-style kettlebell workout, either for time or reps.",strength,lower back,kettlebells,intermediate,7.9,FYR Sumo deadlift High tarikan
Kettlebell deadlift,"The kettlebell deadlift is a foundational movement in kettlebell training. It's often taught as a buildup or regression to the kettlebell swing, as well as to instruct the ""hip hinge"" motion in a more approachable manner than with a barbell.",strength,lower back,kettlebells,intermediate,7.9,kettlebell deadlift
HM Kettlebell Swing,,strength,lower back,kettlebells,intermediate,7.9,HM kettlebell Swing
KV Romanian Deadlift with Kettlebell,,strength,lower back,kettlebells,intermediate,7.9,KV deadlift Rumania with kettlebell
FYR2 Kettlebell Good Morning,,strength,lower back,kettlebells,intermediate,7.9,FYR2 kettlebell Good Morning
FYR2 Kettlebell Romanian Deadlift,,strength,lower back,kettlebells,intermediate,7.9,FYR2 kettlebell deadlift Rumania
FYR2 Kettlebell Staggered-Stance Deadlift,,strength,lower back,kettlebells,intermediate,7.9,FYR2 kettlebell Staggered-Stance deadlift
Dumbbell Fix Dumbbell Deadlift,,strength,lower back,dumbbell,intermediate,7.9,dumbbell Fix dumbbell deadlift
Dumbbell skier,"As the name suggests, the dumbbell skier takes the motion of skiing and replaces the poles with dumbbells. The hip and torso motion are similar to a kettlebell swing, as are the muscles it targets, including the hamstrings, glutes, upper back, and grip. However, unlike the traditional kettlebell swing, the arms are outside of the knees. This movement can be performed for time or for reps, but is usually performed for relatively high reps, such as 8-12 sets per rep or more, as part of a fat-loss or athleticism-focused circuit or workout.",strength,lower back,dumbbell,intermediate,7.9,dumbbell skier
TBS Dumbbell Romanian Deadlift,"The dumbbell stiff-legged deadlift targets the hamstrings, glutes, low and upper back, as well as the core. The purpose of the stiff-legged, as opposed to Romanian deadlift with slightly bent knees, is to engage the hamstrings and low back to an even greater degree.",strength,lower back,dumbbell,intermediate,7.9,TBS dumbbell deadlift Rumania
Stiff-Legged Dumbbell Deadlift - Gethin Variation,"The dumbbell stiff-legged deadlift targets the hamstrings, glutes, low and upper back, as well as the core. The purpose of the stiff-legged, as opposed to Romanian deadlift with slightly bent knees, is to engage the hamstrings and low back to an even greater degree.",strength,lower back,dumbbell,intermediate,7.9,Stiff-Legged dumbbell deadlift - Gethin Variation
UNS Dumbbell Romanian Deadlift,,strength,lower back,dumbbell,intermediate,7.9,UNS dumbbell deadlift Rumania
Holman Slow Deadlift,,strength,lower back,dumbbell,intermediate,7.9,Holman Slow deadlift
Holman Deadlift to Overhead Press,,strength,lower back,dumbbell,intermediate,7.9,Holman deadlift to Overhead dorongan
Holman Staggered-Stance Deadlift,,strength,lower back,dumbbell,intermediate,7.9,Holman Staggered-Stance deadlift
Holman Deadlift to Front Raise,,strength,lower back,dumbbell,intermediate,7.9,Holman deadlift to depan angkat
Holman Deadlift to Chest Press,,strength,lower back,dumbbell,intermediate,7.9,Holman deadlift to dada dorongan
Holman Deadlift to Squat Thrust,,strength,lower back,dumbbell,intermediate,7.9,Holman deadlift to squat Thrust
Holman Deadlift to Biceps Curl,,strength,lower back,dumbbell,intermediate,7.9,Holman deadlift to bisep tekukan
Dumbbell kickstand deadlift,"The dumbbell kickstand deadlift is a movement targeting the muscles of the hamstrings, glutes, and back. The kickstand position can help focus the stretch and contraction on each individual leg, similar to a single-leg Romanian deadlift, while presenting less of a balance challenge. It can be performed in low reps, such as 5-8 reps per set, for strengthening the posterior chain, or for higher reps for muscle growth.",strength,lower back,dumbbell,intermediate,7.9,dumbbell kickstand deadlift
Single-leg stiff-legged deadlift to row,"The single-leg stiff-legged deadlift to row takes two popular strength moves and combines them into one full-body blaster. Between the deadlift and the row, you'll target the glutes, hamstrings, quads, back, and biceps. Because balance can be a challenge, this movement is usually done with relatively light weights for high reps, such as 8-12 reps per set or more.",strength,lower back,dumbbell,intermediate,7.9,Single-kaki stiff-legged deadlift to tarikan
FYR2 Dumbbell Deadlift,,strength,lower back,dumbbell,intermediate,7.9,FYR2 dumbbell deadlift
FYR2 Dumbbell Deadlift to Dumbbell Upright Row,,strength,lower back,dumbbell,intermediate,7.9,FYR2 dumbbell deadlift to dumbbell tarikan tegak
Atlas Stones,,strongman,lower back,other,intermediate,9.5,Atlas Stones
Axle Deadlift,,strongman,lower back,other,beginner,9.1,Axle deadlift
Atlas Stone Trainer,,strongman,lower back,other,beginner,6.4,Atlas Stone Trainer
Partner Flat-Bench Back Extension,"The partner bench back extensionis a clever way to perform this exercise, which works the spinal erectors in the lower back. There are machines and angled apparatus that allow this exercise to performed solo; but, lacking those, all you need is a bench and a workout partner.",strength,lower back,other,beginner,0.0,pasangan Flat-bangku punggung ekstensi
Keg Load,,strongman,lower back,other,beginner,0.0,Keg Load
Partner bench back extension,"The partner bench back extension is a clever way to target the glutes and spinal erector muscles. There are machines and angled benches that allow this exercise to be performed solo, but, lacking those, all you need is a bench and a workout partner. It is usually performed for high reps as a burnout or accessory movement for lower-body training.",strength,lower back,other,beginner,0.0,pasangan bangku punggung ekstensi
Rack Pull - Gethin Variation,"The rack pull is a variation of the deadlift performed from an elevated height, either using boxes, safety pins, or the safeties in a squat rack. It targets all the same muscles as the deadlift, including the glutes, hamstrings, upper back, lower back, and grip. It can e used to strengthen deadlift lockout, but also as a deadlift alternative for people who can’t deadlift from the floor without pain.",strength,lower back,other,intermediate,7.9,Rack tarikan - Gethin Variation
Hex Bar Deadlift - Gethin Variation,"The hex bar deadlift is a variety of deadlift performed in a hexagonal barbell also known as a trap bar. The bar is held with a parallel (palms in) grip outside of the legs. It is biomechanically different from a barbell deadlift in that it lines up with a lifter’s center of gravity, rather than placing it in front of their body. The trap bar deadlift can be trained in traditional strength and muscle-focused rep range, or for higher reps. It activates all of the same muscle groups as conventional or sumo deadlifts, including the glutes, quads, hamstring, lower back, lats, upper back, and grip.",strength,lower back,other,intermediate,7.9,Hex Bar deadlift - Gethin Variation
Holman Deadlift,,strength,lower back,other,intermediate,7.9,Holman deadlift
ACFT Low-handle trap bar deadlift,"The low-handle trap bar deadlift is a variety of deadlift performed in a hexagonal barbell also known as a trap bar. This specific exercise is part of the new Army Combat Fitness Test or ACFT. The bar is held with a parallel (palms in) grip outside of the legs. It is biomechanically different from a barbell deadlift in that it lines up with a lifter's center of gravity, rather than placing the weight in front of their body. It activates all of the same muscle groups as conventional or sumo deadlifts, including the glutes, quads, hamstrings, lower back, lats, upper back, and grip.",strength,lower back,other,intermediate,7.9,ACFT Low-handle trap bar deadlift
Neutral-grip lat pull-down,"The neutral-grip lat pull-down is a variation on the lat pull-down that uses a handle with a neutral (palms facing in) grip. This arrangement helps to build lat width and target the upper lats. This movement is usually performed for moderate to high reps, such as 8-12 per set or higher, as part of an upper-body or back-focused workout.",strength,lower back,cable,intermediate,7.9,Neutral-grip lat tarikan-down
Seated cable deadlift,"The seated cable deadlift is a version of the deadlift or hip hinge movement that is performed on a seated cable row machine. Similar to a stiff-legged deadlift or 45-degree back extension, it targets the muscles of the lower back, as well as the glutes and upper back to a lesser degree. It is usually utilized in higher rep ranges, at least 8-12 reps per set, on a back-focused muscle-building day, or as a deadlift accessory lift to strengthen the lower back.",strength,lower back,cable,intermediate,7.9,duduk kabel deadlift
Cable stiff-legged deadlift,"The cable stiff-legged deadlift is a lower-body exercise that mainly targets the hamstrings, while also benefiting the glutes using a proper hip-hinging motion.",strength,lower back,cable,intermediate,7.9,kabel stiff-legged deadlift
Single-leg cable stiff-legged deadlift,"The single-leg cable stiff-legged deadlift is a lower-body exercise that mainly targets the hamstrings, while also benefiting the glutes using a proper hip-hinging motion. Training one leg at a time allows for working out imbalances.",strength,lower back,cable,intermediate,7.9,Single-kaki kabel stiff-legged deadlift
UNS Banded Dumbbell Romanian Deadlift,,strength,lower back,cable,intermediate,7.9,UNS dengan band dumbbell deadlift Rumania
Seated Back Extension,,strength,lower back,machine,beginner,8.2,duduk punggung ekstensi
Back extension,"The back extension is an exercise used to build lower back strength that also targets the hamstrings and glutes. It is often performed on a 45-degree bench with the feet anchored. Unweighted back extensions are often performed for high reps, such as 15-20 reps or more, but the movement can also be performed with added weight in lower rep ranges, such as 8-12 reps per set.",strength,lower back,body only,intermediate,9.1,punggung ekstensi
Hyperextensions With No Hyperextension Bench,,strength,lower back,body only,beginner,8.8,Hyperextensions With No Hyperextension bangku
Superman,"The Superman is a bodyweight exercise that consists of isometric holds in an extended spine position. It targets the muscles of the posterior chain, including the muscles of the glutes, spinal erectors, and upper back. It can be performed as part of a dynamic warm-up, or for muscle activation or mobility anytime.",stretching,lower back,body only,intermediate,8.3,Superman
Hug A Ball,,stretching,lower back,body only,intermediate,5.4,Hug A Ball
Child's pose,Child’s pose is a traditional yoga pose that is also popular in fitness and strength training. It targets mobility of the thoracic spine and control of the vertebral column. It can be performed for time or reps as part of a dynamic warm-up or as a mobility or restorative exercise anytime. It can also work as part of a yoga or bodyweight sequence with other poses.,stretching,lower back,body only,intermediate,5.3,Child's pose
Pelvic Tilt Into Bridge,,stretching,lower back,body only,intermediate,5.1,Pelvic Tilt Into Bridge
Hug Knees To Chest,,stretching,lower back,body only,intermediate,4.4,Hug Knees To dada
Pyramid,,stretching,lower back,body only,intermediate,1.0,Pyramid
Partner Superman with alternating high-five,"The partner Superman with alternating high-five is an exercise in which both partners perform isometric holds for reps, high-fiving each other in between. It targets the muscles of the posterior chain, including the muscles of the glutes, spinal erectors, and upper back. It can be performed as part of a dynamic warm-up, or as part of a core or back-focused workout or finisher.",strength,lower back,body only,beginner,0.0,pasangan Superman with bergantian high-five
Yoga plex,"The yoga plex is a stretch that combines elements of the downward facing dog yoga pose with the “world’s greatest stretch.” It is most commonly performed as part of a dynamic warm-up, to limber up muscles from head to toe, raise the body’s core temperature, and mobilize the hips, upper back, and shoulders.",stretching,lower back,body only,intermediate,7.9,Yoga plex
TBS Back Extension,"The back extension is an exercise used to build lower back strength that also targets the hamstrings and glutes. It is often performed on a 45-degree bench with the feet anchored. Unweighted back extensions are often performed for high reps, such as 15-20 reps or more, but the movement can also be performed with added weight in lower rep ranges, such as 8-12 reps per set.",strength,lower back,body only,intermediate,7.9,TBS punggung ekstensi
Lower Back Stretch - Yates Variation,"The lying cross-over lower back stretch is a simple bodyweight stretch targeting the lower back, hips, and torso. It involves rotating the legs while lying flat on the back. It is commonly included in dynamic warm-ups, but can also be performed as full-body mobility work anytime.",strength,lower back,body only,intermediate,7.9,Lower punggung Stretch - Yates Variation
Hyperextension - Gethin Variation,"The back extension is an exercise used to build lower back strength that also targets the hamstrings and glutes. It is often performed on a 45-degree bench with the feet anchored. Unweighted back extensions are often performed for high reps, such as 15-20 reps or more, but the movement can also be performed with added weight in lower rep ranges, such as 8-12 reps per set.",strength,lower back,body only,intermediate,7.9,Hyperextension - Gethin Variation
Back Extension - Gethin Variation,"The back extension is an exercise used to build lower back strength that also targets the hamstrings and glutes. It is often performed on a 45-degree bench with the feet anchored. Unweighted back extensions are often performed for high reps, such as 15-20 reps or more, but the movement can also be performed with added weight in lower rep ranges, such as 8-12 reps per set.",strength,lower back,body only,intermediate,7.9,punggung ekstensi - Gethin Variation
HM Banana Stretch,,strength,lower back,body only,intermediate,7.9,HM Banana Stretch
HM T-Spine Stretch on Wall,,stretching,lower back,body only,intermediate,7.9,HM T-Spine Stretch on Wall
HM Child's Pose,,strength,lower back,body only,intermediate,7.9,HM Child's Pose
HM Cobra,,strength,lower back,body only,intermediate,7.9,HM Cobra
HM Cobra With Arm Retraction,,strength,lower back,body only,intermediate,7.9,HM Cobra With lengan Retraction
HM Dive-Bomber,,strength,lower back,body only,intermediate,7.9,HM Dive-Bomber
HM Downward-Facing Dog Pose,,strength,lower back,body only,intermediate,7.9,HM Downward-Facing Dog Pose
HM Downward Dog To Left Leg Extension To Warrior Pose,,strength,lower back,body only,intermediate,7.9,HM Downward Dog To Left ekstensi kaki To Warrior Pose
HM Downward Dog To Right Leg Extension To Warrior Pose,,strength,lower back,body only,intermediate,7.9,HM Downward Dog To Right ekstensi kaki To Warrior Pose
HM Spine Twist,,strength,lower back,body only,intermediate,7.9,HM Spine putaran
HM Good Morning,,strength,lower back,body only,intermediate,7.9,HM Good Morning
HM Rag Doll,,strength,lower back,body only,intermediate,7.9,HM Rag Doll
HM Upward-Facing Dog Pose,,strength,lower back,body only,intermediate,7.9,HM Upward-Facing Dog Pose
Superman-,"The Superman is a bodyweight exercise that consists of isometric holds in an extended spine position. It targets the muscles of the posterior chain, including the muscles of the glutes, spinal erectors, and upper back. It can be performed as part of a dynamic warm-up, or for muscle activation or mobility anytime.",strength,lower back,body only,intermediate,7.9,Superman-
Weighted back extension,"The weighted back extension is an exercise targeting the spinal erectors, as well as the glutes and hamstrings. Back extensions are often done for high reps without weight, but when done with weight, they can be an excellent accessory movement for deadlift strength as well as an overall posterior-chain strength builder. Because your back is the limiting factor, it's still an exercise that is usually done for moderate to high reps, such as 8-12 reps per set or higher. You can weight it with a plate or by holding a dumbbell or other weight in your hands.",strength,lower back,body only,intermediate,7.9,berbeban punggung ekstensi
MetaBurn Alternating Superman,,strength,lower back,body only,intermediate,7.9,MetaBurn bergantian Superman
MetaBurn Swimmer,,strength,lower back,body only,intermediate,7.9,MetaBurn Swimmer
Dancer's Stretch,,stretching,lower back,body only,beginner,5.4,Dancer's Stretch
Cat Stretch,,stretching,lower back,body only,beginner,4.9,Cat Stretch
Crossover Reverse Lunge,,stretching,lower back,body only,beginner,3.9,Crossover Reverse lunge
Standing Pelvic Tilt,,stretching,lower back,body only,beginner,3.1,berdiri Pelvic Tilt
Exercise ball weighted hyperextension,"The exercise ball weighted hyperextension is an exercise that strengthens the lower back. If balance is an issue, have someone hold your feet.",strength,lower back,exercise ball,beginner,8.3,Exercise ball berbeban hyperextension
Exercise ball rear delt fly,"The exercise ball rear delt fly is a dumbbell exercise targeting the rear heads of the shoulders, as well as the muscles of the upper-middle back. Lying prone on an exercise ball offers support to perform the movement. It is generally performed for moderate to high reps as a part of upper body or shoulder training.",strength,lower back,exercise ball,intermediate,7.9,Exercise ball rear delt fly
Lying rear delt Y,"The lying rear delt Y works the shoulders, specifically the rear heads, as well as the lower trapezius muscles. At the top of the motion, the arms and torso form a Y—hence the name. Shoulder Y variations are usually performed with light weights as a warm-up or prehab movement for upper-body training, or as a burnout on shoulder day.",strength,lower back,exercise ball,intermediate,7.9,berbaring rear delt Y
Partner Facing Feet-Elevated Side Plank With Band Row,,strength,middle back,bands,beginner,0.0,pasangan Facing Feet-Elevated plank samping With band tarikan
Partner side plank band row,The partner side plank band row is an abdominal exercise where two partners perform side planks while pulling on the opposite ends of an exercise band. This technique can be done for time or reps in any ab-focused workout.,strength,middle back,bands,intermediate,0.0,pasangan plank samping band tarikan
Band-assisted chin-up,"The band-assisted chin-up is a variation of the pull-up exercise in which the reps are performed with the palms facing toward the body in an underhand position, with a band looped around the feet or knees. This reduces weight and resistance at the bottom of the rep, while increasing it toward the top. Like other pull-up variations, it builds strength and muscle in the upper back, biceps, and core, but it utilizes the biceps slightly more than overhand band-assisted pull-ups.",strength,middle back,bands,intermediate,7.9,band-dengan bantuan chin-up
30 Back Band-Assisted Pull-Up,,strength,middle back,bands,intermediate,7.9,30 punggung band-dengan bantuan tarikan-up
30 Back Reverse-Grip Band-Assisted Pull-Up,,strength,middle back,bands,intermediate,7.9,30 punggung Reverse-Grip band-dengan bantuan tarikan-up
Band bent-over row,"The band bent-over row is an exercise to develop and strengthen the muscles of the upper and middle back, like the latissimus (lat), lower trapezius, and rear deltoids. Bands provide dynamic resistance and can work equally well in strength, muscle-building, or circuit-style fat-loss workouts.",strength,middle back,bands,intermediate,7.9,band membungkuk tarikan
Heavy band bent-over row,"The heavy band bent-over row is a variation of the popular barbell exercise to develop and strengthen the muscles of the upper and middle back, like the latissimus (lats), lower trapezius, and rear deltoids. It can work equally well in strength, muscle-building, or circuit-style fat-loss workouts.",strength,middle back,bands,intermediate,7.9,Heavy band membungkuk tarikan
Reverse-grip bent-over row,"The reverse-grip bent-over row is a compound exercise used to build strength and size in both the lower and upper back. It targets nearly all of the muscles in the back, but particularly the lats, rhomboids, and lower back. It is thought to target the biceps and lats a bit more directly than overhand barbell rows. Because it can be loaded heavily, it is a popular movement in strength and muscle-focused upper-body workouts.",strength,middle back,barbell,intermediate,9.2,Reverse-grip membungkuk tarikan
One-Arm Long Bar Row,"The single-arm landmine bent-over row is a barbell exercise focused on the muscles of the middle back, such as the lats (latissimus dorsi) and rhomboids. It also targets the biceps and grip. It utilizes a landmine device which anchors one end of the barbell near the ground, but could also be approximated by placing the barbell in the corner of a room.",strength,middle back,barbell,intermediate,9.0,One-lengan Long Bar tarikan
Bent Over Barbell Row,"The barbell bent-over row is a compound exercise used to build strength and size in both the lower and upper back. It targets nearly all of the muscles in the back, but particularly the lats, rhomboids, and lower back. It is commonly utilized as an accessory movement for the deadlift in powerlifting, but is also popular in strength and muscle-focused upper-body workouts.",strength,middle back,barbell,intermediate,8.7,Bent Over barbell tarikan
Yates Row Reverse Grip,,strength,middle back,barbell,beginner,8.3,Yates tarikan Reverse Grip
Pendlay Row,"The Pendlay row, named after the well-known strength coach Glenn Pendlay, is a bent-over row variation where each rep starts with the barbell resting on the ground. This eliminates the stretch reflex and forces the lifter to pull with power and a bent-over spine. The Pendlay row can be performed heavy for low reps, but is usually performed for moderate reps, such as 5-8 per set.",strength,middle back,barbell,intermediate,8.2,Pendlay tarikan
Straight Bar Bench Mid Rows,,strength,middle back,barbell,beginner,6.5,Straight Bar bangku Mid tarikan
Barbell seal row,"The barbell seal row is a weighted exercise targeting the muscles of the middle back, including the lats (latissimus dorsi) and rhomboids. It can be performed on a special elevated bench, on a bench placed on top of boxes or benches, or on a bench with a slight incline. The higher the bench, the greater the range of motion and stretch at the bottom of the movement. It is usually performed as an assistance movement for back strength and muscle growth, in rep ranges of 8-12 reps per set or higher.",strength,middle back,barbell,intermediate,6.2,barbell seal tarikan
Yates Row,,strength,middle back,barbell,beginner,0.0,Yates tarikan
Plate Row,,strength,middle back,barbell,beginner,0.0,pelat tarikan
Barbell Deadlift Bent Row Complex,"The barbell deadlift bent-over row complex combines two movements to target the posterior chain. It requires using a lighter weight than you could handle for heavy deadlifts alone, but doubles down on activation in the upper back, lower back, and glutes.",strength,middle back,barbell,beginner,0.0,barbell deadlift Bent tarikan Complex
Single-Arm Landmine Row,,strength,middle back,barbell,beginner,0.0,satu lengan Landmine tarikan
TBS T-Bar Row,,strength,middle back,barbell,intermediate,7.9,TBS T-Bar tarikan
TBS Deficit Deadlift,The barbell deficit deadlift is a compound exercise targeting the posterior chain.,strength,middle back,barbell,intermediate,7.9,TBS Deficit deadlift
Bent-Over Barbell Row - Gethin Variation,"The barbell bent-over row is a compound exercise used to build strength and size in both the lower and upper back. It targets nearly all of the muscles in the back, but particularly the lats, rhomboids, and lower back. It is commonly utilized as an accessory movement for the deadlift in powerlifting, but is also popular in strength and muscle-focused upper-body workouts.",strength,middle back,barbell,intermediate,7.9,tarikan barbell membungkuk - Gethin Variation
Barbell bent-over row,"The barbell bent-over row is a compound exercise used to build strength and size in both the lower and upper back. It targets nearly all of the muscles in the back, but particularly the lats, rhomboids, and lower back. It is commonly utilized as an accessory movement for the deadlift in powerlifting, but is also popular in strength and muscle-focused upper-body workouts.",strength,middle back,barbell,intermediate,7.9,barbell membungkuk tarikan
UN Barbell Rack Pull,,strength,middle back,barbell,intermediate,7.9,UN barbell Rack tarikan
UN Barbell Scrape The Rack,,strength,middle back,barbell,intermediate,7.9,UN barbell Scrape The Rack
Barbell deadlift bent-over row complex,"The barbell deadlift bent-over row complex combines two movements to target the posterior chain. It requires using a lighter weight than you could handle for heavy deadlifts alone, but doubles down on activation in the upper back, lower back, and glutes.",strength,middle back,barbell,intermediate,7.9,barbell deadlift membungkuk tarikan complex
30 Back Barbell Deadlift,,strength,middle back,barbell,intermediate,7.9,30 punggung barbell deadlift
30 Back Bent-Over Barbell Row,,strength,middle back,barbell,intermediate,7.9,30 punggung tarikan barbell membungkuk
30 Back T-Bar Row,,strength,middle back,barbell,intermediate,7.9,30 punggung T-Bar tarikan
30 Back Underhand Bent-Over Barbell Row,,strength,middle back,barbell,intermediate,7.9,30 punggung Underhand tarikan barbell membungkuk
Kettlebell alternating renegade row,"The kettlebell alternating renegade row combines rowing and core training into a single difficult movement. It's popular in time-efficient strength and muscle-building workouts, as well as in circuit-style training.",strength,middle back,kettlebells,intermediate,8.5,kettlebell bergantian renegade tarikan
Alternating Kettlebell Row,,strength,middle back,kettlebells,intermediate,7.9,bergantian kettlebell tarikan
Two-Arm Kettlebell Row,,strength,middle back,kettlebells,beginner,7.3,Two-lengan kettlebell tarikan
Kettlebell bent-over row to clean,"The kettlebell bent-over row to clean is a combination kettlebell exercise that targets many of the muscles of the upper body including the lats (latissimus dorsi), biceps, shoulders, and core. It also strengthens and trains power output of the lower body. It can be done for reps or for time as a strength or muscle-focused complex, or in circuit-style training for conditioning or fat loss.",strength,middle back,kettlebells,intermediate,7.9,kettlebell membungkuk tarikan to clean
UP Deficit Kettlebell Stiff-Legged Deadlift,"The kettlebell deficit deadlift is a more advanced version of the kettlebell deadlift movement that is performed standing on steps or boxes. It can be done to build strength or hip mobility for squats or deadlifts, in high reps or in more traditional strength and muscle-focused rep ranges.",strength,middle back,kettlebells,intermediate,7.9,UP Deficit kettlebell Stiff-Legged deadlift
FYR2 Dagger-Grip Double-Kettlebell Gorilla Row,,strength,middle back,kettlebells,intermediate,7.9,FYR2 Dagger-Grip Double-kettlebell Gorilla tarikan
FYR2 Double-Kettlebell Swing Clean,,strength,middle back,kettlebells,intermediate,7.9,FYR2 Double-kettlebell Swing Clean
Single-arm kettlebell row-,"The single-arm kettlebell row is a popular muscle- and strength-building exercise that works the muscles of the back and core simultaneously. It has all the same benefits as a single-arm dumbbell row, but some people find a kettlebell more comfortable to hold during the movement.",strength,middle back,kettlebells,intermediate,7.9,satu lengan kettlebell tarikan-
FYR2 Ascending-Rep Swing-Squat Complex,,strength,middle back,kettlebells,intermediate,7.9,FYR2 Ascending-Rep Swing-squat Complex
One-Arm Dumbbell Row,"The single-arm bench dumbbell row is a popular exercise for building the latissimus dorsi, or lat, muscles of the back. The bench is used for support during the rowing motion.",strength,middle back,dumbbell,intermediate,9.0,One-lengan dumbbell tarikan
Incline dumbbell row,"The incline dumbbell row is an upper-body exercise targeting the lats (latissimus dorsi) and upper-back muscles, as well as the biceps. Performing it on an incline bench helps target the lower lats in particular. Dumbbell row variations are usually performed for moderate to high reps, such as 8-12 reps per set or more, as part of the upper-body or back-focused portion of a workout.",strength,middle back,dumbbell,intermediate,8.8,miring dumbbell tarikan
Bent Over Two-Dumbbell Row With Palms In,,strength,middle back,dumbbell,beginner,8.8,Bent Over Two-dumbbell tarikan With Palms In
Man-maker,"The man-maker is a sequence of exercises combining a dumbbell front squat, military press, renegade row, and sprawl. Between these movements it challenges muscles across the body, along with the cardiovascular system. It can be performed for rounds or for time as a single full-body exercise or as part of a fat-loss or athleticism-focused workout.",strength,middle back,dumbbell,intermediate,8.4,Man-maker
Dumbbell bent-over row,"The dumbbell bent-over row is a popular exercise to develop and strengthen the muscles of the upper and middle back, like the latissimus (lat), lower trapezius, and rear deltoids. It can work equally well in strength, muscle-building, or circuit-style fat-loss workouts.",strength,middle back,dumbbell,intermediate,8.3,dumbbell membungkuk tarikan
Middle Back Shrug,,strength,middle back,dumbbell,beginner,8.3,Middle punggung Shrug
Dumbbell pull-over to skullcrusher,"The dumbbell pull-over to skullcrusher is a complex that combines two popular exercises into one sequence that works much of the upper body, particularly the chest, triceps, and serratus anterior muscles. Because the pull-over will determine the amount of weight you can use, this movement is usually performed for moderate to high reps, such as 8-12 reps per set or more, as part of the upper-body portion of a workout.",strength,middle back,dumbbell,intermediate,7.9,dumbbell tarikan-over to skullcrusher
Dumbbell Fix Single-Arm Dumbbell Row,,strength,middle back,dumbbell,intermediate,7.9,dumbbell Fix tarikan dumbbell satu lengan
Dumbbell Fix Bent-Over Dumbbell Row,,strength,middle back,dumbbell,intermediate,7.9,dumbbell Fix membungkuk dumbbell tarikan
Dumbbell Seal Row - Gethin Variation,"The dumbbell seal row is a weighted exercise targeting the muscles of the middle back, including the lats (latissimus dorsi) and rhomboids. It can be performed on a special elevated bench, on a bench placed on top of boxes or benches, or on a bench with a slight incline. The higher the bench, the greater the range of motion and stretch at the bottom of the movement. It is usually performed as an assistance movement for back strength and muscle growth, in rep ranges of 8-12 reps per set or higher.",strength,middle back,dumbbell,intermediate,7.9,dumbbell Seal tarikan - Gethin Variation
Decline dumbbell chest fly,"The decline dumbbell chest fly is an upper-body exercise targeting the muscles of the chest, particularly the lower chest. It will require less weight than a decline press, which makes it a great hypertrophy exercise with high reps. Fly variations are usually performed for moderate to high reps, such as 8-12 reps per set or more.",strength,middle back,dumbbell,intermediate,7.9,menurun dumbbell dada fly
TBS Bent-Over Dumbbell Row,"The dumbbell bent-over row is a popular exercise to develop and strengthen the muscles of the upper and middle back, like the latissimus (lat), lower trapezius, and rear deltoids. It can work equally well in strength, muscle-building, or circuit-style fat-loss workouts.",strength,middle back,dumbbell,intermediate,7.9,TBS membungkuk dumbbell tarikan
HM Alternating Bent-Over Quick Row,,strength,middle back,dumbbell,intermediate,7.9,HM bergantian membungkuk Quick tarikan
HM Bent-Over Dumbbell Row,,strength,middle back,dumbbell,intermediate,7.9,HM membungkuk dumbbell tarikan
AM Single Arm Row,"The single-arm bench dumbbell row is a popular exercise for building the latissimus dorsi, or lat, muscles of the back. The bench is used for support during the rowing motion.",strength,middle back,dumbbell,intermediate,7.9,AM Single lengan tarikan
Dumbbell stiff-legged deadlift,"The dumbbell stiff-legged deadlift is a dumbbell exercise that targets the hamstrings, glutes, lower and upper back, and core. The difference between a stiff-legged deadlift and a Romanian deadlift is primarily the amount of knee bend. The knees are only slightly bent in a stiff-legged deadlift, while they bend more in a Romanian deadlift. Stiff-legged deadlifts are generally performed for low to moderate reps, such as 8-10 reps per set, with a focus on maximizing the hamstring stretch rather than moving heavy weight. Feel free to wear a weight belt to protect your lower back.",strength,middle back,dumbbell,intermediate,7.9,dumbbell stiff-legged deadlift
Single-arm bench dumbbell row,"The single-arm bench dumbbell row is a popular exercise for building the latissimus dorsi, or lat, muscles of the back. The bench is used for support during the rowing motion.",strength,middle back,dumbbell,intermediate,7.9,satu lengan bangku dumbbell tarikan
UN Bent-Over Dumbbell Row,,strength,middle back,dumbbell,intermediate,7.9,UN membungkuk dumbbell tarikan
UN Dumbbell RDL,,strength,middle back,dumbbell,intermediate,7.9,UN dumbbell RDL
UN Chest Supported Row,,strength,middle back,dumbbell,intermediate,7.9,UN dada Supported tarikan
MetaBurn Bent-Over Renegade Row,,strength,middle back,dumbbell,intermediate,7.9,MetaBurn membungkuk Renegade tarikan
30 Back Bent-Over Dumbbell Row,,strength,middle back,dumbbell,intermediate,7.9,30 punggung membungkuk dumbbell tarikan
30 Back Dumbbell Pull-Over,,strength,middle back,dumbbell,intermediate,7.9,30 punggung dumbbell tarikan-Over
30 Back Incline Dumbbell Row,,strength,middle back,dumbbell,intermediate,7.9,30 punggung miring dumbbell tarikan
30 Back Single-Arm Dumbbell Row,,strength,middle back,dumbbell,intermediate,7.9,30 punggung tarikan dumbbell satu lengan
30 Back Single-Arm Dumbbell Swing Row,,strength,middle back,dumbbell,intermediate,7.9,30 punggung satu lengan dumbbell Swing tarikan
T-Bar Row with Handle,,strength,middle back,other,intermediate,9.5,T-Bar tarikan with Handle
T-Bar Row,,strength,middle back,other,intermediate,8.9,T-Bar tarikan
Alternating sit-through with crunch,"The alternating sit-through with crunch is a full-body movement that starts in a bear crawl position and ends with a leg kicked out to the side. In between reps, you perform a crunch. It is commonly performed for reps or time in bodyweight circuits and animal-style flows, but can also work on its own or as part of a dynamic warm-up or mobility sequence.",strength,middle back,other,intermediate,8.9,bergantian sit-through with crunch
Seated Cable Rows,"The cable seated row is a popular exercise to train the muscles of the upper back, including the lats (latissimus dorsi), traps, rhomboids, and rear deltoids, using a cable stack. It also targets the biceps to a lesser degree. The cable row can work well in a variety of rep-ranges, but is most popular in muscle-building workouts or as an accessory movement for strength workouts.",strength,middle back,cable,intermediate,8.8,duduk kabel tarikan
Upside-down pull-up,"The upside-down pull-up is an advanced bodyweight exercise that is normally performed on a pair of gymnastic rings. It involves pulling the body toward the ceiling in an inverted position. It targets the same muscles as traditional pull-ups, including the lats (latissimus dorsi), biceps, and core. However, the pulling angle is more akin to a bent-over row or upright row, depending on the angle of your hips.",strength,middle back,other,intermediate,8.8,Upside-down tarikan-up
Smith machine inverted row,"The Smith machine inverted row is a bodyweight exercise targeting the muscles of the lats (latissimus dorsi) and upper back, using the bar of the Smith machine to hang and pull from. You can change the bar height to customize the difficulty level and desired angle of the row. This variation is usually performed for moderate to high reps, such as 8-12 reps per set or more.",strength,middle back,other,intermediate,8.2,Smith mesin inverted tarikan
Lying T-Bar Row,,strength,middle back,other,intermediate,7.9,berbaring T-Bar tarikan
Suspended row,"The suspended row is a bodyweight pulling exercise that focuses on the muscles of the middle and upper back, as well as the biceps. It can be trained in traditional muscle-building rep ranges or for higher reps. It can also work as part of a dynamic warm-up for a pressing or pulling-focused workout.",strength,middle back,other,intermediate,7.6,Suspended tarikan
Inverted Row with Straps,,strength,middle back,other,beginner,6.4,Inverted tarikan with Straps
One Arm Chin-Up,,strength,middle back,other,beginner,6.3,One lengan chin-up
Sled Row,,strength,middle back,other,beginner,0.0,Sled tarikan
Paul Carter T-Bar Row,,strength,middle back,other,intermediate,7.9,Paul Carter T-Bar tarikan
Single-Arm Bent-Over Rear Delt Raise - Gethin Variation,"The single-arm bent-over rear delt fly or rear delt raise is a popular upper-body exercise that targets the muscles on the back of the shoulder joint, specifically the rear head of the deltoid. Since pressing movements build the front and (to a lesser degree) side deltoid heads, this move is often done to promote balanced shoulder development. It is usually performed for high reps, such as 10-15 reps per set or more, as part of a shoulder or upper-body workout.",strength,middle back,other,intermediate,7.9,satu lengan membungkuk Rear Delt angkat - Gethin Variation
30 Back Plate Hyperextension,,strength,middle back,other,intermediate,7.9,30 punggung pelat Hyperextension
Single-arm cable seated row,"The single-arm cable seated row is a version of the cable row movement that trains the muscles of the upper back one side at a time. It targets a wide range of muscles including the lats (latissimus dorsi), traps, rhomboids, and rear deltoids. It also targets the biceps to a lesser degree. The single-arm row can work well in a variety of rep ranges but is most popular in muscle-building workouts or as an accessory movement for strength workouts.",strength,middle back,cable,intermediate,8.5,satu lengan kabel duduk tarikan
Paul Carter Lat Pull-Down,"The lat pull-down is a cable-based exercise machine that’s ubiquitous in gyms around the world. This back builder is easy to learn and highly effective, allowing for variable resistance depending on where you place the pin in the stack.",strength,middle back,cable,intermediate,7.9,Paul Carter Lat tarikan-Down
TBS Lat Pull-Down,,strength,middle back,cable,intermediate,7.9,TBS Lat tarikan-Down
One-Arm Cable Read Delt Fly - Gethin Variation,"The single-arm bent-over cable rear delt fly is an exercise targeting the rear deltoids. It is a great way to isolate this area of the shoulder and attack each side independently. It is usually performed for moderate to high reps, at least 8-12 reps per set, as part of an upper-body or shoulder-focused workout.",strength,middle back,cable,intermediate,7.9,One-lengan kabel Read Delt fly - Gethin Variation
UP Seated Cable Row,"The cable seated row is a popular exercise to train the muscles of the upper back, including the lats (latissimus dorsi), traps, rhomboids, and rear deltoids, using a cable stack. It also targets the biceps to a lesser degree. The cable row can work well in a variety of rep-ranges, but is most popular in muscle-building workouts or as an accessory movement for strength workouts.",strength,middle back,cable,intermediate,7.9,UP tarikan kabel duduk
UP Cable Straight-Arm Pull-Down,"The straight-arm rope pull-down is a variation of the straight-arm lat pull-down performed using a cable stack machine and a rope grip. It can either be performed in an athletic upright stance, or slightly bent-over. It both stretches and contracts the muscles of the lats (latissimus dorsi) as well as providing additional activation to the other upper back muscles and the core. Because the triceps are also isometrically involved in the movement, it is usually performed for higher reps, like 8-15 reps or above.",strength,middle back,cable,intermediate,7.9,UP kabel Straight-lengan tarikan-Down
UN Cable Pull-Through,,strength,middle back,cable,intermediate,7.9,UN kabel tarikan-Through
30 Back Close-Grip Seated Cable Row,,strength,middle back,cable,intermediate,7.9,30 punggung pegangan sempit tarikan kabel duduk
30 Back Incline Face-Up Cable Pull-Down,,strength,middle back,cable,intermediate,7.9,30 punggung miring Face-Up kabel tarikan-Down
30 Back Kneeling High Cable Pull-Down,,strength,middle back,cable,intermediate,7.9,30 punggung Kneeling High kabel tarikan-Down
30 Back Leaning V-Bar Pull-Down,,strength,middle back,cable,intermediate,7.9,30 punggung Leaning V-Bar tarikan-Down
30 Back Reverse-Grip Pull-Down,,strength,middle back,cable,intermediate,7.9,30 punggung Reverse-Grip tarikan-Down
30 Back Standing Low Cable Bar Row,,strength,middle back,cable,intermediate,7.9,30 punggung berdiri Low kabel Bar tarikan
30 Back Standing Low Cable Rope Row,,strength,middle back,cable,intermediate,7.9,30 punggung berdiri Low kabel tali tarikan
30 Back Straight-Arm Bar Pull-Down,,strength,middle back,cable,intermediate,7.9,30 punggung Straight-lengan Bar tarikan-Down
30 Back Straight-Arm Rope Pull-Down,,strength,middle back,cable,intermediate,7.9,30 punggung Straight-lengan tali tarikan-Down
30 Back Wide-Grip Behind-The-Head Pull-Down,,strength,middle back,cable,intermediate,7.9,30 punggung pegangan lebar Behind-The-Head tarikan-Down
30 Back Wide-Grip Pull-Down,,strength,middle back,cable,intermediate,7.9,30 punggung pegangan lebar tarikan-Down
30 back Wide-Grip Seated Cable Row,,strength,middle back,cable,intermediate,7.9,30 punggung pegangan lebar tarikan kabel duduk
Rower,"The rower is a popular gym machine that is serious cardiovascular work, but also targets the legs, back, and arm muscles. It's a great way build overall aerobic and muscular fitness. It is popular in CrossFit-style workouts, but is also a staple in all types of gyms. It can be equally effective for HIIT-style interval workouts or for longer-duration endurance work.",cardio,middle back,machine,intermediate,8.9,Rower
Smith machine bent-over row,"The Smith machine bent-over row is an upper-body exercise targeting the muscles of the back, particularly the lats (latissimus dorsi). This movement can be programmed in low reps for strength or higher reps for muscle and strength endurance. It is often performed for moderate to high reps, such as 8-12 reps per set or more, as part of an upper-body or back-focused workout.",strength,middle back,machine,intermediate,8.1,Smith mesin membungkuk tarikan
Leverage High Row,The machine high row is an exercise targeting the lats and works the back overall.,strength,middle back,machine,beginner,7.9,Leverage High tarikan
Machine Low Row,The machine low row is an exercise targeting the back muscles.,strength,middle back,machine,intermediate,7.9,mesin Low tarikan
Standing lat pull-down,"The standing lat pull-down is a variation of the lat pull-down performed standing next to a cable stack rather than sitting on a bench or machine. It has all of the same benefits of a lat pull-down performed on a bench or machine, in addition to providing further activation to the core and lower body. If you are too tall to perform this movement, a kneeling lat pull-down provides all of the same benefits.",strength,middle back,machine,intermediate,7.9,berdiri lat tarikan-down
30 Back Machine Seated Row,,strength,middle back,machine,intermediate,7.9,30 punggung mesin duduk tarikan
30 Back Smith Machine Push-Up,,strength,middle back,machine,intermediate,7.9,30 punggung Smith mesin dorongan-up
Mixed Grip Chin,,strength,middle back,body only,intermediate,8.2,Mixed Grip Chin
Rhomboids SMR,"Rhomboids self-myofascial release (SMR) is a self-administered soft-tissue treatment for the upper body, usually using a foam roller, lacrosse ball, or other ""trigger point"" massage tool. By applying pressure strategically to the rhomboid muscles of the mid back, some people find they can cause this often painful and tight area to relax or ""release."" Rhomboids SMR is often accompanied by SMR on the lats, or by stretches that target the rhomboids or lats.",stretching,middle back,body only,intermediate,5.7,Rhomboids SMR
Spinal Stretch,,stretching,middle back,body only,intermediate,5.3,Spinal Stretch
Upper Back Stretch,,stretching,middle back,body only,intermediate,4.2,Upper punggung Stretch
Middle Back Stretch,,stretching,middle back,body only,intermediate,3.8,Middle punggung Stretch
TBS Pull-Up,,strength,middle back,body only,intermediate,7.9,TBS tarikan-up
HM Angel Stretch,,strength,middle back,body only,intermediate,7.9,HM Angel Stretch
UNS Foam Roll Upper Back,,strength,middle back,body only,intermediate,7.9,UNS Foam Roll Upper punggung
30 Back Neutral-Grip Pull-Down,,strength,middle back,body only,intermediate,7.9,30 punggung Neutral-Grip tarikan-Down
30 Back Pull-Up,,strength,middle back,body only,intermediate,7.9,30 punggung tarikan-up
30 Back Reverse-Grip Pull-Up,,strength,middle back,body only,intermediate,7.9,30 punggung Reverse-Grip tarikan-up
ACFT Medicine ball overhead power throw,"The medicine ball overhead power throw is an explosive exercise targeting the abdominals and hips. This specific exercise is part of the new Army Combat Fitness Test or ACFT. It can be performed for lower reps with a focus on power or for higher reps with a focus on fat loss and conditioning. It begins in a semi-squat position holding a medicine ball, which then gets ""scooped"" up and thrown overhead in one continuous movement.",strength,middle back,medicine ball,intermediate,7.9,ACFT Medicine ball overhead power throw
Upright Row - With Bands,,strength,traps,bands,beginner,7.8,tarikan tegak - With Bands
Band seated row,"The band seated row is a band alternative to the popular cable exercise and trains the muscles of the upper back, including the lats (latissimus dorsi), traps, rhomboids, and rear deltoids. It also targets the biceps to a lesser degree. The band row can work well in a variety of rep ranges, requiring a heavier band for muscle-building and strength workouts and a lighter band for weight-loss work and as an accessory movement.",strength,traps,bands,intermediate,7.9,band duduk tarikan
Barbell shrug,"The barbell shrug is an exercise targeting the traps (trapezius muscles). It is popular in strength and muscle-focused upper-body training, and is often trained on a shoulder day. With the assistance of straps, it can be loaded heavily, but it is still usually performed for moderate to high reps, such as 8-10 reps per set.",strength,traps,barbell,intermediate,8.4,barbell shrug
Barbell behind-the-back shrug,"The barbell behind-the-back shrug is an exercise targeting the traps. Having the bar behind you helps keep your shoulders pulled up and back, rather than rounded forward. It is popular in strength and muscle-focused upper-body training, and is often trained on a shoulder day. With the assistance of straps, it can be loaded heavily, but it is still usually performed for moderate to high reps, such as 8-10 reps per set.",strength,traps,barbell,intermediate,8.3,barbell behind-the-punggung shrug
Clean Shrug,,olympic weightlifting,traps,barbell,beginner,6.8,Clean Shrug
Snatch Shrug,,olympic weightlifting,traps,barbell,beginner,6.2,Snatch Shrug
Single-arm inverted row,"The single-arm inverted row is a bodyweight exercise targeting the muscles of the lats (latissimus dorsi) and upper back, using the bar of the Smith machine to hang and pull from. You can change the bar height to customize the difficulty level and desired angle of the row.",strength,traps,barbell,intermediate,7.9,satu lengan inverted tarikan
Kettlebell sumo deadlift high pull,"The kettlebell sumo deadlift high pull is a dynamic kettlebell exercise that focuses on the muscles of the posterior chain, including the hamstrings, glutes, traps, rear delts, and upper back. It can be done in lower reps for power or strength, or higher reps for conditioning and fat loss. It can also be a component of a circuit-style kettlebell workout, either for time or reps.",strength,traps,kettlebells,intermediate,8.7,kettlebell sumo deadlift high tarikan
Standing dumbbell shrug,"The standing dumbbell shrug is a popular movement to build and strengthen the trapezius muscles. It's often trained on a bodybuilding-style shoulder or back training day, but can also work well in full-body or strength-focused training.",strength,traps,dumbbell,intermediate,8.7,berdiri dumbbell shrug
Standing dumbbell upright row,"The standing dumbbell upright row is a popular movement for building stronger and bigger traps and shoulders. Many lifters combine this move with either their back or shoulder workout, since it involves both body parts. It is generally performed for moderate to high reps, such as 8-12 reps per set or more.",strength,traps,dumbbell,intermediate,8.7,berdiri dumbbell tarikan tegak
Dumbbell pull-over,"The dumbbell pull-over is a popular muscle and strength-building exercise that targets the muscles of the chest, upper back, lats, and the serratus anterior. It was a favorite of old-school bodybuilders, who believed high-rep pull-overs helped build a V-taper shape in the torso.",strength,traps,dumbbell,intermediate,7.9,dumbbell tarikan-over
Standing Dumbbell Shrug - Gethin Variation,"The standing dumbbell shrug is a popular movement to build and strengthen the trapezius muscles. It’s a often trained on a bodybuilding-style shoulder or back training day, but can also work well in full-body or strength-focused training.",strength,traps,dumbbell,intermediate,7.9,berdiri dumbbell Shrug - Gethin Variation
Single-arm dumbbell row,"The single-arm dumbbell row is a popular exercise for building the latissimus dorsi, or lat, muscles of the back. It is most often performed for moderate to high reps, such as 8-12 reps per arm or more, as part of a muscle-building upper-body or back-focused portion of a workout.",strength,traps,dumbbell,intermediate,7.9,tarikan dumbbell satu lengan
Lying Face Down Plate Neck Resistance,,strength,neck,other,beginner,9.3,berbaring Face Down pelat Neck Resistance
Lying Face Up Plate Neck Resistance,,strength,neck,other,beginner,8.4,berbaring Face Up pelat Neck Resistance
Seated Head Harness Neck Resistance,,strength,neck,other,beginner,7.6,duduk Head Harness Neck Resistance
Cable straight-bar upright row,"The cable straight-bar upright row is an isolation exercise for the traps and the medial deltoids. It may not be appropriate for all lifters depending on their shoulder health and injury history. It is usually performed for moderate to high reps, such as 8-12 reps per set or more, as part of an upper-body or shoulder-focused workout.",strength,traps,cable,intermediate,8.1,kabel straight-bar tarikan tegak
Cable shrug,"The cable shrug is an exercise targeting the traps, as well as hitting the shoulders and upper back. Cables allow for lighter loading which is beneficial for higher-rep sets.",strength,traps,cable,intermediate,7.9,kabel shrug
Smith machine shrug,"The Smith machine shrug is an upper-body exercise targeting the traps (trapezius muscles). It is usually performed for moderate to high reps, such as 8-12 reps per set or more, as part of shoulder or trap-focused training.",strength,traps,machine,intermediate,9.2,Smith mesin shrug
Leverage Shrug,,strength,traps,machine,intermediate,9.1,Leverage Shrug
Calf-Machine Shoulder Shrug,,strength,traps,machine,beginner,8.7,betis-mesin bahu Shrug
Smith machine behind-the-back shrug,"The Smith machine behind-the-back shrug is an upper-body exercise targeting the traps (trapezius muscles). It is usually performed for moderate to high reps, such as 8-12 reps per set or more, as part of shoulder or trap-focused training.",strength,traps,machine,intermediate,7.8,Smith mesin behind-the-punggung shrug
Smith machine upright row,"The Smith machine upright row is an upper-body exercise targeting the muscles of the traps and shoulders. This movement is often performed for moderate to high reps, such as 8-12 reps per set or more, as part of an upper-body or shoulder-focused workout.",strength,traps,machine,intermediate,7.3,Smith mesin tarikan tegak
Machine low row-,"The machine low row is a popular exercise targeting the back muscles, particularly the lats (latissimus dorsi), rhomboids, and middle and lower trapezius. Machine row variations are often performed for moderate to high reps, such as 8-12 reps per set or more, as part of an upper-body or back-focused portion of a workout.",strength,traps,machine,intermediate,7.9,mesin low tarikan-
Machine Shrug - Gethin Variation,,strength,traps,machine,intermediate,7.9,mesin Shrug - Gethin Variation
Smith machine single-arm shrug,"The Smith machine single-arm shrug is an upper-body exercise targeting the traps (trapezius muscles). It is usually performed for moderate to high reps, such as 8-12 reps per set or more, as part of shoulder or trap-focused training.",strength,traps,machine,intermediate,7.9,Smith mesin satu lengan shrug
Isometric Neck Exercise - Sides,,strength,neck,body only,beginner,7.4,isometrik Neck Exercise - Sides
Isometric Neck Exercise - Front And Back,,strength,neck,body only,beginner,6.4,isometrik Neck Exercise - depan And punggung
Neck Bridge Prone,,strength,neck,body only,beginner,5.7,Neck Bridge Prone
Side Neck Stretch,,stretching,neck,body only,intermediate,4.8,samping Neck Stretch
Neck-SMR,,stretching,neck,body only,intermediate,2.8,Neck-SMR
Scapular Pull-Up,,strength,traps,body only,beginner,6.6,Scapular tarikan-up
Single-leg depth squat,"The single-leg depth squat is an exercise targeting the muscles of the lower body, including the quads, glutes, and hamstrings. It is sometimes used as a substitute for the pistol squat, since it doesn't demand the same level of flexibility to perform. It is usually performed for low to moderate reps with a focus on proper form and control.",strength,quadriceps,bands,intermediate,9.0,Single-kaki depth squat
Squats - With Bands,,strength,quadriceps,bands,beginner,5.8,squat - With Bands
Hip Flexion with Band,,strength,quadriceps,bands,beginner,0.0,pinggul Flexion with band
Forward Band Walk,,strength,quadriceps,bands,beginner,0.0,Forward band Walk
Boss Everline Resistance-Band Pull Sprint,,strength,quadriceps,bands,intermediate,7.9,Boss Everline Resistance-band tarikan Sprint
Banded jump squat,"The banded jump squat is an explosive bodyweight squat variation performed with a band around the thighs just above the knees. This increases muscle activation in the hips and glutes, while the squat targets the quads, hamstrings, and glutes. The banded jump squat can be performed for low reps as a power-focused exercise, or for higher reps to build muscle in the lower body, challenge conditioning, and burn fat.",strength,quadriceps,bands,intermediate,7.9,dengan band jump squat
Speed Box Squat,"The banded barbell box squat is a strength and power exercise targeting the lower body. It is popular in powerlifting training, either performed with light weights as a power and speed exercise, or heavier for strength. It is usually performed to a box of a height that demands the squatter to decent to around parallel.",powerlifting,quadriceps,bands,intermediate,7.9,Speed Box squat
HM Banded Squat Toe Tap,,strength,quadriceps,bands,intermediate,7.9,HM dengan band squat Toe Tap
UP Band Abducted Squat,,strength,quadriceps,bands,intermediate,7.9,UP band Abducted squat
FYR2 Lateral Band Walk,,strength,quadriceps,bands,intermediate,7.9,FYR2 Lateral band Walk
FYR2 Banded Squat Hold-Pulse-Jump Complex,,strength,quadriceps,bands,intermediate,7.9,FYR2 dengan band squat tahan-Pulse-Jump Complex
Band split squat,"The band split squat is a band movement targeting the quads, glutes, and hamstrings. It can be performed either for time or reps, and is often included as part of a fat-loss or athleticism-focused circuit workout. Leaning back places more emphasis on the glutes and hamstrings, while standing straight up targets the quads.",strength,quadriceps,bands,intermediate,7.9,band split squat
Band front squat,"The band front squat is a popular exercise for targeting the muscles of the lower body, including the quadriceps, glutes, and hamstrings. Holding band in the racked position also works the core and upper-back muscles to maintain posture while the lower body moves. Because the tension of the band changes as it stretches, the resistance more closely matches the natural strength curve of the squat. This movement is usually performed for moderate to high reps, at least 8-12 reps per set or more. If this movement hurts your knees, try performing it with a wider stance.",strength,quadriceps,bands,intermediate,7.9,band squat depan
Squat hold with band pull-apart,"The squat hold with band pull-apart is a combination of the squat hold and band pull-apart. It involves holding the squat position with the thighs at or below parallel to the ground while performing a band pull-apart. The band pull-apart is an exercise targeting the upper back muscles, including the trapezius, rear delts, and rhomboids. The squat hold band pull-apart can be performed for mobility purposes or to increase time under tension on lower-body muscles including the quads, glutes, and hamstrings.",strength,quadriceps,bands,intermediate,7.9,squat tahan with band tarikan-apart
Banded squat toe tap,"The banded squat toe tap is a banded variation on the classic bodyweight squat, but with a lateral toe tap to add extra focus to the stabilizer muscles around the hips. It can be performed for time or for reps as part of a dynamic warm-up for the lower body, or in any lower-body portion of a workout.",strength,quadriceps,bands,intermediate,7.9,dengan band squat toe tap
Band overhead squat,"The band overhead squat is a full-body, functional movement that works to build full-body strength and stability. It is a variation of the classic barbell exercise and can be used to train core strength and stability for Olympic weightlifting or CrossFit.",strength,quadriceps,bands,intermediate,7.9,band overhead squat
Quadriceps SMR,"Quadriceps self-myofascial release (SMR) is a self-administered soft-tissue treatment for the lower body, usually using a foam roller, lacrosse ball, or other ""trigger point"" massage tool. By applying pressure strategically to the quad muscles of the upper leg, some people find they can cause this often painful and tight muscle group to relax or ""release."" Quadriceps SMR is often accompanied by SMR on the calf, glute, or hip muscles, or by stretches that target the calves or quads.",stretching,quadriceps,foam roll,intermediate,5.4,Quadriceps SMR
Clean from Blocks,,olympic weightlifting,quadriceps,barbell,beginner,9.5,Clean from Blocks
Barbell Full Squat,"The barbell back squat is a popular compound movement that emphasizes building the lower-body muscle groups and overall strength. It's the classic way to start a leg day, and is a worthy centerpiece to a lower-body training program. The squat is a competitive lift in the sport of powerlifting, but is also a classic measurement of lower-body strength. With the barbell racked on the traps or upper back, the emphasis is placed on the posterior chain but the entire body gets worked. The back squat can be trained in everything from heavy singles to sets of 20 reps or higher.",strength,quadriceps,barbell,intermediate,9.4,barbell Full squat
Barbell back squat to box,"The barbell back squat to box is a popular version of a classic lower-body exercise that utilizes a box at the bottom position of the movement. This allows the lifter to customize the depth of the squat, as well as limit the stretch reflex at the bottom of the squat. The movement targets the quadriceps, glutes, and hamstrings. The squat to box can be performed for low reps to build strength or power, or for higher reps to build muscle.",powerlifting,quadriceps,barbell,intermediate,9.3,barbell squat belakang to box
Push-press,"The push-press is an overhead press variation in which the barbell is pushed upward with assistance from the lower body. This ""push"" helps the weight travel through the sticking point of a strict press. The push-press is commonly performed as part of barbell complexes, power training for all types of athletics, or as a powerful shoulder exercise.",olympic weightlifting,quadriceps,barbell,intermediate,9.3,dorongan-dorongan
Power snatch-,"The power snatch is a full-body lift in which the bar is pulled from the floor with a wide grip to the overhead position in one movement. The bar is received in the ""power"" position, with the hips higher than a full-depth squat position. The power snatch can be used as a learning tool for the full snatch, or to train muscular power and strength on its own. It is usually performed for low reps, focusing on power and movement quality.",olympic weightlifting,quadriceps,barbell,expert,9.3,Power snatch-
Hang Clean,,olympic weightlifting,quadriceps,barbell,beginner,9.3,Hang Clean
Barbell walking lunge,"The barbell walking lunge tests your ability to maintain balance while challenging the quads, glutes, and hamstrings as well as the core muscles. Using a barbell allows you to overload the exercise. It can be performed for moderate reps, such as 8-15 per set or across the gym, or for higher reps as a conditioning and mental toughness challenge.",strength,quadriceps,barbell,intermediate,9.2,barbell walking lunge
Olympic Squat,,olympic weightlifting,quadriceps,barbell,beginner,9.1,Olympic squat
Narrow-stance squat,"The narrow-stance squat is an exercise that targets the lower body with an emphasis on the quads. Many people will find they can't go as deep in a narrow-stance squat as with a wider squat, which is normal. The narrow-stance squat can be performed for time or reps in any workout.",strength,quadriceps,barbell,expert,9.0,Narrow-stance squat
Box Squat with Bands,,powerlifting,quadriceps,barbell,beginner,9.0,Box squat with Bands
Weighted Jump Squat,,strength,quadriceps,barbell,beginner,9.0,berbeban Jump squat
Squat with Chains,,powerlifting,quadriceps,barbell,beginner,9.0,squat with Chains
Barbell Squat,"The barbell back squat is a popular compound movement that emphasizes building the lower-body muscle groups and overall strength. It's the classic way to start a leg day, and is a worthy centerpiece to a lower-body training program. The squat is a competitive lift in the sport of powerlifting, but is also a classic measurement of lower-body strength. With the barbell racked on the traps or upper back, the emphasis is placed on the posterior chain but the entire body gets worked. The back squat can be trained in everything from heavy singles to sets of 20 reps or higher.",strength,quadriceps,barbell,intermediate,8.9,barbell squat
Barbell front squat,"The barbell front squat is a compound movement that emphasizes building the lower-body muscle groups. With the barbell racked in front of the body on the anterior delts, the front squat emphasizes the quads and glutes, but also upper back and core strength to remain upright. Front squats can be trained as an alternative to back squats, as an accessory movement for either squats or deadlifts, or for strength and muscle on their own. Many lifters and athletes prefer them to back squats, although they can be uncomfortable and difficult to learn at first.",strength,quadriceps,barbell,intermediate,8.9,barbell squat depan
Barbell forward lunge,"The barbell forward lunge is a popular lower-body exercise targeting the quads, glutes, and hamstrings. Using a barbell allows you to overload the exercise beyond body weight and perform the movement in strength or muscle-focused rep ranges. The forward lunge can be performed as part of a barbell complex, in a circuit, or on its own in the lower-body portion of any workout.",strength,quadriceps,barbell,expert,8.8,barbell forward lunge
Smith machine box squat,"The Smith machine box squat is a machine-based exercise targeting the quads, glutes, and hamstrings. The Smith machine mimics a barbell but provides more stability. This movement can be programmed in low reps for strength or power or higher reps for muscle and strength endurance. It is often performed for moderate to high reps, such as 8-12 reps per set or more, as part of a full-body or lower-body workout.",strength,quadriceps,barbell,intermediate,8.8,Smith mesin box squat
Barbell step-up,"The barbell step-up is a great exercise for building lower-body strength and power. It targets all the same muscles as bodyweight step-ups, such as the quads, glutes, and hamstrings, but allows for greater muscular overload.",strength,quadriceps,barbell,intermediate,8.7,barbell step-up
Barbell Bulgarian split squat,"The barbell Bulgarian split squat is a single-leg exercise targeting the quads, glutes, and hamstrings. It is easier to overload with the barbell than when using dumbbells. If balance is an issue, consider using a Smith machine or holding dumbbells at your side instead.",strength,quadriceps,barbell,intermediate,8.5,barbell split squat Bulgaria
Hang Clean - Below the Knees,,olympic weightlifting,quadriceps,barbell,beginner,8.5,Hang Clean - Below the Knees
Barbell hack squat,"The barbell hack squat is a variety of deadlift performed with the barbell behind the legs. This forces the lifter into a body position similar to a squat and targets the quads and glutes. It is named after famed strongman George Hackenschmidt, who performed it as an overall leg-building exercise. The barbell hack squat can be used as a substitute for the machine hack squat, or as a lower-body strength and size movement on its own.",strength,quadriceps,barbell,expert,8.5,barbell hack squat
Hack Squat,"The hack squat is a machine-based exercise that targets the muscles of the legs, particularly the quadriceps. It is often used as an accessory for squats, but can also be the main lower-body movement in a workout. It is often performed for moderate to high reps, such as 8-12 reps per set or more.",strength,quadriceps,barbell,intermediate,8.4,Hack squat
Barbell thruster,"The barbell thruster is a full-body exercise that incorporates both squatting and pressing in one functional movement. It's especially common in contemporary CrossFit workouts, but also in general strength training. The barbell is usually cleaned into place first, but it could be performed taken from a squat rack in a front-rack position. The thruster can be performed in traditional strength-focused rep ranges to build strength in the press, or in higher reps for full-body conditioning.",strength,quadriceps,barbell,intermediate,8.3,barbell thruster
Split Jerk,,olympic weightlifting,quadriceps,barbell,beginner,8.3,Split Jerk
Push-jerk,"The push-jerk is a movement in which the barbell is pushed from the front rack position to overhead with help from the legs. It differs from the push-press in that the lifter dips under the bar rather than simply pushing it up. It is popular in CrossFit workouts and Olympic weightlifting, as well as power training for athletics. It is usually performed for low reps, focusing on power and movement quality.",olympic weightlifting,quadriceps,barbell,intermediate,8.2,dorongan-jerk
Barbell back squat,"The barbell back squat is a popular compound movement that emphasizes building the lower-body muscle groups and overall strength. It's the classic way to start a leg day, and is a worthy centerpiece to a lower-body training program. The squat is a competitive lift in the sport of powerlifting, but is also a classic measurement of lower-body strength. With the barbell racked on the traps or upper back, the emphasis is placed on the posterior chain but the entire body gets worked. The back squat can be trained in everything from heavy singles to sets of 20 reps or higher.",strength,quadriceps,barbell,intermediate,8.2,barbell squat belakang
Zercher squat,The Zercher squat is a barbell exercise in which the bar is placed in the crease of your elbows as you perform a normal squat. This movement can be awkward at first but is extremely effective in building both size and strength.,strength,quadriceps,barbell,intermediate,8.1,Zercher squat
Jefferson Squats,,strength,quadriceps,barbell,beginner,8.0,Jefferson squat
Jerk Dip Squat,,olympic weightlifting,quadriceps,barbell,beginner,8.0,Jerk Dip squat
Barbell side split squat,"The barbell side split squat is a variation of the split squat that targets the lower body, specifically the quads, and requires good hip mobility.",strength,quadriceps,barbell,intermediate,7.8,barbell samping split squat
Frankenstein Squat,,olympic weightlifting,quadriceps,barbell,beginner,7.7,Frankenstein squat
Barbell speed squat,"The barbell speed squat targets the lower-body muscle groups using lighter weights to perform fast-paced back squats. Speed squats are popular in certain powerlifting training methodologies as a way to engrain form and lifting speed that can carry over to max-effort lifts. In this approach, they are usually performed in numerous sets of 3-5 reps with adequate rest in between. Speed squats are also sometimes performed with bands or chains adding extra resistance to the top half of the lift.",strength,quadriceps,barbell,intermediate,7.7,barbell speed squat
Single-arm side deadlift,"The single-arm side deadlift is a compound exercise that strengthens the glutes, quads, hamstrings, back, and core. It has more of a core stability and anti-rotational component than other deadlift variations. The side deadlift is usually done for low to moderate reps, such as 5-8 reps per side, with a focus on posture and movement quality.",strength,quadriceps,barbell,expert,7.5,satu lengan samping deadlift
Barbell Squat To A Bench,"The barbell back squat to box takes a classic compound exercise for developing the lower body and adds the box element. Muscles worked include the quads, hips, glutes, and upper hamstrings.",strength,quadriceps,barbell,intermediate,7.4,barbell squat To A bangku
Clean Pull,,olympic weightlifting,quadriceps,barbell,beginner,7.2,Clean tarikan
Front Barbell Squat To A Bench,,strength,quadriceps,barbell,beginner,5.3,depan barbell squat To A bangku
Barbell reverse lunge,"The barbell reverse lunge is a popular lower-body exercise targeting the quads, glutes, and hamstrings. Using a barbell allows you to overload the exercise beyond body weight and perform the movement in strength or muscle-focused rep ranges. The reverse lunge can be performed as part of a barbell complex, in a circuit, or on its own in the lower-body portion of any workout.",strength,quadriceps,barbell,intermediate,0.0,barbell reverse lunge
Split Clean,,olympic weightlifting,quadriceps,barbell,beginner,0.0,Split Clean
Close-stance dumbbell front squat,"The close-stance dumbbell front squat is a popular exercise for targeting the muscles of the lower body, the quadriceps in particular. Holding dumbbells in the racked position also works the core and upper-back muscles to maintain posture while the lower body moves. Because the amount of weight you can use will be limited by what you can clean to the rack position, this movement is usually performed for moderate to high reps, at least 8-12 reps per set or more. If this movement hurts your knees, try performing it with a wider stance.",strength,quadriceps,barbell,intermediate,0.0,Close-stance dumbbell squat depan
Front Squat (Clean Grip),,strength,quadriceps,barbell,beginner,0.0,squat depan (Clean Grip)
Barbell front squat to back squat,"The barbell front squat to back squat is a complex that combines two fundamental barbell squat movements with a press in between to build overall strength, coordination, and endurance. This combo hits every muscle in the lower body, but also seriously challenges the upper-body musculature to control and transition the weight.",strength,quadriceps,barbell,intermediate,0.0,barbell squat depan to squat belakang
Squat Jerk,,strength,quadriceps,barbell,beginner,0.0,squat Jerk
Barbell Front-To-Back Squat,"The barbell front squat to back squat is a complex that combines two fundamental barbell squat movements with a press in between to build overall strength, coordination, and endurance. This combo hits every muscle in the lower body, but also seriously challenges the upper-body musculature to control and transition the weight.",strength,quadriceps,barbell,intermediate,0.0,barbell depan-To-squat belakang
Box Squat with Chains,,strength,quadriceps,barbell,beginner,0.0,Box squat with Chains
Snatch from Blocks,,olympic weightlifting,quadriceps,barbell,beginner,0.0,Snatch from Blocks
Power Snatch from Blocks,,olympic weightlifting,quadriceps,barbell,beginner,0.0,Power Snatch from Blocks
Front Squat (Bodybuilder),"The barbell front squat is a compound movement that emphasizes building the lower-body muscle groups. With the barbell racked in front of the body on the anterior delts, the front squat emphasizes the quads and glutes, but also upper back and core strength to remain upright. Front squats can be trained as an alternative to back squats, as an accessory movement for either squats or deadlifts, or for strength and muscle on their own. Many lifters and athletes prefer them to back squats, although they can be uncomfortable and difficult to learn at first.",strength,quadriceps,barbell,intermediate,0.0,squat depan (Bodybuilder)
Barbell step-down reverse lunge,"The barbell step-down reverse lunge is an exercise targeting the lower body, particularly the glutes and hamstrings. The front foot is slightly elevated during this movement, making the subsequent step-down more pronounced and difficult. These are usually performed for time or for relatively high reps, such as 10 reps or more per set.",strength,quadriceps,barbell,intermediate,0.0,barbell step-down reverse lunge
Squat with Bands,,powerlifting,quadriceps,barbell,beginner,0.0,squat with Bands
Heaving Snatch Balance,,olympic weightlifting,quadriceps,barbell,beginner,0.0,Heaving Snatch Balance
Snatch Balance,,olympic weightlifting,quadriceps,barbell,beginner,0.0,Snatch Balance
Reverse Band Power Squat,,powerlifting,quadriceps,barbell,beginner,0.0,Reverse band Power squat
Paul Carter Back Squat,"The barbell back squat is a popular compound movement that emphasizes building the lower-body muscle groups and overall strength. It's the classic way to start a leg day, and is a worthy centerpiece to a lower-body training program. The squat is a competitive lift in the sport of powerlifting, but is also a classic measurement of lower-body strength. With the barbell racked on the traps or upper back, the emphasis is placed on the posterior chain but the entire body gets worked. The back squat can be trained in everything from heavy singles to sets of 20 reps or higher.",strength,quadriceps,barbell,intermediate,7.9,Paul Carter squat belakang
Paul Carter Barbell Split Squat,"The barbell Bulgarian split squat is a single-leg, full-body exercise targeting the quads, glutes, and hamstrings. It is easier to overload with the barbell as opposed to using dumbbells.",strength,quadriceps,barbell,intermediate,7.9,Paul Carter barbell Split squat
TBS High-Bar Back Squat,"The barbell back squat is a popular compound movement that emphasizes building the lower-body muscle groups and overall strength. It's the classic way to start a leg day, and is a worthy centerpiece to a lower-body training program. The squat is a competitive lift in the sport of powerlifting, but is also a classic measurement of lower-body strength. With the barbell racked on the traps or upper back, the emphasis is placed on the posterior chain but the entire body gets worked. The back squat can be trained in everything from heavy singles to sets of 20 reps or higher.",strength,quadriceps,barbell,intermediate,7.9,TBS High-Bar squat belakang
TBS Barbell Front Squat,"The barbell front squat is a compound movement that emphasizes building the lower-body muscle groups. With the barbell racked in front of the body on the anterior delts, the front squat emphasizes the quads and glutes, but also upper back and core strength to remain upright. Front squats can be trained as an alternative to back squats, as an accessory movement for either squats or deadlifts, or for strength and muscle on their own. Many lifters and athletes prefer them to back squats, although they can be uncomfortable and difficult to learn at first.",strength,quadriceps,barbell,intermediate,7.9,TBS barbell squat depan
Squat - Gethin Variation,"The barbell back squat is a popular compound movement that emphasizes building the lower-body muscle groups and overall strength. It's the classic way to start a leg day, and is a worthy centerpiece to a lower-body training program. The squat is a competitive lift in the sport of powerlifting, but is also a classic measurement of lower-body strength. With the barbell racked on the traps or upper back, the emphasis is placed on the posterior chain but the entire body gets worked. The back squat can be trained in everything from heavy singles to sets of 20 reps or higher.",strength,quadriceps,barbell,intermediate,7.9,squat - Gethin Variation
Front-To-Back Barbell Squat,,strength,quadriceps,barbell,intermediate,7.9,depan-To-punggung barbell squat
Barbell Lunge - Gethin Variation,"The barbell forward lunge is a popular lower-body exercise targeting the quads, glutes, and hamstrings. Using a barbell allows you to overload the exercise beyond body weight and perform the movement in strength or muscle-focused rep ranges. The forward lunge can be performed as part of a barbell complex, in a circuit, or on its own in the lower-body portion of any workout.",strength,quadriceps,barbell,intermediate,7.9,barbell lunge - Gethin Variation
Rack Deadlift - Gethin Variation,"The rack pull is a variation of the deadlift performed from an elevated height, either using boxes, safety pins, or the safeties in a squat rack. It targets all the same muscles as the deadlift, including the glutes, hamstrings, upper back, lower back, and grip. It can e used to strengthen deadlift lockout, but also as a deadlift alternative for people who can’t deadlift from the floor without pain.",strength,quadriceps,barbell,intermediate,7.9,Rack deadlift - Gethin Variation
Barbell Squat - Gethin Variation,"The barbell back squat is a popular compound movement that emphasizes building the lower-body muscle groups and overall strength. It's the classic way to start a leg day, and is a worthy centerpiece to a lower-body training program. The squat is a competitive lift in the sport of powerlifting, but is also a classic measurement of lower-body strength. With the barbell racked on the traps or upper back, the emphasis is placed on the posterior chain but the entire body gets worked. The back squat can be trained in everything from heavy singles to sets of 20 reps or higher.",strength,quadriceps,barbell,intermediate,7.9,barbell squat - Gethin Variation
Barbell Good Morning - Gethin Variation,"The barbell good morning is an exercise that targets glute, hamstring, and lower back development. It is often trained as an accessory movement to the deadlift, but also has value on its own. It is sometimes performed for reps in traditional strength-focused rep ranges such as 5-8 reps per set, but due to the risk posed to the lower back, is rarely treated as a max-effort single-rep lift.",strength,quadriceps,barbell,intermediate,7.9,barbell Good Morning - Gethin Variation
AM Barbell Squat,"The barbell back squat is a popular compound movement that emphasizes building the lower-body muscle groups and overall strength. It's the classic way to start a leg day, and is a worthy centerpiece to a lower-body training program. The squat is a competitive lift in the sport of powerlifting, but is also a classic measurement of lower-body strength. With the barbell racked on the traps or upper back, the emphasis is placed on the posterior chain but the entire body gets worked. The back squat can be trained in everything from heavy singles to sets of 20 reps or higher.",strength,quadriceps,barbell,intermediate,7.9,AM barbell squat
Plyometric Power Clean,,strength,quadriceps,barbell,intermediate,7.9,Plyometric Power Clean
Banded Split Jerk,,strength,quadriceps,barbell,intermediate,7.9,dengan band Split Jerk
UP Squat,"The barbell back squat is a popular compound movement that emphasizes building the lower-body muscle groups and overall strength. It's the classic way to start a leg day, and is a worthy centerpiece to a lower-body training program. The squat is a competitive lift in the sport of powerlifting, but is also a classic measurement of lower-body strength. With the barbell racked on the traps or upper back, the emphasis is placed on the posterior chain but the entire body gets worked. The back squat can be trained in everything from heavy singles to sets of 20 reps or higher.",strength,quadriceps,barbell,intermediate,7.9,UP squat
UN Barbell Back Squat,,strength,quadriceps,barbell,intermediate,7.9,UN barbell squat belakang
UN Barbell Box Squat,,strength,quadriceps,barbell,intermediate,7.9,UN barbell Box squat
UN Barbell Front Squat,,strength,quadriceps,barbell,intermediate,7.9,UN barbell squat depan
KV Bulgarian Split Squat,,strength,quadriceps,barbell,intermediate,7.9,KV split squat Bulgaria
King Maker Barbell Back Squat,"The barbell back squat is a popular compound movement that emphasizes building the lower-body muscle groups and overall strength. It's the classic way to start a leg day, and is a worthy centerpiece to a lower-body training program. The squat is a competitive lift in the sport of powerlifting, but is also a classic measurement of lower-body strength. With the barbell racked on the traps or upper back, the emphasis is placed on the posterior chain but the entire body gets worked. The back squat can be trained in everything from heavy singles to sets of 20 reps or higher.",strength,quadriceps,barbell,intermediate,7.9,King Maker barbell squat belakang
King Maker Barbell Deadlift,"The barbell deadlift is a compound exercise used to develop overall strength and size in the posterior chain. It is a competition lift in the sport of powerlifting, but is also considered a classic benchmark of overall strength. When performed with the hands outside the knees, it is often called a ""conventional"" deadlift. When the feet are wide and the hands are inside the knees, it is a sumo deadlift.",strength,quadriceps,barbell,intermediate,7.9,King Maker barbell deadlift
30 Legs Barbell Back Squat,,strength,quadriceps,barbell,intermediate,7.9,30 kaki barbell squat belakang
30 Legs Barbell Front Squat,,strength,quadriceps,barbell,intermediate,7.9,30 kaki barbell squat depan
Barbell Back Squats,,strength,quadriceps,barbell,intermediate,7.9,barbell punggung squat
Front Squats With Two Kettlebells,,strength,quadriceps,kettlebells,beginner,9.2,depan squat With Two Kettlebells
Kettlebell Pistol Squat,,strength,quadriceps,kettlebells,beginner,9.1,kettlebell Pistol squat
Goblet Squat,"The goblet squat is a popular lower-body exercise where you hold a kettlebell or dumbbell in front of your chest as if you are supporting a heavy cup or goblet. It can help lifters of all levels improve their squat technique and hip mobility, but can also work as a muscle-building or strength accessory movement for experienced athletes. It also works well in combinations, complexes, and flows with other kettlebell movements like swings, presses, and cleans.",strength,quadriceps,kettlebells,intermediate,8.7,goblet squat
Kettlebell Curtsy Lunge,,strength,quadriceps,kettlebells,beginner,7.7,kettlebell Curtsy lunge
Single-arm kettlebell overhead squat,"The single-arm kettlebell overhead squat is a popular kettlebell movement performed while holding a single kettlebell in a locked-out overhead position. It targets the muscles of the lower body dynamically, while also challenging and building shoulder stability and upper-back mobility. It can be trained in traditional strength or muscle-building rep ranges, in circuit or fat-loss training, or as part of a kettlebell combination or complex.",strength,quadriceps,kettlebells,expert,7.0,satu lengan kettlebell overhead squat
Kettlebell side squat,"The kettlebell side squat is a popular movement to build mobility and lateral strength in the hips. It can be performed for time or for reps, either on its own or as part of a kettlebell circuit, complex, or flow.",strength,quadriceps,kettlebells,intermediate,0.0,kettlebell samping squat
Kettlebell sumo squat,"The kettlebell sumo squat is a lower-body movement emphasizing the muscles of the hips, glutes, and quads. It shares attributes with both the kettlebell deadlift and the goblet squat, but is usually performed with a wider stance and the feet pointed more outward, similar to a sumo deadlift. Its unique stance helps the lifter keep an upright torso, as well as emphasize stretching the hips and adductor muscles.",strength,quadriceps,kettlebells,intermediate,0.0,kettlebell sumo squat
Kettlebell thruster progression,"The kettlebell thruster progression is a kettlebell combination movement that includes a squat, curl, press, and overhead extension in a single sequence. It can work well with a light or moderate weight either for time or reps, in circuit-style training, or as a single kettlebell ""flow.""",strength,quadriceps,kettlebells,intermediate,0.0,kettlebell thruster progression
Kettlebell power clean,"The kettlebell power clean is an explosive kettlebell exercise where the lifter pulls the weight to shoulder level with a slight swing between the legs. It is often used as a drill to teach kettlebell clean technique, but is also a valuable power exercise in its own right. It can be performed in low rep ranges for strength or higher rep ranges for technique practice or muscle growth.",strength,quadriceps,kettlebells,intermediate,0.0,kettlebell power clean
Kettlebell fire feet,"Kettlebell fire feet is a dynamic movement that works most of the major muscle groups in the body simultaneously, while also elevating the heart rate. It's a great movement to include in kettlebell or bodyweight circuit training to increase fatigue and burn serious calories.",plyometrics,quadriceps,kettlebells,intermediate,0.0,kettlebell fire feet
Single Arm Overhead Kettlebell Squat,"The single-arm kettlebell overhead squat is a popular kettlebell movement performed while holding a single kettlebell in a locked-out overhead position. It targets the muscles of the lower body dynamically, while also challenging and building shoulder stability and upper-back mobility. It can be trained in traditional strength or muscle-building rep ranges, in circuit or fat-loss training, or as part of a kettlebell combination or complex.",strength,quadriceps,kettlebells,intermediate,0.0,Single lengan Overhead kettlebell squat
Pulsing goblet squat,"The pulsing goblet squat is a simple way to make a popular squat variation more taxing for the lower body and cardiovascular system. They can be done for time or reps, allowing you to get a significant training effect from a light weight in circuit-style training.",strength,quadriceps,kettlebells,intermediate,7.9,Pulsing goblet squat
Double-kettlebell alternating lunge to clean,"The double-kettlebell alternating lunge to clean is a combination of kettlebell moves in a single sequence. This combination can be performed for time or for reps, often as circuit-style training for conditioning or fat loss, or in a kettlebell complex or flow.",strength,quadriceps,kettlebells,intermediate,7.9,Double-kettlebell bergantian lunge to clean
FYR Goblet Squat,"The goblet squat is a popular lower-body exercise where you hold a kettlebell or dumbbell in front of your chest as if you are supporting a heavy cup or goblet. It can help lifters of all levels improve their squat technique and hip mobility, but can also work as a muscle-building or strength accessory movement for experienced athletes. It also works well in combinations, complexes, and flows with other kettlebell movements like swings, presses, and cleans.",strength,quadriceps,kettlebells,intermediate,7.9,FYR goblet squat
FYR Kettlebell Sumo Squat,"The kettlebell sumo squat is a lower-body movement emphasizing the muscles of the hips, glutes, and quads. It shares attributes with both the kettlebell deadlift and the goblet squat, but is usually performed with a wider stance and the feet pointed more outward, similar to a sumo deadlift. Its unique stance helps the lifter keep an upright torso, as well as emphasize stretching the hips and adductor muscles.",strength,quadriceps,kettlebells,intermediate,7.9,FYR kettlebell Sumo squat
Double-kettlebell front squat,"The double-kettlebell front squat is a popular kettlebell movement performed while holding two kettlebells in the front-racked position. It targets the muscles of the lower body dynamically, and the muscles of the upper back and core isometrically. It can be trained in traditional strength or muscle-building rep ranges, in circuit or fat-loss training, or as part of a larger kettlebell combination or complex.",strength,quadriceps,kettlebells,intermediate,7.9,Double-kettlebell squat depan
FYR Kettlebell Squat Clean,"The kettlebell squat clean is an explosive kettlebell exercise where the lifter pulls the weight to shoulder level with a slight swing between the legs. It is often used as a drill to teach kettlebell clean technique, but is also a valuable power exercise in its own right. It can be performed in low rep ranges for strength or higher rep ranges for technique practice or muscle growth.",strength,quadriceps,kettlebells,intermediate,7.9,FYR kettlebell squat Clean
Single-arm kettlebell front squat,"The single-arm kettlebell front squat is a popular kettlebell movement performed while holding a single kettlebell in the front-racked position. It targets the muscles of the lower body dynamically, and the muscles of the upper back and core isometrically. It can be trained in traditional strength or muscle-building rep ranges, in circuit or fat-loss training, or as part of a kettlebell combination or complex.",strength,quadriceps,kettlebells,intermediate,7.9,satu lengan kettlebell squat depan
Kettlebell front rack lunge,"The kettlebell front rack lunge is a dynamic leg and core exercise in which a lifter performs lunges while holding a single kettlebell in the front-racked position. It is a unique coordination challenge, but also challenging to the musculature of the abdomen, lower body, shoulders, and upper back. It is most commonly performed for higher reps, such as 10-15 reps per side, or for time. It can work in circuit-style workouts, as well as in muscle or strength-focused workouts.",strength,quadriceps,kettlebells,intermediate,7.9,kettlebell depan rack lunge
HM Turkish Get-Up,,strength,quadriceps,kettlebells,intermediate,7.9,HM Turkish Get-Up
HM Single-Leg Romanian Deadlift,,strength,quadriceps,kettlebells,intermediate,7.9,HM Single-kaki deadlift Rumania
Taylor Single-Arm Kettlebell Front Squat,,strength,quadriceps,kettlebells,intermediate,7.9,Taylor satu lengan kettlebell squat depan
Taylor Kettlebell Goblet Squat,,strength,quadriceps,kettlebells,intermediate,7.9,Taylor kettlebell goblet squat
Goblet squat-,"The goblet squat is a popular lower-body exercise where you hold a kettlebell or dumbbell in front of your chest as if you are supporting a heavy cup or goblet. It can help lifters of all levels improve their squat technique and hip mobility, but can also work as a muscle-building or strength accessory movement for experienced athletes. It also works well in combinations, complexes, and flows with other kettlebell movements like swings, presses, and cleans.",strength,quadriceps,kettlebells,intermediate,7.9,goblet squat-
Holman Kettlebell Squat Clean,,strength,quadriceps,kettlebells,intermediate,7.9,Holman kettlebell squat Clean
Holman Kettlebell Swing,,strength,quadriceps,kettlebells,intermediate,7.9,Holman kettlebell Swing
Holman Kettlebell Swing Transfer,,strength,quadriceps,kettlebells,intermediate,7.9,Holman kettlebell Swing Transfer
Dumbbell goblet squat-,"The goblet squat is a popular lower-body exercise in which a dumbbell or kettlebell is held in front of the chest with two hands, approximating how you might hold a heavy goblet. It is used as a teaching tool to help instruct and develop proper squat form, but is also effective for building size in the quads, glutes, and hamstrings. It can be performed for low reps to build strength, or for higher reps to build muscle and conditioning.",strength,quadriceps,kettlebells,intermediate,7.9,dumbbell goblet squat-
Robertson Kettlebell Jump,,strength,quadriceps,kettlebells,intermediate,7.9,Robertson kettlebell Jump
FYR2 Alternating Kettlebell Squat Clean,,strength,quadriceps,kettlebells,intermediate,7.9,FYR2 bergantian kettlebell squat Clean
FYR2 Banded Double-Kettlebell Squat Pulse,,strength,quadriceps,kettlebells,intermediate,7.9,FYR2 dengan band Double-kettlebell squat Pulse
FYR2 Double-Kettlebell Ballin' Lunge,,strength,quadriceps,kettlebells,intermediate,7.9,FYR2 Double-kettlebell Ballin' lunge
FYR2 Double-Kettlebell Front Rack Lunge,,strength,quadriceps,kettlebells,intermediate,7.9,FYR2 Double-kettlebell depan Rack lunge
FYR2 Double-Kettlebell Front Squat,,strength,quadriceps,kettlebells,intermediate,7.9,FYR2 Double-kettlebell squat depan
FYR2 Explosive Kettlebell Jump Squat,,strength,quadriceps,kettlebells,intermediate,7.9,FYR2 eksplosif kettlebell Jump squat
FYR2 Kettlebell Goblet Squat,,strength,quadriceps,kettlebells,intermediate,7.9,FYR2 kettlebell goblet squat
FYR2 Kettlebell Reverse Lunge Switch Grip,,strength,quadriceps,kettlebells,intermediate,7.9,FYR2 kettlebell Reverse lunge Switch Grip
FYR2 Kettlebell Reverse Lunge to Kneeling Press,,strength,quadriceps,kettlebells,intermediate,7.9,FYR2 kettlebell Reverse lunge to Kneeling dorongan
FYR2 Kettlebell Sumo Squat Pulse,,strength,quadriceps,kettlebells,intermediate,7.9,FYR2 kettlebell Sumo squat Pulse
FYR2 Reverse Lunge to Single-Leg Kettlebell Deadlift,,strength,quadriceps,kettlebells,intermediate,7.9,FYR2 Reverse lunge to Single-kaki kettlebell deadlift
FYR2 Kettlebell Goblet-Squat-Deadlift Complex,,strength,quadriceps,kettlebells,intermediate,7.9,FYR2 kettlebell Goblet-squat-deadlift Complex
FYR2 Kettlebell Squat-Press-Deadlift Complex,,strength,quadriceps,kettlebells,intermediate,7.9,FYR2 kettlebell squat-dorongan-deadlift Complex
Goblet Squats,,strength,quadriceps,kettlebells,intermediate,7.9,Goblet squat
Dumbbell Goblet Squat,"The goblet squat is a common exercise used in the early stages of learning to squat, or as a movement in general training programs for building size to the quads, glutes, and hamstrings.",strength,quadriceps,dumbbell,intermediate,8.9,dumbbell goblet squat
Dumbbell squat,"The dumbbell squat is a classic lower-body exercise that targets the quadriceps, hamstrings, and glutes. While this variation is usually performed with relatively light weights for high reps, it can also be used as a substitute for squats or the trap-bar deadlift in any workout.",strength,quadriceps,dumbbell,intermediate,8.9,dumbbell squat
Dumbbell Lunges,"The dumbbell split squat is a popular lower-body exercise to build strength and muscle one leg at a time. It can be used to teach proper lunge form, but is also valuable on its own when trained in traditional strength-focused rep ranges, such as 5-8 reps per set, or for higher reps to build muscle or for conditioning.",strength,quadriceps,dumbbell,intermediate,8.8,dumbbell lunge
Dumbbell reverse lunge,"The dumbbell reverse lunge is a popular lower-body movement that targets the muscles of the quads, glutes, hamstrings, and hips. It also works the core and upper-back muscles to maintain posture while the lower body moves. Lunge variations are often performed for moderate to high reps, such as 8-12 reps per leg or more, as part of the lower-body portion of a workout. If this movement hurts your knees, try performing split squats instead.",strength,quadriceps,dumbbell,intermediate,8.7,dumbbell reverse lunge
Split Squat with Dumbbells,"The dumbbell Bulgaria split squat is a single-leg exercise targeting the quads, glutes, and hamstrings.",strength,quadriceps,dumbbell,intermediate,8.6,Split squat with Dumbbells
Dumbbell sumo squat,"The dumbbell sumo squat is a popular lower-body movement using a single dumbbell held in front of the legs. It is performed with a wider than shoulder-width stance, which increases the demand on the glutes, hamstrings, and adductors while still benefiting the quads, core, and upper body. It is usually performed for moderate to high reps, at least 8-12 reps per set, as part of the lower-body portion of a workout.",strength,quadriceps,dumbbell,intermediate,8.3,dumbbell sumo squat
Dumbbell seated box jump,"The dumbbell seated box jump is an explosive exercise that builds the quadriceps as well as overall lower-body strength and explosiveness. All you need is a box, a bench, and a light dumbbell. Performing it from a seated position eliminates the stretch reflex in the lower body, forcing you to generate more power. This is an advanced move, so consider starting off with box jumps or squat jumps before progressing to this.",plyometrics,quadriceps,dumbbell,intermediate,8.3,dumbbell duduk box jump
Dumbbell step-up,"The dumbbell step-up is a great exercise for building lower-body strength and power. It targets all the same muscles as bodyweight step-ups, such as the quads, glutes, and hamstrings, but allows for greater muscular overload.",strength,quadriceps,dumbbell,intermediate,8.2,dumbbell step-up
Dumbbell Walking Lunge,"The dumbbell walking lunge tests your ability to maintain balance while challenging the quads, glutes, and hamstrings as well as core muscles.",strength,quadriceps,dumbbell,intermediate,7.3,dumbbell Walking lunge
Dumbbell Squat To A Bench,,strength,quadriceps,dumbbell,beginner,7.0,dumbbell squat To A bangku
Dumbbell thruster,"The dumbbell thruster, which begins with a squat and ends with an overhead press, works the entire body at once in a single fluid motion. This exercise is often performed with kettlebells, but dumbbells are also a great option.",strength,quadriceps,dumbbell,intermediate,0.0,dumbbell thruster
Dumbbell front squat,"The dumbbell front squat is a popular exercise for targeting the muscles of the lower body, including the quadriceps, glutes, and hamstrings. Holding dumbbells in the racked position also works the core and upper-back muscles to maintain posture while the lower body moves. Because the amount of weight you can use will be limited by what you can clean to the rack position, this movement is usually performed for moderate to high reps, at least 8-12 reps per set or more. If this movement hurts your knees, try performing it with a wider stance.",strength,quadriceps,dumbbell,intermediate,0.0,dumbbell squat depan
Single-Arm Dumbbell Overhead Squat,,strength,quadriceps,dumbbell,beginner,0.0,satu lengan dumbbell Overhead squat
Dumbbell lateral hop,"The dumbbell lateral hop is an explosive exercise that targets the muscles of the hips and legs. Adding dumbbells adds a challenge to the core, as well. Because balance can be a challenge, it is usually performed with relatively light weights, often as a component of fat-loss or athletic training.",plyometrics,quadriceps,dumbbell,intermediate,0.0,dumbbell lateral hop
Dumbbell lunge with biceps curl,"The dumbbell lunge with biceps curl combines an isometric hold at the bottom of a lunge with a dumbbell biceps curl. The two exercises combine to target the legs, core, and biceps. The curl will determine the amount of weight you can use, but even a light weight will make the lunge hold seriously challenging.",strength,quadriceps,dumbbell,intermediate,0.0,dumbbell lunge with bisep tekukan
Dumbbell Pistol Squat,,strength,quadriceps,dumbbell,beginner,0.0,dumbbell Pistol squat
Dumbbell Squat Snatch,,strength,quadriceps,dumbbell,beginner,0.0,dumbbell squat Snatch
Dumbbell Alternating Lunge,,strength,quadriceps,dumbbell,beginner,0.0,dumbbell bergantian lunge
Dumbbell jump squat,"The dumbbell jump squat is a popular movement combining an explosive lower-body movement with extra upper-body loading in the form of dumbbells held in the hands. Done with heavier weights, it can be trained for low reps with a power focus. With light weights, it is often done for higher reps for fat-loss and conditioning.",plyometrics,quadriceps,dumbbell,intermediate,0.0,dumbbell jump squat
Dumbbell Side Lunge,,strength,quadriceps,dumbbell,beginner,0.0,dumbbell samping lunge
Boss Everline Dumbbell Lunge Jump,,strength,quadriceps,dumbbell,intermediate,7.9,Boss Everline dumbbell lunge Jump
Dumbbell Fix Dumbbell Split Squat,,strength,quadriceps,dumbbell,intermediate,7.9,dumbbell Fix dumbbell Split squat
Single-leg dumbbell Romanian deadlift,"The single-leg dumbbell Romanian deadlift is a movement targeting the muscles of the hamstrings, glutes, and back. The difference between a Romanian deadlift and a stiff-legged deadlift is the amount of knee bend. The knees are only slightly bent in a stiff-legged deadlift, while they bend more in a Romanian deadlift. Single-leg deadlifts are generally performed for low to moderate reps, such as 8-10 reps per set, with a focus on maximizing the hamstring stretch rather than moving heavy weight. If balance is a challenge, this movement is still very effective if performed while holding on to a stable object for support.",strength,quadriceps,dumbbell,intermediate,7.9,Single-kaki dumbbell deadlift Rumania
Dumbbell Fix Dumbbell Alternating Reverse Lunge,,strength,quadriceps,dumbbell,intermediate,7.9,dumbbell Fix dumbbell bergantian Reverse lunge
Dumbbell Fix Turkish Get-Up,,strength,quadriceps,dumbbell,intermediate,7.9,dumbbell Fix Turkish Get-Up
Seesaw lunge,The seesaw lunge is a bodyweight exercise that combines both the forward and the reverse lunge. It can also be performed holding dumbbells or other weights. It can be performed for time or reps in the lower-body portion of any workout.,strength,quadriceps,dumbbell,intermediate,7.9,Seesaw lunge
FYR Dumbbell Front Squat,"The dumbbell front squat targets the quads, glutes, and hamstrings, as well as the upper body and challenging core stability for building total body strength.",strength,quadriceps,dumbbell,intermediate,7.9,FYR dumbbell squat depan
Dumbbell split squat,"The dumbbell split squat is a popular lower-body exercise to build strength and muscle one leg at a time. It can be used to teach proper lunge form, but is also valuable on its own when trained in traditional strength-focused rep ranges, such as 5-8 reps per set, or for higher reps to build muscle or for conditioning.",strength,quadriceps,dumbbell,intermediate,7.9,dumbbell split squat
Dumbbell deadlift,"The dumbbell deadlift is a movement that targets the hamstrings, glutes, and back muscles. While it can be performed all the way from the ground, in the style of a barbell deadlift, it is more often performed from the top down as a Romanian deadlift. The dumbbell deadlift can be performed in low rep ranges to build posterior strength, or for moderate to high reps to build muscle and endurance.",strength,quadriceps,dumbbell,intermediate,7.9,dumbbell deadlift
Single-arm stiff-legged deadlift,"The single-arm stiff-legged deadlift is a dumbbell exercise that targets the hamstrings, glutes, lower and upper back, and core. The difference between a stiff-legged deadlift and a Romanian deadlift is primarily the amount of knee bend. The knees are only slightly bent in a stiff-legged deadlift, while they bend more in a Romanian deadlift. Stiff-legged deadlifts are generally performed for low to moderate reps, such as 8-10 reps per set, with a focus on maximizing the hamstring stretch rather than moving heavy weight. Feel free to wear a weight belt to protect your lower back.",strength,quadriceps,dumbbell,intermediate,7.9,satu lengan stiff-legged deadlift
HM Dumbbell Overhead Squat,,strength,quadriceps,dumbbell,intermediate,7.9,HM dumbbell Overhead squat
HM Dumbbell Squat,,strength,quadriceps,dumbbell,intermediate,7.9,HM dumbbell squat
UNS Dumbbell Goblet Squat,,strength,quadriceps,dumbbell,intermediate,7.9,UNS dumbbell goblet squat
Single-Arm Dumbbell Snatch,,strength,quadriceps,dumbbell,intermediate,7.9,satu lengan dumbbell Snatch
KV Dumbbell Lunges,,strength,quadriceps,dumbbell,intermediate,7.9,KV dumbbell lunge
Holman Squat to Biceps Curl,,strength,quadriceps,dumbbell,intermediate,7.9,Holman squat to bisep tekukan
Holman Burpee to Biceps Curl,,strength,quadriceps,dumbbell,intermediate,7.9,Holman burpee to bisep tekukan
Holman Slow Weighted Reverse Lunge,,strength,quadriceps,dumbbell,intermediate,7.9,Holman Slow berbeban Reverse lunge
Holman Slow Weighted Plie Squat,,strength,quadriceps,dumbbell,intermediate,7.9,Holman Slow berbeban Plie squat
Holman Weighted Lunge Jump with Biceps Curl,,strength,quadriceps,dumbbell,intermediate,7.9,Holman berbeban lunge Jump with bisep tekukan
Holman Left Reverse Lunge Chest Press to Left Knee-Up Chest Press,,strength,quadriceps,dumbbell,intermediate,7.9,Holman Left Reverse lunge dada dorongan to Left Knee-Up dada dorongan
Holman Weighted Lunge Jump with Chest Press,,strength,quadriceps,dumbbell,intermediate,7.9,Holman berbeban lunge Jump with dada dorongan
Holman Weighted Half Jack to Biceps Curl,,strength,quadriceps,dumbbell,intermediate,7.9,Holman berbeban Half lompat jack to bisep tekukan
Holman Weighted Half Jack to Chest Press,,strength,quadriceps,dumbbell,intermediate,7.9,Holman berbeban Half lompat jack to dada dorongan
Holman 180 Jump to Renegade Side Raise,,strength,quadriceps,dumbbell,intermediate,7.9,Holman 180 Jump to Renegade samping angkat
Holman Right Reverse Lunge Biceps Curl to Right Knee-Up Biceps Curl,,strength,quadriceps,dumbbell,intermediate,7.9,Holman Right Reverse lunge bisep tekukan to Right Knee-Up bisep tekukan
Holman Roll-Back to Squat Thrust to Renegade Row,,strength,quadriceps,dumbbell,intermediate,7.9,Holman Roll-punggung to squat Thrust to Renegade tarikan
Holman Roll-Back to Squat Thrust to Renegade Triceps Press,,strength,quadriceps,dumbbell,intermediate,7.9,Holman Roll-punggung to squat Thrust to Renegade trisep dorongan
Holman Weighted Narrow Squat Jump,,strength,quadriceps,dumbbell,intermediate,7.9,Holman berbeban Narrow squat Jump
Holman Diagonal Deadlift,,strength,quadriceps,dumbbell,intermediate,7.9,Holman Diagonal deadlift
Holman Weighted Burpee to Triceps Press,,strength,quadriceps,dumbbell,intermediate,7.9,Holman berbeban burpee to trisep dorongan
Holman Squat Thrust Overhead Press,,strength,quadriceps,dumbbell,intermediate,7.9,Holman squat Thrust Overhead dorongan
Holman Weighted Burpee to Chest Press,,strength,quadriceps,dumbbell,intermediate,7.9,Holman berbeban burpee to dada dorongan
Holman Squat to Right-Arm Overhead Press,,strength,quadriceps,dumbbell,intermediate,7.9,Holman squat to Right-lengan Overhead dorongan
Holman Right Lunge Jump with Right Overhead Press,,strength,quadriceps,dumbbell,intermediate,7.9,Holman Right lunge Jump with Right Overhead dorongan
Holman Left Lunge Jump with Left Overhead Press,,strength,quadriceps,dumbbell,intermediate,7.9,Holman Left lunge Jump with Left Overhead dorongan
Holman Heavy Hip Drive,,strength,quadriceps,dumbbell,intermediate,7.9,Holman Heavy pinggul Drive
Holman Squat to Left-Arm Overhead Press,,strength,quadriceps,dumbbell,intermediate,7.9,Holman squat to Left-lengan Overhead dorongan
Holman Weighted Lunge Jump to Floor Lunge Jump,,strength,quadriceps,dumbbell,intermediate,7.9,Holman berbeban lunge Jump to Floor lunge Jump
Holman Alternating Weighted Lunge Jump to Chest Press,,strength,quadriceps,dumbbell,intermediate,7.9,Holman bergantian berbeban lunge Jump to dada dorongan
Holman Weighted Burpee to Overhead Alternating Reverse Lunge,,strength,quadriceps,dumbbell,intermediate,7.9,Holman berbeban burpee to Overhead bergantian Reverse lunge
Holman Weighted 180 Jump to Chest Press,,strength,quadriceps,dumbbell,intermediate,7.9,Holman berbeban 180 Jump to dada dorongan
Holman Alternating Side Squat Overhead Press,,strength,quadriceps,dumbbell,intermediate,7.9,Holman bergantian samping squat Overhead dorongan
Holman Right Lunge with Right Biceps Curl,,strength,quadriceps,dumbbell,intermediate,7.9,Holman Right lunge with Right bisep tekukan
Holman Left Lunge with Left Biceps Curl,,strength,quadriceps,dumbbell,intermediate,7.9,Holman Left lunge with Left bisep tekukan
Holman Squat Thrust to Alternating Front Raise,,strength,quadriceps,dumbbell,intermediate,7.9,Holman squat Thrust to bergantian depan angkat
Dumbbell racked reverse lunge,"The dumbbell racked reverse lunge is a popular lower-body movement that targets the muscles of the quads, glutes, hamstrings, and hips. Holding dumbbells in the racked position further challenges the core and upper-back muscles to maintain posture while the lower body moves. Lunge variations are often performed for moderate to high reps, such as 8-12 reps per leg or more, as part of the lower-body portion of a workout. If this movement hurts your knees, try performing split squats instead.",strength,quadriceps,dumbbell,intermediate,7.9,dumbbell racked reverse lunge
Total Fitness Dumbbell Reverse Lunge,"The dumbbell reverse lunge is a great single-leg movement that strengthens and builds the quads, hamstrings, and glutes.",strength,quadriceps,dumbbell,intermediate,7.9,Total Fitness dumbbell Reverse lunge
Single-arm dumbbell snatch-,"The single-arm dumbbell snatch is an explosive exercise that builds full-body power and targets the muscles of the hips, back, and shoulders. It involves lifting a dumbbell from the ground to overhead in a single movement. It can be performed for low reps with a focus on power and speed, or for higher reps to build muscle or as part of a metabolic conditioning circuit.",strength,quadriceps,dumbbell,intermediate,7.9,satu lengan dumbbell snatch-
Total Fitness Dumbbell Step-Up,"The dumbbell step-up is a great exercise for building lower-body strength and power. The dumbbell version is better for intermediate and advanced lifters than beginners, who should begin by performing these unweighted.",strength,quadriceps,dumbbell,intermediate,7.9,Total Fitness dumbbell Step-Up
Single-arm dumbbell front squat,"The single-arm dumbbell front squat is an exercise that targets the quads, glutes, and hamstrings, as well as the upper body. It also challenges oblique strength due to the offset loading. It can be performed in strength and muscle-focused workouts, in circuit training, or as part of a larger dumbbell complex with movements like single-arm dumbbell clean and presses.",strength,quadriceps,dumbbell,intermediate,7.9,satu lengan dumbbell squat depan
King Maker Weighted Jump Squat,"The dumbbell jump squat takes a classic bodybuilding move, the squat, and adds a plyometric element, the jump. It builds not only lower-body strength but also explosiveness.",strength,quadriceps,dumbbell,intermediate,7.9,King Maker berbeban Jump squat
3D dumbbell lunge,"The 3D dumbbell lunge is a sequence of lower-body exercises that target the muscles of the glutes, quads, and hamstrings from a variety of angles. It consists of one curtsy lunge with each leg, followed by one reverse lunge with each leg. This lunge variation is most commonly performed for multiple rounds as part of a lower-body circuit or workout.",strength,quadriceps,dumbbell,intermediate,7.9,3D dumbbell lunge
MetaBurn Dumbbell Burpee,,strength,quadriceps,dumbbell,intermediate,7.9,MetaBurn dumbbell burpee
Dumbbell jump squat with rotation,"The dumbbell jump squat with rotation is a popular movement combining an explosive lower-body movement with extra upper-body loading in the form of dumbbells held in the hands. Each jump ends with the body turned 90 degrees, adding a rotational power component to the lift. It is usually performed with light weights for high reps in fat-loss and conditioning workouts.",strength,quadriceps,dumbbell,intermediate,7.9,dumbbell jump squat with rotation
MetaBurn Dumbbell Wide Squat to Rack,,strength,quadriceps,dumbbell,intermediate,7.9,MetaBurn dumbbell Wide squat to Rack
MetaBurn Reverse Lunge To High Pull,,strength,quadriceps,dumbbell,intermediate,7.9,MetaBurn Reverse lunge To High tarikan
MetaBurn Reverse Lunge With Overhead Raise,,strength,quadriceps,dumbbell,intermediate,7.9,MetaBurn Reverse lunge With Overhead angkat
MetaBurn Squat to Triceps Extension,,strength,quadriceps,dumbbell,intermediate,7.9,MetaBurn squat to trisep ekstensi
30 Legs Dumbbell Goblet Squat,,strength,quadriceps,dumbbell,intermediate,7.9,30 kaki dumbbell goblet squat
30 Legs Dumbbell Squat,,strength,quadriceps,dumbbell,intermediate,7.9,30 kaki dumbbell squat
Dumbbell step-down reverse lunge,"The dumbbell step-down reverse lunge is an exercise targeting the lower body, particularly the glutes and hamstrings. The front foot is slightly elevated during this movement, making the subsequent step-down more pronounced and difficult. These are usually performed for time or for relatively high reps, such as 10 reps or more per side.",strength,quadriceps,dumbbell,intermediate,7.9,dumbbell step-down reverse lunge
Tire flip,"The tire flip is an exercise that works the entire body, starting from a deadlift position and ending with a giant tire being flipped over. Each flip moves the tire farther in one direction until a set has been completed. It can be performed for time or reps as part of a functional fitness or athleticism-focused workout.",strongman,quadriceps,other,intermediate,9.4,Tire flip
Single Leg Push-off,,plyometrics,quadriceps,other,beginner,9.2,Single kaki dorongan-off
Bear crawl sled drag,"The bear crawl sled drag is an advanced variation of the bear crawl exercise involving added resistance from a sled or other weight. If no sled is available, other viable options include dragging chain, a barbell plate, or a tire. The bear crawl sled drag is an intense full-body movement that targets the cardiovascular system as well as a wide range of muscle groups, particularly the shoulders, core, and legs. It can be done in short bursts for power or circuit training, or for longer durations as cardiovascular conditioning.",strongman,quadriceps,other,intermediate,9.0,Bear crawl sled drag
Bicycling,,cardio,quadriceps,other,intermediate,8.9,Bicycling
Hex-bar deadlift,"The hex bar deadlift is a variety of deadlift performed in a hexagonal barbell also known as a trap bar. The bar is held with a parallel (palms in) grip outside of the legs. It is biomechanically different from a barbell deadlift in that it lines up with a lifter's center of gravity, rather than placing the weight in front of their body. It activates all of the same muscle groups as conventional or sumo deadlifts, including the glutes, quads, hamstrings, lower back, lats, upper back, and grip.",strength,quadriceps,other,intermediate,8.8,Hex-bar deadlift
Skating,,cardio,quadriceps,other,beginner,8.4,Skating
Weighted sissy squat,"The weighted sissy squat is an exercise primarily targeting the quadriceps. In sissy squats, the knees travel over the toes, placing the quads under a fairly extreme stretch. They are usually performed for moderate to high reps as part of a lower-body training session.",strength,quadriceps,other,intermediate,8.4,berbeban sissy squat
Yoke Walk,,strongman,quadriceps,other,beginner,8.0,Yoke Walk
Front Cone Hops (or hurdle hops),,plyometrics,quadriceps,other,beginner,7.3,depan Cone Hops (or hurdle hops)
Weighted Squat,,strength,quadriceps,other,beginner,7.2,berbeban squat
Bench skip,"The bench skip is an explosive lower-body exercise that involves alternating the position of the feet on top of a bench. It primarily targets the muscles of the lower body, but is also a serious cardiovascular challenge. It is often performed for high reps or for time as part of a fat-loss or athleticism-focused workout or circuit.",plyometrics,quadriceps,other,intermediate,7.0,bangku skip
Backward Drag,,strongman,quadriceps,other,beginner,6.9,Backward Drag
Sled Push,"The sled push is a conditioning exercise that targets the cardiovascular system and the muscles of the lower body. It involves pushing a sled along a turf or other flat surface either for time or distance. Depending on your type of equipment, you may be pushing handles or straps in front of the sled. It can be used as part of a dynamic warm-up or for power training, as a finisher, or as part of a conditioning workout or circuit.",strongman,quadriceps,other,intermediate,6.8,Sled dorongan
Barbell squat with plate slide,"The barbell squat with plate slide is an exercise targeting the quadriceps, with the plate slide also working the adductors and abductors. It can help you get more total-leg and hip development out of squats, but is probably not the sort of thing you want to do with a seriously heavy load on your back.",strength,quadriceps,other,intermediate,6.7,barbell squat with pelat slide
Suspended split squat,"The suspended split squat is a single-leg squat variation performed with the rear leg in a suspension strap system. This allows the rear leg to move slightly more naturally than it would be able to on a bench. The exercise targets the quads, hamstring, and glute muscles on the front leg, but also taxes and stretches the quads on the rear leg.",strength,quadriceps,other,intermediate,6.5,Suspended split squat
Intermediate Hip Flexor and Quad Stretch,,stretching,quadriceps,other,beginner,6.3,Intermediate pinggul Flexor and Quad Stretch
Sled Drag - Harness,,strongman,quadriceps,other,intermediate,0.0,Sled Drag - Harness
Burpee over barbell,"The burpee over barbell is an exercise that takes the burpee, a popular functional fitness move, and separates each rep with a lateral jump across the barbell. It works the cardiovascular system, but also the chest, quads, glutes, hamstrings, and abs. This exercise is a favorite of many athletes, including obstacle race participants.",plyometrics,quadriceps,other,intermediate,0.0,burpee over barbell
Dumbbell walking lunge-,"The dumbbell walking lunge is a popular lower-body movement that targets the muscles of the quads, glutes, hamstrings, and hips. It also works the core and upper-back muscles to maintain posture while the lower body moves. The dumbbell walking lunge is often performed for moderate to high reps, such as 8-12 reps per leg or more, as part of the lower-body portion of a workout. If this movement hurts your knees, try performing reverse lunges or split squats instead.",strength,quadriceps,other,intermediate,0.0,dumbbell walking lunge-
Single-Leg Box Jump,,plyometrics,quadriceps,other,beginner,0.0,Single-kaki Box Jump
Conan's Wheel,,strongman,quadriceps,other,beginner,0.0,Conan's Wheel
Single-Leg Hop Progression,,plyometrics,quadriceps,other,beginner,0.0,Single-kaki Hop Progression
Rickshaw Deadlift,,strongman,quadriceps,other,beginner,0.0,Rickshaw deadlift
Single-cone sprint drill,"The single-cone sprint drill is an agility drill that involves moving quickly around a single cone. It demands that an athlete start, stop, and change directions all in a short period of time and a small space. It can be beneficial for football players and other athletes where quick changes of direction are important.",plyometrics,quadriceps,other,intermediate,0.0,Single-cone sprint drill
Single-Leg Stride Jump,,plyometrics,quadriceps,other,beginner,0.0,Single-kaki Stride Jump
Trap Bar Jump,,plyometrics,quadriceps,other,beginner,0.0,Trap Bar Jump
Single-Leg Lateral Hop,,plyometrics,quadriceps,other,beginner,0.0,Single-kaki Lateral Hop
Burpee Box-Jumps,,plyometrics,quadriceps,other,intermediate,0.0,burpee Box-Jumps
Sandbag Load,,strongman,quadriceps,other,beginner,0.0,Sandbag Load
Single-leg knee-tap squat,"The single-leg knee-tap squat is a single-leg squat variation that involves “floating” the back leg over the ground on the descent until touching just the knee to the ground or a pad. It is similar to a lunge, but without touching the back foot to the ground. It is an intense strength and coordination challenge that can work in any strength- or athleticism-focused workout.",strength,quadriceps,other,intermediate,0.0,Single-kaki knee-tap squat
Car Deadlift,,strongman,quadriceps,other,beginner,0.0,Car deadlift
Barbell Squat To A Box,,strength,quadriceps,other,beginner,0.0,barbell squat To A Box
Double Under,,cardio,quadriceps,other,beginner,0.0,Double Under
Plate push,"The plate push is a conditioning exercise that targets the cardiovascular system and the muscles of the lower body. It involves pushing a plate along turf or another flat surface either for time or distance. It can be used as part of a dynamic warm-up or for power training, as a finisher, or as part of a conditioning workout or circuit.",cardio,quadriceps,other,intermediate,7.9,pelat dorongan
Hybrid deadlift,"The hybrid deadlift is a version of the barbell deadlift in which the lifter's stance is wider than a conventional position, but narrower than a wide sumo deadlift. The feet are just outside the shoulders and grip placement is just inside of the legs. Many non-competitive lifters find this position to be more spine friendly and strong than either of the other traditional stances. This variation of the deadlift has all the same benefits as the others, and is capable of building serious full-body and posterior chain strength.",strength,quadriceps,other,intermediate,7.9,Hybrid deadlift
Boss Everline Suspension Side Run,,strength,quadriceps,other,intermediate,7.9,Boss Everline Suspension samping Run
Boss Everline Lunge Sled Push,,strength,quadriceps,other,intermediate,7.9,Boss Everline lunge Sled dorongan
Squat Bottom Position Hold,,strength,quadriceps,other,intermediate,7.9,squat Bottom Position tahan
TRX Squat Jump,,strength,quadriceps,other,intermediate,7.9,TRX squat Jump
Landmine squat,"The landmine squat is a lower-body exercise that uses an angled barbell anchored at floor level in a landmine device. It can also be performed by sticking a barbell in the corner of a room, preferably in a towel to protect the walls. The landmine squat is similar in many ways to a goblet squat, but with slight differences due to the angle of the barbell. It can be trained in traditional muscle and strength-focused rep ranges or for higher reps.",strength,quadriceps,other,intermediate,7.9,Landmine squat
Dumbbell Bulgarian split squat,"The dumbbell Bulgarian split squat is a single-leg exercise targeting the quads, glutes, and hamstrings. Overloading the movement with dumbbells usually presents less of a balance challenge than putting a barbell on the back. Dumbbell split squats are usually performed for moderate to high reps, such as 8-12 reps per leg, but they are also effective done with heavier weights in lower rep ranges.",strength,quadriceps,other,intermediate,7.9,dumbbell split squat Bulgaria
Holman Towel Alternating Prisoner Reverse Lunge,,strength,quadriceps,other,intermediate,7.9,Holman Towel bergantian Prisoner Reverse lunge
Holman Weighted Burpee to Belly Touch,,strength,quadriceps,other,intermediate,7.9,Holman berbeban burpee to Belly Touch
Holman Weighted Burpee to Front Punch,,strength,quadriceps,other,intermediate,7.9,Holman berbeban burpee to depan Punch
Holman Weighted Low Squat Punch,,strength,quadriceps,other,intermediate,7.9,Holman berbeban Low squat Punch
Holman Weighted Hook Punch to Squat Thrust,,strength,quadriceps,other,intermediate,7.9,Holman berbeban Hook Punch to squat Thrust
Holman Towel Alternating Side Lunge Squat,,strength,quadriceps,other,intermediate,7.9,Holman Towel bergantian samping lunge squat
Holman Weighted Burpee to Renegade Side Punch,,strength,quadriceps,other,intermediate,7.9,Holman berbeban burpee to Renegade samping Punch
Holman Weighted Reverse Lunge to Knee-Up Overhead Press,,strength,quadriceps,other,intermediate,7.9,Holman berbeban Reverse lunge to Knee-Up Overhead dorongan
Holman Lunge Jump with Overhead Press,,strength,quadriceps,other,intermediate,7.9,Holman lunge Jump with Overhead dorongan
Holman Weighted Burpee to Belly Touch to Standing T,,strength,quadriceps,other,intermediate,7.9,Holman berbeban burpee to Belly Touch to berdiri T
Holman Weighted Squat Jump,,strength,quadriceps,other,intermediate,7.9,Holman berbeban squat Jump
Holman Weighted Plie Squat,,strength,quadriceps,other,intermediate,7.9,Holman berbeban Plie squat
Holman Heels-Elevated Sissy Squat,,strength,quadriceps,other,intermediate,7.9,Holman Heels-Elevated Sissy squat
Holman Squat Jump to Overhead Press,,strength,quadriceps,other,intermediate,7.9,Holman squat Jump to Overhead dorongan
Holman 180 Jump to Overhead Press,,strength,quadriceps,other,intermediate,7.9,Holman 180 Jump to Overhead dorongan
Holman Weighted Burpee to Row,,strength,quadriceps,other,intermediate,7.9,Holman berbeban burpee to tarikan
Holman Weighted Burpee to 180 Jump,,strength,quadriceps,other,intermediate,7.9,Holman berbeban burpee to 180 Jump
Holman Weighted 180 Jump,,strength,quadriceps,other,intermediate,7.9,Holman berbeban 180 Jump
Holman Weighted Narrow-Mid-Wide Hop,,strength,quadriceps,other,intermediate,7.9,Holman berbeban Narrow-Mid-Wide Hop
Holman Alternating Weighted Diagonal Burpee,,strength,quadriceps,other,intermediate,7.9,Holman bergantian berbeban Diagonal burpee
Holman Towel Burpee to Push-Up,,strength,quadriceps,other,intermediate,7.9,Holman Towel burpee to dorongan-up
Holman Towel Right Side Squat,,strength,quadriceps,other,intermediate,7.9,Holman Towel Right samping squat
ACFT Sprint-drag-carry,"The sprint-drag-carry is a strength and endurance relay that is part of the new Army Combat Fitness Test or ACFT. It combines sprinting, reverse sled drag, side shuffle, and a farmer's carry to test overall strength and athletic conditioning. Practicing this relay as a drill is great for developing strenght, speed, endurance, and power, and can also be great conditioning work for lifters and athletes of all ability levels.",strength,quadriceps,other,intermediate,7.9,ACFT Sprint-drag-carry
Cable Hip Adduction,,strength,quadriceps,cable,beginner,8.2,kabel pinggul Adduction
Cable Deadlifts,,strength,quadriceps,cable,beginner,7.7,kabel Deadlifts
KV Cable Squat,,strength,quadriceps,cable,intermediate,7.9,KV kabel squat
Single-Leg Press,"The single-leg leg press is an exercise targeting the quadriceps one leg at a time. Many lifters prefer the leg press to squatting for several reasons, including the perception that it’s safer for the spine.",strength,quadriceps,machine,intermediate,9.6,Single-dorongan kaki
Stair climber,"The stair climber is a popular cardio machine found in most commercial gyms. Along with burning a ton of calories, the stair climber also helps build strength in the lower body, especially the glutes. It can work well at higher speeds for interval-style conditioning training, but also works well at slower paces for steady-state cardio.",cardio,quadriceps,machine,intermediate,9.1,Stair climber
Leg Press,The leg press is a machine exercise targeting the quadriceps. It’s favorite among lifters who prefer the seated position to standing with a load on the spine.,strength,quadriceps,machine,intermediate,8.8,dorongan kaki
Elliptical trainer,"The elliptical trainer is a popular machine for cardiovascular training without the significant impact on your joints of running. On many machines, you can adjust the resistance level to make the movement more difficult for all four limbs. The elliptical is a mainstay in most commercial gyms, and can be equally effective for HIIT-style interval workouts or for longer-duration endurance work.",cardio,quadriceps,machine,intermediate,8.8,Elliptical trainer
Narrow-stance leg press,"The narrow-stance leg press is a machine-based exercise that targets the muscles of the legs. It emphasizes the quads, particularly the muscles of the outer quads and hips. It is often used as an accessory for squats, or as a muscle-building movement during lower-body training when it is usually performed for moderate to high reps, such as 8-12 reps per set or more.",strength,quadriceps,machine,intermediate,8.8,Narrow-stance dorongan kaki
Narrow Stance Hack Squats,,strength,quadriceps,machine,beginner,8.8,Narrow Stance Hack squat
Stairmaster,"The stair climber is a popular cardio machine found in most commercial gyms. Along with burning a ton of calories, the stair climber also helps build strength in the lower body, especially the glutes. It can work well at higher speeds for interval-style conditioning training, but also works well at slower paces for steady-state cardio.",cardio,quadriceps,machine,intermediate,8.8,Stairmaster
Machine Squat,,strength,quadriceps,machine,intermediate,8.8,mesin squat
Smith machine back squat,"The Smith machine back squat is a machine-based exercise targeting the muscles of the lower body. The Smith machine mimics a barbell but provides more stability. This movement can be programmed in low reps for strength or higher reps for muscle and strength endurance. It is often performed for moderate to high reps, such as 8-12 reps per set or more, as part of a full-body or lower-body workout.",strength,quadriceps,machine,intermediate,8.7,Smith mesin squat belakang
Leg Extensions,The leg extension is an isolation exercise for the quads.,strength,quadriceps,machine,intermediate,8.5,kaki ekstensi
Treadmill running,"Treadmill running is a popular cardiovascular exercise performed on a machine that is available in most gyms. Performing this exercise on a treadmill allows you to adjust the speed of your running and, depending on the machine, perform it on an adjustable incline. Many machines also have built-in heart rate monitors and timers to help you track your progress.",cardio,quadriceps,machine,intermediate,8.4,Treadmill running
Stationary bike,"The stationary bike is a popular cardio machine found in most commercial gyms. Along with burning a ton of calories, the stationary bike also helps develop the lower body. Stationary bikes come in multiple variations, ranging from ones that resemble riding a bike, to recumbent bikes, to fan bikes that work both the arms and the legs. No matter the variation, a stationary bike can work well at higher speeds for interval-style conditioning training, but also works well at slower paces for steady-state cardio.",cardio,quadriceps,machine,intermediate,8.3,Stationary bike
Treadmill jogging,"Treadmill jogging is a popular cardiovascular exercise performed on a machine that is available in most gyms. Performing this exercise on a treadmill allows you to adjust the speed of your jogging and, depending on the machine, perform it on an adjustable incline. Many machines also have built-in heart rate monitors and timers to help you track your progress.",cardio,quadriceps,machine,intermediate,8.3,Treadmill jogging
Recumbent Bike,,cardio,quadriceps,machine,beginner,8.2,Recumbent Bike
Smith machine leg press,"The Smith machine leg press is a machine-based movement that targets the quads, glutes, and hamstrings. It can serve as a substitute for the leg press or be programmed similarly to the leg press. It is usually performed for moderate to high reps, such as 8-12 reps per set or more, as part of lower-body training. If your Smith machine has safety bars, set them at a height that allows you a full range of motion while giving adequate protection from the weight potentially falling.",strength,quadriceps,machine,intermediate,8.0,Smith mesin dorongan kaki
Lying Machine Squat,,strength,quadriceps,machine,intermediate,8.0,berbaring mesin squat
Seated Leg Press,"The seated leg press is a lower body exercise that targets the quads, adductors, glutes, and hamstrings.",strength,quadriceps,machine,intermediate,7.7,duduk dorongan kaki
Smith machine pistol squat,"The Smith machine pistol squat is a machine-based exercise that targets the quads, glutes, and hamstrings. It is similar in form to a pistol squat but is performed with a bar on the shoulders. This adds extra resistance, but also eliminates some of the balance challenge of single-leg squats. This squat variation can be performed in low reps for strength or for higher reps for muscle gain.",strength,quadriceps,machine,intermediate,7.0,Smith mesin pistol squat
Leverage Deadlift,,strength,quadriceps,machine,beginner,0.0,Leverage deadlift
Leg press-,"The leg press is a machine exercise targeting the leg muscles, including the quads, glutes, and hamstrings. It's a favorite among lifters who prefer the seated position to standing with a load on the spine. The leg press is often used as an accessory for squats or deadlifts, but can also be the main lower-body movement in a workout. It is often performed for moderate to high reps, such as 8-12 reps per set or more.",strength,quadriceps,machine,intermediate,7.9,dorongan kaki-
TBS Hack Squat,"The hack squat is a machine-based exercise that targets the muscles of the legs, particularly the quadriceps. It is often used as an accessory for squats, but can also be the main lower-body movement in a workout. It is often performed for moderate to high reps, such as 8-12 reps per set or more.",strength,quadriceps,machine,intermediate,7.9,TBS Hack squat
Leg Extensions - Gethin Variation,The leg extension is an isolation exercise for the quads.,strength,quadriceps,machine,intermediate,7.9,kaki ekstensi - Gethin Variation
Seated leg press-,"The seated leg press is a machine-based exercise that targets the quads, glutes, and hamstrings. It is similar in many ways to larger leg press machines, but often utilizes a selectorized weight stack rather than plate loading. Leg press variations are often used as an accessory for squats or deadlifts, but can also be the main lower-body movement in a workout. This movement is often performed for moderate to high reps, such as 8-12 reps per set or more.",strength,quadriceps,machine,intermediate,7.9,duduk dorongan kaki-
Smith machine front squat,"The Smith machine front squat is a machine-based exercise targeting the muscles of the lower body. The Smith machine mimics a barbell but provides more stability. This movement can be programmed in low reps for strength or higher reps for muscle and strength endurance. It is often performed for moderate to high reps, such as 8-12 reps per set or more, as part of a full-body or lower-body workout.",strength,quadriceps,machine,intermediate,7.9,Smith mesin squat depan
Machine Deadlift - Gethin Variation,,strength,quadriceps,machine,intermediate,7.9,mesin deadlift - Gethin Variation
Single-leg hack squat,"The single-leg hack squat is a lower-body exercise mainly targeting the quads, performed one side at a time per set. It is often used as an accessory for squats, or as a muscle-building movement during lower-body training, and is usually performed for moderate to high reps, such as 8-12 reps per set or more.",strength,quadriceps,machine,intermediate,7.9,Single-kaki hack squat
Narrow-stance hack squat,"The narrow-stance hack squat is a machine-based exercise that targets the muscles of the legs, particularly the quadriceps. It is often used as an accessory for squats, or as a muscle-building movement during lower-body training, and is usually performed for moderate to high reps, such as 8-12 reps per set or more.",strength,quadriceps,machine,intermediate,7.9,Narrow-stance hack squat
Alternating Single-Leg Curl - Gethin Variation,,strength,quadriceps,machine,intermediate,7.9,bergantian Single-kaki tekukan - Gethin Variation
Stiff-Legged Deadlift - Gethin Variation,"The barbell stiff-legged deadlift targets the hamstrings, glutes, lower and upper back, as well as the core. It is a popular accessory movement for the deadlift, but also a muscle-building hamstring movement.",strength,quadriceps,machine,intermediate,7.9,Stiff-Legged deadlift - Gethin Variation
Single-Leg Press - Gethin Variation,"The single-leg leg press is an exercise targeting the quadriceps one leg at a time. Many lifters prefer the leg press to squatting for several reasons, including the perception that it’s safer for the spine.",strength,quadriceps,machine,intermediate,7.9,Single-dorongan kaki - Gethin Variation
Hack squat-,"The hack squat is a machine-based exercise that targets the muscles of the legs, particularly the quadriceps. It is often used as an accessory for squats, but can also be the main lower-body movement in a workout. It is often performed for moderate to high reps, such as 8-12 reps per set or more.",strength,quadriceps,machine,intermediate,7.9,Hack squat-
Smith machine lunge squat,"The Smith machine lunge squat is an exercise targeting the quads, glutes, and hamstrings. Using added weight allows you to overload the exercise beyond body weight and perform the movement in strength ranges. The Smith machine mimics a barbell but provides more stability.",strength,quadriceps,machine,intermediate,7.9,Smith mesin lunge squat
Hack Squat - Gethin Variation,"The hack squat is a machine-based exercise that targets the muscles of the legs, particularly the quadriceps. It is often used as an accessory for squats, but can also be the main lower-body movement in a workout. It is often performed for moderate to high reps, such as 8-12 reps per set or more.",strength,quadriceps,machine,expert,7.9,Hack squat - Gethin Variation
Leg Press - Gethin Variation,The leg press is a machine exercise targeting the quadriceps. It’s favorite among lifters who prefer the seated position to standing with a load on the spine.,strength,quadriceps,machine,intermediate,7.9,dorongan kaki - Gethin Variation
AM Leg Press,The leg press is a machine exercise targeting the quadriceps. It’s favorite among lifters who prefer the seated position to standing with a load on the spine.,strength,quadriceps,machine,intermediate,7.9,AM dorongan kaki
Leg extension,"The leg extension is a popular machine-based exercise for the legs, particularly the quadriceps. It is usually performed for moderate to high reps, such as 8-12 reps per set or more, as part of a leg pre-exhaust or as a muscle-building movement for lower-body training.",strength,quadriceps,machine,intermediate,7.9,ekstensi kaki
UP Quad Extension,The leg extension is an isolation exercise for the quads.,strength,quadriceps,machine,intermediate,7.9,UP Quad ekstensi
UP Single-Leg Press,"The single-leg leg press is an exercise targeting the quadriceps one leg at a time. Many lifters prefer the leg press to squatting for several reasons, including the perception that it’s safer for the spine.",strength,quadriceps,machine,intermediate,7.9,UP Single-dorongan kaki
UP Leg Press,The leg press is a machine exercise targeting the quadriceps. It’s favorite among lifters who prefer the seated position to standing with a load on the spine.,strength,quadriceps,machine,intermediate,7.9,UP dorongan kaki
Pop Squat On Leg Press,,strength,quadriceps,machine,intermediate,7.9,Pop squat On dorongan kaki
King Maker Leg Press,The leg press is a machine exercise targeting the quadriceps. It’s favorite among lifters who prefer the seated position to standing with a load on the spine.,strength,quadriceps,machine,intermediate,7.9,King Maker dorongan kaki
Single-leg leg press,"The single-leg leg press is a machine exercise targeting the leg muscles, including the quads, glutes, and hamstrings. The leg press is often used as an accessory for squats or deadlifts, but can also be the main lower-body movement in a workout. It is often performed for moderate to high reps, such as 8-12 reps per set or more.",strength,quadriceps,machine,intermediate,7.9,Single-kaki dorongan kaki
King Maker Hack Squat,"The hack squat is a machine-based exercise that targets the muscles of the legs, particularly the quadriceps. It is often used as an accessory for squats, but can also be the main lower-body movement in a workout. It is often performed for moderate to high reps, such as 8-12 reps per set or more.",strength,quadriceps,machine,intermediate,7.9,King Maker Hack squat
30 Legs Feet-High Leg Press,,strength,quadriceps,machine,intermediate,7.9,30 kaki Feet-High dorongan kaki
30 Legs Leg Press,,strength,quadriceps,machine,intermediate,7.9,30 kaki dorongan kaki
30 Legs Leg Press Calf Raise,,strength,quadriceps,machine,intermediate,7.9,30 kaki dorongan kaki betis angkat
30 Legs Lying Leg Curl,,strength,quadriceps,machine,intermediate,7.9,30 kaki tekukan kaki berbaring
30 Legs Machine Hack Squat,,strength,quadriceps,machine,intermediate,7.9,30 kaki mesin Hack squat
30 Legs Single-Leg Leg Extension,,strength,quadriceps,machine,intermediate,7.9,30 kaki Single-kaki ekstensi kaki
30 Legs Single-Leg Leg Press,,strength,quadriceps,machine,intermediate,7.9,30 kaki Single-kaki dorongan kaki
30 Legs Single-Leg Lying Leg Curl,,strength,quadriceps,machine,intermediate,7.9,30 kaki Single-kaki tekukan kaki berbaring
30 Legs Smith Machine Split Squat,,strength,quadriceps,machine,intermediate,7.9,30 kaki Smith mesin Split squat
30 Legs Smith Machine Squat,,strength,quadriceps,machine,intermediate,7.9,30 kaki Smith mesin squat
Jumping rope,"Jumping rope is a classic conditioning exercise that is popular with everyone from children to boxers to CrossFit athletes. It targets many different muscles, including the calves, glutes, shoulders, and upper back, and is great for everything from fat loss to improving overall athletic performance.",cardio,quadriceps,body only,intermediate,9.2,Jumping tali
Forward lunge,"The forward lunge is a lower-body bodyweight exercise targeting the quads, glutes, and hamstrings. It can also be performed holding dumbbells or other weights. The forward lunge places more emphasis on the quads than other lunge variations. It can be performed for time or reps in the lower-body portion of any workout.",strength,quadriceps,body only,intermediate,9.0,Forward lunge
Side-to-side box skip,"The side-to-side box skip is an explosive lower-body exercise that involves jumping laterally over a bench or box, landing with one foot on top of the surface, and then switching positions. It primarily targets the muscles of the lower body, but is also a serious cardiovascular challenge. It is often performed for high reps or for time as part of a fat-loss or athleticism-focused workout or circuit.",plyometrics,quadriceps,body only,intermediate,8.9,samping-to-samping box skip
Bodyweight squat,"The bodyweight squat is a fundamental exercise that strengthens the quads, glutes, and hamstrings. It can be performed as part of a dynamic warm-up, for time or reps during a workout, or for hip and spine mobility any time.",strength,quadriceps,body only,intermediate,8.8,squat berat badan
Broad jump,"The broad jump is an explosive lower-body exercise. It is a common way to measure explosive hip and lower-body strength in athletes. The more explosive you are, the farther you'll be able to jump.",plyometrics,quadriceps,body only,intermediate,8.8,Broad jump
Burpee,"The burpee is a high-intensity exercise that recruits the entire body to build strength and aerobic capacity. It is common in CrossFit workouts and group fitness classes, but can also be performed for time or reps in any fat-loss or athleticism-focused circuit or workout.",cardio,quadriceps,body only,intermediate,8.8,burpee
Trail Running/Walking,,cardio,quadriceps,body only,intermediate,8.7,Trail Running/Walking
Scissors Jump,"The alternating lunge jump is an explosive bodyweight exercise that targets the lower-body muscles, including the quads, glutes, and hamstrings. It can be performed for time or reps in power training, and is also effective in any fat-loss or athleticism-focused workout.",plyometrics,quadriceps,body only,expert,8.5,Scissors Jump
Jumping jack-,"The jumping jack is a classic calisthenics exercise to improve overall conditioning. It’s one the most recognizable exercises on the planet, and it’s almost synonymous with training for military recruits. It can be done for time or reps, often in dynamic warm-ups or to mobilize the hips and shoulders.",plyometrics,quadriceps,body only,intermediate,8.5,lompat lompat jack-
Arms-crossed jump squat,"The arms-crossed jump squat is an explosive version of the jump squat. Crossing your arms eliminates any extra power that could come from swinging your arms, making the movement extra strict and challenging for the lower body. It can be performed for time or reps and is especially effective in a fat-loss or athleticism-focused circuit or workout.",strength,quadriceps,body only,intermediate,8.4,lengan-crossed jump squat
Bodyweight Reverse Lunge,"The reverse lunge is a lower-body exercise targeting the quads, glutes, and hamstrings. The reverse lunge places more emphasis on the glutes than other lunge variations.",strength,quadriceps,body only,intermediate,8.3,berat badan Reverse lunge
Alien Squat,,plyometrics,quadriceps,body only,beginner,8.2,Alien squat
Treadmill walking,"Treadmill walking is a popular cardiovascular exercise performed on a machine that is available in most gyms. Performing this exercise on a treadmill allows you to adjust the speed of your walking and, depending on the machine, perform it on an adjustable incline. Many machines also have built-in heart rate monitors and timers to help you track your progress.",cardio,quadriceps,body only,intermediate,8.2,Treadmill walking
Rocket Jump,,plyometrics,quadriceps,body only,beginner,8.0,Rocket Jump
Depth jump box jump,"The depth jump box jump is a plyometric exercise that entails jumping off one box, dropping into a squat, and then jumping up onto another box. These are all performed fluidly to complete one rep. Depth jumps have been a staple of high-level athletic programming for decades. They are usually performed for low reps with a focus on power and technique. If they hurt your knees or back, consider performing box jumps or squat jumps instead.",plyometrics,quadriceps,body only,intermediate,8.0,Depth jump box jump
Bodyweight Walking Lunge,"The walking lunge is a lower-body exercise that targets the glutes, quads, and hamstrings while challenging stability and balance. It can be performed for reps, time, or distance in the lower-body portion of any workout.",strength,quadriceps,body only,intermediate,8.0,berat badan Walking lunge
Walking High Knees,,cardio,quadriceps,body only,intermediate,7.8,Walking High Knees
Lateral lunge,"The lateral lunge is a lower-body bodyweight movement that works the quads, glutes, and hamstrings. It can also be performed holding dumbbells or other weights. It is often performed for reps as part of a dynamic warm-up or mobility routine but can also work in a circuit or other workouts.",strength,quadriceps,body only,intermediate,7.8,Lateral lunge
Jump Squat,"The jump squat is an explosive bodyweight exercise targeting the quads, hamstrings, and glutes. It is also a serious cardiovascular challenge when done for reps. It can be performed as a power exercise to build jumping power, or in any fat-loss or athleticism-focused workout.",plyometrics,quadriceps,body only,intermediate,7.6,Jump squat
Over bench jump,The over bench jump is a plyometric exercise requiring only a weight bench to perform. It improves jumping ability and athleticism while burning a lot of calories.,plyometrics,quadriceps,body only,intermediate,7.5,Over bangku jump
Split Jump,"The alternating lunge jump is an explosive bodyweight exercise that targets the lower-body muscles, including the quads, glutes, and hamstrings. It can be performed for time or reps in power training, and is also effective in any fat-loss or athleticism-focused workout.",plyometrics,quadriceps,body only,intermediate,7.5,Split Jump
90-degree jump squat,"The 90-degree jump squat is an explosive bodyweight exercise that targets the muscles of the lower body, including the quads, glutes, and hamstrings, as well as the cardiovascular system. It can be performed for time or reps, usually in a fat-loss or athleticism-focused circuit workout.",plyometrics,quadriceps,body only,intermediate,7.0,90-degree jump squat
Skip,"The skip is an exercise that builds power and explosiveness in the legs. It's commonly performed by children and in gym classes, but is also great for working the legs and hip flexors, making it a favorite warm-up for athletes who need to explode vertically.",plyometrics,quadriceps,body only,intermediate,5.5,Skip
Kneeling hip flexor stretch,"The kneeling hip flexor stretch is a stretch targeting greater flexibility in the front side of the hips. It targets a chronically tight muscle group and is often performed as part of a dynamic warm-up, a cool-down, or as recovery work after training.",stretching,quadriceps,body only,intermediate,5.4,Kneeling pinggul flexor stretch
Iron Crosses (stretch),,stretching,quadriceps,body only,intermediate,5.2,Iron Crosses (stretch)
All Fours Quad Stretch,,stretching,quadriceps,body only,beginner,5.0,All Fours Quad Stretch
Lying quad stretch with band,"The lying quad stretch with band is a simple way to stretch a chronically tight muscle group of the lower body. It is common in stretching and yoga classes but can also be performed individually as part of a warm-up, paired with movements in a workout, or as part of a cool-down or recovery strategy.",stretching,quadriceps,body only,intermediate,4.9,berbaring quad stretch with band
One Half Locust,,stretching,quadriceps,body only,intermediate,4.7,One Half Locust
Standing Hip Flexors,,stretching,quadriceps,body only,intermediate,4.4,berdiri pinggul Flexors
Looking At Ceiling,,stretching,quadriceps,body only,intermediate,4.3,Looking At Ceiling
Rear Leg Raises,,stretching,quadriceps,body only,beginner,3.4,Rear kaki angkat
On Your Side Quad Stretch,,stretching,quadriceps,body only,intermediate,3.3,On Your samping Quad Stretch
On-Your-Back Quad Stretch,,stretching,quadriceps,body only,intermediate,3.3,On-Your-punggung Quad Stretch
Standing Elevated Quad Stretch,,stretching,quadriceps,body only,intermediate,2.7,berdiri Elevated Quad Stretch
Thigh killa,"The thigh killa is a challenging lower-body bodyweight exercise that builds muscular endurance with a series of hops and bodyweight squats. It can be performed for time or reps, usually in a circuit workout or as a lower-body finisher.",strength,quadriceps,body only,intermediate,0.0,Thigh killa
Southpaw sprawl,"The southpaw sprawl is a full-body movement that combines elements of a single-arm plank and a sprawl. It also has a rotational component, with a jumping leg-cross and torso twist in a single-arm plank position. It is a challenging move that trains balance, core strength, and many muscle groups, making it work well in a time-efficient bodyweight circuit workout.",plyometrics,quadriceps,body only,intermediate,0.0,Southpaw sprawl
Stride Jump Crossover,,plyometrics,quadriceps,body only,intermediate,0.0,Stride Jump Crossover
Side Standing Long Jump,,plyometrics,quadriceps,body only,intermediate,0.0,samping berdiri Long Jump
Wall squat,"The wall squat is a bodyweight exercise targeting the quadriceps, as well as other muscles in the lower body and core. The lifter's back is flat against a wall, and the back slides down and up the wall during each rep. If you don't have a smooth wall to slide on, the exercise can also be performed with an exercise ball between the back and the wall.",strength,quadriceps,body only,intermediate,0.0,Wall squat
Slide Jump Shot,,plyometrics,quadriceps,body only,beginner,0.0,Slide Jump Shot
Sprawl frog kick,"The sprawl frog kick is an explosive bodyweight exercise that targets multiple muscle groups across the upper and lower body. It is similar to a traditional sprawl, but with an extra hop in the middle of each rep. It can be performed for time or reps in any fat-loss or athleticism-focused circuit or workout.",plyometrics,quadriceps,body only,intermediate,0.0,Sprawl frog kick
Lateral Speed Step,,cardio,quadriceps,body only,intermediate,0.0,Lateral Speed Step
Side Hop-Sprint,,plyometrics,quadriceps,body only,intermediate,0.0,samping Hop-Sprint
Pop squat,"The pop squat is an explosive bodyweight exercise that targets the lower-body muscles, including the quads, glutes, and hamstrings. It is similar to a jump squat, but alternates between a narrow and wide stance with each jump. It can be performed for time or reps in power training and is also effective in any fat-loss or athleticism-focused workout.",plyometrics,quadriceps,body only,intermediate,0.0,Pop squat
Star Jump,,plyometrics,quadriceps,body only,beginner,0.0,Star Jump
Side Lunge Touching Heel,"The side lunge cross-body heel-touch is a lower-body exercise targeting the quads, glutes, and hamstrings. The heel-touch adds a slight rotational challenge.",strength,quadriceps,body only,intermediate,0.0,samping lunge Touching Heel
Lying Prone Quadriceps,,stretching,quadriceps,body only,beginner,0.0,berbaring Prone Quadriceps
Fast Kick With Arm Circles,,cardio,quadriceps,body only,beginner,0.0,Fast Kick With lengan Circles
Single-leg box squat,"The single-leg box squat is a bodyweight exercise that targets the muscles of the lower body, including the quads, glutes, and hamstrings. It is similar in form to a pistol squat, except that you sit to a box. This allows you to customize the depth of the movement to your movement abilities and mobility level. For this reason, the single-leg box squat is a popular movement for building leg strength in beginning trainees. It can be performed in lower strength-focused rep ranges, such as 5-8 reps per leg, or for higher reps for muscle building.",strength,quadriceps,body only,intermediate,0.0,Single-kaki box squat
Defensive Slide,,cardio,quadriceps,body only,beginner,0.0,Defensive Slide
Quick Leap,,plyometrics,quadriceps,body only,intermediate,0.0,Quick Leap
Vertical Mountain Climber,,cardio,quadriceps,body only,beginner,0.0,Vertical pendaki gunung
Reverse Burpee,,plyometrics,quadriceps,body only,beginner,0.0,Reverse burpee
Football Up-Down,,cardio,quadriceps,body only,beginner,0.0,Football Up-Down
Jump lunge heel kick,"The jump lunge heel kick is a high-intensity, full-body exercise targeting the quads, glutes, and hamstrings. It combines a jump lunge with a standing hamstring stretch in a unique combo that also challenges balance. It can be performed for time or reps as part of a fat-loss or athleticism-focused circuit or workout.",plyometrics,quadriceps,body only,intermediate,0.0,Jump lunge heel kick
Burpee box jump,"The burpee box jump is an explosive bodyweight exercise that combines a burpee with a leap onto a box or step. First, you perform a traditional burpee, and then instead of jumping into the air, you jump onto a box. This makes you focus on power generation in the jump, making each rep more challenging. Burpee box jumps are often performed for high reps as part of metabolic conditioning circuits or workouts.",plyometrics,quadriceps,body only,intermediate,0.0,burpee box jump
Linear Depth Jump,,plyometrics,quadriceps,body only,intermediate,0.0,Linear Depth Jump
Slow Jog,,cardio,quadriceps,body only,beginner,0.0,Slow Jog
High knees,"High knees is a full-body, cardio-based exercise with an emphasis on the lower body. It is often performed for reps or time as part of a dynamic warm-up.",cardio,quadriceps,body only,intermediate,0.0,High knees
Jumping Jack,"The jumping jack is a classic calisthenics exercise to improve overall conditioning. It’s one the most recognizable exercises on the planet, and it’s almost synonymous with training for military recruits. It can be done for time or reps, often in dynamic warm-ups or to mobilize the hips and shoulders.",cardio,quadriceps,body only,intermediate,0.0,lompat lompat jack
Square Hop,,plyometrics,quadriceps,body only,beginner,0.0,Square Hop
Running lunge,"The running lunge is a dynamic exercise that targets the lower body. It combines elements of a reverse lunge with a step-up, in that the front leg fully extends and the rear leg flexes up in front of the body. It targets a wide range of muscles in the lower body, including the quads, glutes, and hamstrings. It can be performed for time or reps in any lower-body workout, or in a fat-loss or athleticism-focused circuit.",plyometrics,quadriceps,body only,intermediate,0.0,Running lunge
In-out jump squat,"The in-out jump squat is a bodyweight squat variation that alternates wide and narrow jump squats. It targets the lower-body muscles, including the quads, glutes, adductors, and hamstrings, and also provides a serious cardiovascular challenge. It can be performed for time or reps and is especially effective in a fat-loss or athleticism-focused circuit or workout.",plyometrics,quadriceps,body only,intermediate,0.0,In-out jump squat
Gorilla squat,"The gorilla squat is a bodyweight sequence that combines two reverse lunges and a bodyweight squat. It could also be performed with dumbbells, kettlebells, or other weights. It targets most of the muscles of the lower body, including the quads, glutes, and hamstrings. It can be performed for time or reps in the lower-body portion of any workout.",plyometrics,quadriceps,body only,intermediate,0.0,Gorilla squat
Burpee tuck jump,The burpee tuck jump is an explosive version of the burpee exercise that adds a tuck jump to the top of each rep. It can be performed for time or reps in any fat-loss or athleticism-focused circuit or workout.,plyometrics,quadriceps,body only,intermediate,0.0,burpee tuck jump
Speed skater,"The speed skater is an explosive version of the lateral lunge that involves jumping from side to side and landing on a single leg, then touching the ground. It challenges the lower-body muscles, including the quads, hips, and glutes, and the cardiovascular system, while training lateral movement.",plyometrics,quadriceps,body only,intermediate,0.0,Speed skater
Jumping knee up-down,"The jumping knee up-down is an explosive bodyweight movement that consists of a knee up-down followed by a jump squat. It targets the muscles of the lower body, including the quads, glutes, and hamstrings, but is also a challenging power and conditioning exercise.",plyometrics,quadriceps,body only,intermediate,0.0,Jumping knee up-down
Jump Lunge To Feet Jack,,plyometrics,quadriceps,body only,intermediate,0.0,Jump lunge To Feet lompat jack
Reverse Lunge Rotation,,strength,quadriceps,body only,intermediate,7.9,Reverse lunge Rotation
Alternating standing knee-pull stretch,"The alternating standing knee-pull stretch targets range of motion in the hips, hamstrings, and lower back. It's a common movement in dynamic warm-ups for athletics or lower-body training, but can also be used to ""limber up"" for activity anytime.",stretching,quadriceps,body only,intermediate,7.9,bergantian berdiri knee-tarikan stretch
Seal jack,"The seal jack is a variation on the jumping jack, one the most common calisthenic exercises on the planet. The difference between this movement and the jumping jack has to do with the arm motion. Instead of the arms coming together overhead, they come together in front of the body, like a seal clapping its fins.",strength,quadriceps,body only,intermediate,7.9,Seal lompat jack
Kneeling quad thoracic stretch,"The kneeling quad thoracic stretch is a stretch targeting greater range of motion in your thoracic spine. It is commonly included in dynamic warm-ups or cool-downs, but can also be performed as full-body mobility work any time.",strength,quadriceps,body only,intermediate,7.9,Kneeling quad thoracic stretch
Single-Leg Squat With Knee Tap,"The single-leg knee-tap squat is a single-leg squat variation that involves “floating” the back leg over the ground on the descent until touching just the knee to the ground or a pad. It is similar to a lunge, but without touching the back foot to the ground. It is an intense strength and coordination challenge that can work in any strength- or athleticism-focused workout.",strength,quadriceps,body only,expert,7.9,Single-kaki squat With Knee Tap
Shuttle run,"The shuttle run is an athletic conditioning drill that’s great for developing speed and power, as well as changing direction. It’s a favorite of football and basketball players, but it can also be great conditioning work for lifters and athletes of all ability levels.",cardio,quadriceps,body only,intermediate,7.9,Shuttle run
Squat Isometric Hold,"The hack squat is a machine-based exercise that targets the muscles of the legs, particularly the quadriceps. It is often used as an accessory for squats, but can also be the main lower-body movement in a workout. It is often performed for moderate to high reps, such as 8-12 reps per set or more.",plyometrics,quadriceps,body only,expert,7.9,squat isometrik tahan
Wall sit,"The wall sit is an exercise targeting the quadriceps and core muscle. It involves descending into a squat position while leaning against a wall, then holding that position for a predetermined length of time. It's a classic leg endurance-building exercise for basketball players and gymnasts.",strength,quadriceps,body only,intermediate,7.9,Wall sit
Walking lunge with hip extension,"The walking lunge with hip extension is a combination of two movements, both targeting the lower body. The added hip extension places more of an emphasis on the glutes. It is a great inclusion in a dynamic warm-up for the lower body, but can also be performed for time or reps in any workout.",strength,quadriceps,body only,intermediate,7.9,Walking lunge with pinggul ekstensi
Squat with alternating side leg raise,"The squat with alternating side leg raise is a bodyweight version of the squat, but with a lateral leg lift to add extra focus to the abductor muscles. It can be performed for time or for reps as part of a dynamic warm-up for the lower body, or in any lower-body portion of a workout.",strength,quadriceps,body only,intermediate,7.9,squat with bergantian samping kaki angkat
Lateral Squats,"The lateral lunge is a lower-body bodyweight movement that works the quads, glutes, and hamstrings. It can also be performed holding dumbbells or other weights. It is often performed for reps as part of a dynamic warm-up or mobility routine but can also work in a circuit or other workouts.",strength,quadriceps,body only,intermediate,7.9,Lateral squat
Walking lunge with twist,"The walking lunge with twist is an exercise that targets the lower body and the obliques. The twist not only works the obliques, it also opens up the thoracic spine. It is a great inclusion in a dynamic warm-up for a lower-body or full-body workout, but can also be performed for time or reps in any workout.",strength,quadriceps,body only,intermediate,7.9,Walking lunge with putaran
Boss Everline Backward Lunge Walk,,strength,quadriceps,body only,intermediate,7.9,Boss Everline Backward lunge Walk
Reverse Diagonal Skaters,,strength,quadriceps,body only,intermediate,7.9,Reverse Diagonal Skaters
FYR Air Squat,"The bodyweight squat is a fundamental exercise that strengthens the quads, glutes, and hamstrings. It can be performed as part of a dynamic warm-up, for time or reps during a workout, or for hip and spine mobility any time.",strength,quadriceps,body only,intermediate,7.9,FYR Air squat
FYR Tuck Jump,"The tuck jump is a vertical jump, an explosive lower-body exercise that is a common way to measure explosive hip and lower-body strength in athletes. The more explosive you are, the higher you'll be able to jump.",strength,quadriceps,body only,intermediate,7.9,FYR Tuck Jump
Push-up sprawl tuck jump,"The push-up sprawl tuck jump is an explosive bodyweight sequence that combines three movements: the push-up, the sprawl, and the tuck jump. It is similar to a burpee, but with a tuck jump at the top. It can be performed for time or reps in any fat-loss or athleticism-focused circuit or workout.",strength,quadriceps,body only,intermediate,7.9,dorongan-up sprawl tuck jump
FYR Running Lunge,"The running lunge is a dynamic exercise that targets the lower body. It combines elements of a reverse lunge with a step-up, in that the front leg fully extends and the rear leg flexes up in front of the body. It targets a wide range of muscles in the lower body, including the quads, glutes, and hamstrings. It can be performed for time or reps in any lower-body workout, or in a fat-loss or athleticism-focused circuit.",strength,quadriceps,body only,intermediate,7.9,FYR Running lunge
FYR Jumping Lunge,"The alternating lunge jump is an explosive bodyweight exercise that targets the lower-body muscles, including the quads, glutes, and hamstrings. It can be performed for time or reps in power training, and is also effective in any fat-loss or athleticism-focused workout.",strength,quadriceps,body only,intermediate,7.9,FYR Jumping lunge
FYR Sprawl Frog Kick,"The sprawl frog kick is an explosive bodyweight exercise that targets multiple muscle groups across the upper and lower body. It is similar to a traditional sprawl, but with an extra hop in the middle of each rep. It can be performed for time or reps in any fat-loss or athleticism-focused circuit or workout.",strength,quadriceps,body only,intermediate,7.9,FYR Sprawl Frog Kick
Jump squat-,"The jump squat is an explosive bodyweight exercise targeting the quads, hamstrings, and glutes. It is also a serious cardiovascular challenge when done for reps. It can be performed as a power exercise to build jumping power, or in any fat-loss or athleticism-focused workout.",strength,quadriceps,body only,intermediate,7.9,Jump squat-
FYR Sprinter Burpee,,cardio,quadriceps,body only,intermediate,7.9,FYR Sprinter burpee
Single-leg burpee,"The single-leg burpee is an advanced variation of the burpee exercise that involves performing all parts of the sequence with one leg at a time. It is usually performed alternating legs with each rep, but could be performed one side at a time. Performing one leg at a time increases the challenge to all parts of the body, especially the working leg, core, and shoulders.",strength,quadriceps,body only,intermediate,7.9,Single-kaki burpee
FYR Gorilla Squat,"The gorilla squat is a bodyweight sequence that combines two reverse lunges and a bodyweight squat. It could also be performed with dumbbells, kettlebells, or other weights. It targets most of the muscles of the lower body, including the quads, glutes, and hamstrings. It can be performed for time or reps in the lower-body portion of any workout.",strength,quadriceps,body only,intermediate,7.9,FYR Gorilla squat
Banded compass jump squat,"The banded compass jump squat is an explosive squat variation performed with a band around the thighs just above the knees. This increases muscle activation in the hips and glutes, while the squat targets the quads, hamstrings, and glutes. The landing for each jump is a 90-degree rotation from the starting position. The banded compass jump squat can be performed for low reps as a power-focused exercise, or for higher reps to build muscle in the lower body, challenge conditioning, and burn fat.",strength,quadriceps,body only,intermediate,7.9,dengan band compass jump squat
In-out sprawl,"The in-out sprawl is a full-body movement that combines elements of a plank and a sprawl. It demands an explosive full-body jump from a plank position. It is a challenging move that trains balance, core strength, and many muscle groups, making it work well in a time-efficient bodyweight circuit workout.",strength,quadriceps,body only,intermediate,7.9,In-out sprawl
Knee-tuck kick-up,"The knee-tuck kick-up is a bodyweight movement that targets the muscles of the abs, the rectus abdominis or ""six-pack"" muscles in particular. It can be performed for time or reps in the ab-focused portion of any workout.",strength,quadriceps,body only,intermediate,7.9,Knee-tuck kick-up
Bear crawl donkey kick,"The bear crawl donkey kick is a more advanced version of the bear crawl exercise that adds a donkey kick. It adds an extra coordination and shoulder challenge to an already intense full-body movement that targets the cardiovascular system as well as a wide range of muscle groups, the shoulders, core, and legs in particular. It can be done as a full-body warm-up, in short bursts for power or circuit training, or for longer durations as cardiovascular conditioning.",strength,quadriceps,body only,intermediate,7.9,Bear crawl donkey kick
Southpaw sprawl with push-up,"The southpaw sprawl with push-up is a full-body movement that combines elements of a plank and a sprawl, with the addition of a push-up. It also has a rotational component, with a jumping leg-cross and torso twist in a straight-arm plank position. It is a challenging move that trains balance, core strength, and many muscle groups, making it work well in a time-efficient bodyweight circuit workout.",strength,quadriceps,body only,intermediate,7.9,Southpaw sprawl with dorongan-up
Bouncing lunge,"The bouncing lunge is a bodyweight movement targeting the quads. It can be performed either for time or reps, and is often included as part of a fat-loss or athleticism-focused circuit workout.",strength,quadriceps,body only,intermediate,7.9,Bouncing lunge
Bodyweight Squat - Gethin Variation,"The bodyweight squat is a fundamental exercise that strengthens the quads, glutes, and hamstrings. It can be performed as part of a dynamic warm-up, for time or reps during a workout, or for hip and spine mobility any time.",strength,quadriceps,body only,intermediate,7.9,squat berat badan - Gethin Variation
FYR Alternating Lunge,"The forward lunge is a lower-body bodyweight exercise targeting the quads, glutes, and hamstrings. It can also be performed holding dumbbells or other weights. The forward lunge places more emphasis on the quads than other lunge variations. It can be performed for time or reps in the lower-body portion of any workout.",strength,quadriceps,body only,intermediate,7.9,FYR bergantian lunge
Bodyweight Walking Lunge - Gethin Variation,"The walking lunge is a lower-body exercise that targets the glutes, quads, and hamstrings while challenging stability and balance. It can be performed for reps, time, or distance in the lower-body portion of any workout.",strength,quadriceps,body only,intermediate,7.9,berat badan Walking lunge - Gethin Variation
Seated Quad Contraction,,strength,quadriceps,body only,intermediate,7.9,duduk Quad Contraction
HM Squat with Alternating Leg Extension,,strength,quadriceps,body only,intermediate,7.9,HM squat with bergantian ekstensi kaki
HM Air Squat,,strength,quadriceps,body only,intermediate,7.9,HM Air squat
HM Alternating Jump Lunge,,strength,quadriceps,body only,intermediate,7.9,HM bergantian Jump lunge
HM Alternating Lunge-In-Place,,strength,quadriceps,body only,intermediate,7.9,HM bergantian lunge-In-Place
HM Alternating Side Lunge,,strength,quadriceps,body only,intermediate,7.9,HM bergantian samping lunge
HM Sumo Pulse,,strength,quadriceps,body only,intermediate,7.9,HM Sumo Pulse
HM Sumo Squat,,strength,quadriceps,body only,intermediate,7.9,HM Sumo squat
HM Alternating Side-Kick,,strength,quadriceps,body only,intermediate,7.9,HM bergantian samping-Kick
HM Tuck-Up Burpee,,strength,quadriceps,body only,intermediate,7.9,HM Tuck-Up burpee
HM Bear Crawl,,strength,quadriceps,body only,intermediate,7.9,HM Bear Crawl
HM Bear Stance Fire Hydrant,,strength,quadriceps,body only,intermediate,7.9,HM Bear Stance Fire Hydrant
HM Walking Frankenstein,,strength,quadriceps,body only,intermediate,7.9,HM Walking Frankenstein
HM Walking Hip Stretch,,stretching,quadriceps,body only,intermediate,7.9,HM Walking pinggul Stretch
HM Wide Jump Squat,,strength,quadriceps,body only,intermediate,7.9,HM Wide Jump squat
HM Boxer Shuffle,,strength,quadriceps,body only,intermediate,7.9,HM Boxer Shuffle
HM Running Lunge,,cardio,quadriceps,body only,intermediate,7.9,HM Running lunge
HM Bulgarian Split Squat On Chair,,strength,quadriceps,body only,intermediate,7.9,HM split squat Bulgaria On Chair
HM Burpee,,strength,quadriceps,body only,intermediate,7.9,HM burpee
HM Butterfly,,strength,quadriceps,body only,intermediate,7.9,HM Butterfly
HM Alternating Lunge Push-Up,,strength,quadriceps,body only,intermediate,7.9,HM bergantian lunge dorongan-up
HM Comet,,strength,quadriceps,body only,intermediate,7.9,HM Comet
HM Couch Stretch,,strength,quadriceps,body only,intermediate,7.9,HM Couch Stretch
HM Down Up,,strength,quadriceps,body only,intermediate,7.9,HM Down Up
HM Duck Walk,,strength,quadriceps,body only,intermediate,7.9,HM Duck Walk
HM Fragon,,strength,quadriceps,body only,intermediate,7.9,HM Fragon
HM Frankenstein,,strength,quadriceps,body only,intermediate,7.9,HM Frankenstein
HM Single-Leg Squat on Chair,,strength,quadriceps,body only,intermediate,7.9,HM Single-kaki squat on Chair
HM Single-Leg Touchdown,,strength,quadriceps,body only,intermediate,7.9,HM Single-kaki Touchdown
HM Speed Skater,,strength,quadriceps,body only,intermediate,7.9,HM Speed Skater
HM Squat Jump,,strength,quadriceps,body only,intermediate,7.9,HM squat Jump
HM Squat Lunge,,strength,quadriceps,body only,intermediate,7.9,HM squat lunge
HM Garland Pose,,strength,quadriceps,body only,intermediate,7.9,HM Garland Pose
HM High Knees,,strength,quadriceps,body only,intermediate,7.9,HM High Knees
HM In-And-Out Squat,,strength,quadriceps,body only,intermediate,7.9,HM In-And-Out squat
HM In-And-Out Squat Jump,,strength,quadriceps,body only,intermediate,7.9,HM In-And-Out squat Jump
HM Jumping Jack,,strength,quadriceps,body only,intermediate,7.9,HM lompat lompat jack
HM Jumping Knee-Up,,strength,quadriceps,body only,intermediate,7.9,HM Jumping Knee-Up
HM Jumping Rope,,strength,quadriceps,body only,intermediate,7.9,HM Jumping tali
HM Right Calf-Spike Sumo Pulse,,strength,quadriceps,body only,intermediate,7.9,HM Right betis-Spike Sumo Pulse
HM Reverse Lunge with Kick,,strength,quadriceps,body only,intermediate,7.9,HM Reverse lunge with Kick
HM Left Knee-Up,,strength,quadriceps,body only,intermediate,7.9,HM Left Knee-Up
HM Left-Leg Lunge And Kick-Out,,strength,quadriceps,body only,intermediate,7.9,HM Left-kaki lunge And Kick-Out
HM Mountain Pose,,strength,quadriceps,body only,intermediate,7.9,HM Mountain Pose
HM Butt Kickers,,strength,quadriceps,body only,intermediate,7.9,HM Butt Kickers
HM Right-Leg Lunge And Kick-Out,,strength,quadriceps,body only,intermediate,7.9,HM Right-kaki lunge And Kick-Out
HM Sumo Get-Up,,strength,quadriceps,body only,intermediate,7.9,HM Sumo Get-Up
AM Jump Squat,"The jump squat is an explosive bodyweight exercise targeting the quads, hamstrings, and glutes. It is also a serious cardiovascular challenge when done for reps. It can be performed as a power exercise to build jumping power, or in any fat-loss or athleticism-focused workout.",strength,quadriceps,body only,intermediate,7.9,AM Jump squat
AM Bodyweight Squat,"The bodyweight squat is a fundamental exercise that strengthens the quads, glutes, and hamstrings. It can be performed as part of a dynamic warm-up, for time or reps during a workout, or for hip and spine mobility any time.",strength,quadriceps,body only,intermediate,7.9,AM squat berat badan
High knees sprawl drill,"The high knees sprawl drill is a full-body, cardio and strength-focused exercise. It can be performed for reps or time in a fast-paced circuit or other workout.",strength,quadriceps,body only,intermediate,7.9,High knees sprawl drill
UP Bulgarian Split Squat,"The dumbbell Bulgaria split squat is a single-leg exercise targeting the quads, glutes, and hamstrings.",strength,quadriceps,body only,intermediate,7.9,UP split squat Bulgaria
UN Forward Lunge,,strength,quadriceps,body only,intermediate,7.9,UN Forward lunge
UN Front Foot Elevated Split Squat,,strength,quadriceps,body only,intermediate,7.9,UN depan Foot Elevated Split squat
UNS Half-Kneeling Hip Flexor Stretch,,strength,quadriceps,body only,intermediate,7.9,UNS Half-Kneeling pinggul Flexor Stretch
UNS Low Depth Jump,,strength,quadriceps,body only,intermediate,7.9,UNS Low Depth Jump
UNS Forward-To-Reverse Lunge,,strength,quadriceps,body only,intermediate,7.9,UNS Forward-To-Reverse lunge
Holman Towel Squat Thrust,,strength,quadriceps,body only,intermediate,7.9,Holman Towel squat Thrust
Holman Towel Alternating Prisoner Squat,,strength,quadriceps,body only,intermediate,7.9,Holman Towel bergantian Prisoner squat
Holman Towel Alternating Lateral Lunge,,strength,quadriceps,body only,intermediate,7.9,Holman Towel bergantian Lateral lunge
Holman Squat Pull-Through Jump,,strength,quadriceps,body only,intermediate,7.9,Holman squat tarikan-Through Jump
Holman 180 Jump,,strength,quadriceps,body only,intermediate,7.9,Holman 180 Jump
Holman Foot-Elevated Knee-Up to Squat,,strength,quadriceps,body only,intermediate,7.9,Holman Foot-Elevated Knee-Up to squat
Holman Feet-Elevated Squat Thrust,,strength,quadriceps,body only,intermediate,7.9,Holman Feet-Elevated squat Thrust
Holman Hands-Elevated Lunge Jump,,strength,quadriceps,body only,intermediate,7.9,Holman Hands-Elevated lunge Jump
Holman Hands-Elevated Jack to Split Jump,,strength,quadriceps,body only,intermediate,7.9,Holman Hands-Elevated lompat jack to Split Jump
Holman Hands-Elevated Wide Squat Thrust,,strength,quadriceps,body only,intermediate,7.9,Holman Hands-Elevated Wide squat Thrust
Holman Hands-Elevated Squat Thrust to Split Jack,,strength,quadriceps,body only,intermediate,7.9,Holman Hands-Elevated squat Thrust to Split lompat jack
Holman Squat Jump,,strength,quadriceps,body only,intermediate,7.9,Holman squat Jump
Holman Squat Pulse,,strength,quadriceps,body only,intermediate,7.9,Holman squat Pulse
Holman Jump-Out Push-Up,,strength,quadriceps,body only,intermediate,7.9,Holman Jump-Out dorongan-up
Holman Alternating Forward Lunge,,strength,quadriceps,body only,intermediate,7.9,Holman bergantian Forward lunge
Holman Burpee to Jump,,strength,quadriceps,body only,intermediate,7.9,Holman burpee to Jump
Holman Pilates Single-Leg Stretch,,strength,quadriceps,body only,intermediate,7.9,Holman Pilates Single-kaki Stretch
Holman Alternating Reverse Prisoner Lunge,,strength,quadriceps,body only,intermediate,7.9,Holman bergantian Reverse Prisoner lunge
Holman Narrow-Wide Squat Jump to 180 Jump,,strength,quadriceps,body only,intermediate,7.9,Holman Narrow-Wide squat Jump to 180 Jump
Holman 180 Jump to Lunge,,strength,quadriceps,body only,intermediate,7.9,Holman 180 Jump to lunge
Holman Imaginary Jump Rope,,strength,quadriceps,body only,intermediate,7.9,Holman Imaginary Jump tali
Holman Fast Feet with Hands Up,,strength,quadriceps,body only,intermediate,7.9,Holman Fast Feet with Hands Up
Holman Hands-Elevated Alternating Lunge Jump,,strength,quadriceps,body only,intermediate,7.9,Holman Hands-Elevated bergantian lunge Jump
Holman Right Split Lunge,,strength,quadriceps,body only,intermediate,7.9,Holman Right Split lunge
Holman Left Split Lunge,,strength,quadriceps,body only,intermediate,7.9,Holman Left Split lunge
Holman Plyometric Jump,,strength,quadriceps,body only,intermediate,7.9,Holman Plyometric Jump
Holman Quad Touch Jump,,strength,quadriceps,body only,intermediate,7.9,Holman Quad Touch Jump
Holman Skate,,strength,quadriceps,body only,intermediate,7.9,Holman Skate
Holman Lunge Jump,,strength,quadriceps,body only,intermediate,7.9,Holman lunge Jump
Holman Flying Squat Thrust,,strength,quadriceps,body only,intermediate,7.9,Holman Flying squat Thrust
Holman 90-Degree Jump,,strength,quadriceps,body only,intermediate,7.9,Holman 90-Degree Jump
Holman Half Jack to 180 Jump,,strength,quadriceps,body only,intermediate,7.9,Holman Half lompat jack to 180 Jump
Holman Quick Feet to Quad Touch Jump,,strength,quadriceps,body only,intermediate,7.9,Holman Quick Feet to Quad Touch Jump
Holman Squat Thrust to Push-Up to Super Woman,,strength,quadriceps,body only,intermediate,7.9,Holman squat Thrust to dorongan-up to Super Woman
Holman Plyometric Jump to 180 Jump,,strength,quadriceps,body only,intermediate,7.9,Holman Plyometric Jump to 180 Jump
Holman Standing Heel Click to Hands Down Heel Click,,strength,quadriceps,body only,intermediate,7.9,Holman berdiri Heel Click to Hands Down Heel Click
Holman Burpee to 180 Jump,,strength,quadriceps,body only,intermediate,7.9,Holman burpee to 180 Jump
Holman Traveling Low Jack to Belly Touch,,strength,quadriceps,body only,intermediate,7.9,Holman Traveling Low lompat jack to Belly Touch
Holman Flying Squat Thrust to Shoulder Tap,,strength,quadriceps,body only,intermediate,7.9,Holman Flying squat Thrust to bahu Tap
Holman Squat Jump to Alternating Side Lunge Jump,,strength,quadriceps,body only,intermediate,7.9,Holman squat Jump to bergantian samping lunge Jump
Holman Low Squat with Low Diagonal Dumbbell Punch,,strength,quadriceps,body only,intermediate,7.9,Holman Low squat with Low Diagonal dumbbell Punch
Holman Right Leg Hop to Right Reverse Lunge,,strength,quadriceps,body only,intermediate,7.9,Holman Right kaki Hop to Right Reverse lunge
Holman Left Leg Hop to Left Reverse Lunge,,strength,quadriceps,body only,intermediate,7.9,Holman Left kaki Hop to Left Reverse lunge
Holman Burpee to Open Stance,,strength,quadriceps,body only,intermediate,7.9,Holman burpee to Open Stance
Holman Diagonal Squat Thrust to Renegade Forward Punch,,strength,quadriceps,body only,intermediate,7.9,Holman Diagonal squat Thrust to Renegade Forward Punch
Holman Bear Crawl,,strength,quadriceps,body only,intermediate,7.9,Holman Bear Crawl
Holman Bear Crawl to Donkey Kick,,strength,quadriceps,body only,intermediate,7.9,Holman Bear Crawl to Donkey Kick
Holman Bear Crawl to Froggy Push-Up,,strength,quadriceps,body only,intermediate,7.9,Holman Bear Crawl to Froggy dorongan-up
Holman Bear Crawl to Shoulder Tap,,strength,quadriceps,body only,intermediate,7.9,Holman Bear Crawl to bahu Tap
Holman Burpee to Tuck Jump,,strength,quadriceps,body only,intermediate,7.9,Holman burpee to Tuck Jump
Holman Burpee to Flying Squat Thrust to Tuck Jump,,strength,quadriceps,body only,intermediate,7.9,Holman burpee to Flying squat Thrust to Tuck Jump
Holman Forward Lunge to Reverse Lunge,,strength,quadriceps,body only,intermediate,7.9,Holman Forward lunge to Reverse lunge
Holman Renegade Lunge Jump,,strength,quadriceps,body only,intermediate,7.9,Holman Renegade lunge Jump
Holman Squat Jump to Lunge Jump,,strength,quadriceps,body only,intermediate,7.9,Holman squat Jump to lunge Jump
Holman Prisoner Reverse Lunge,,strength,quadriceps,body only,intermediate,7.9,Holman Prisoner Reverse lunge
Holman Wide-to-Narrow Squat Jump,,strength,quadriceps,body only,intermediate,7.9,Holman Wide-to-Narrow squat Jump
Holman Donkey Run,,strength,quadriceps,body only,intermediate,7.9,Holman Donkey Run
Holman Weighted Wide-to-Narrow Squat Jump,,strength,quadriceps,body only,intermediate,7.9,Holman berbeban Wide-to-Narrow squat Jump
Holman Wide-to-Narrow Donkey Kick,,strength,quadriceps,body only,intermediate,7.9,Holman Wide-to-Narrow Donkey Kick
Holman Mule Kick,,strength,quadriceps,body only,intermediate,7.9,Holman Mule Kick
Holman Goal Post to Squat,,strength,quadriceps,body only,intermediate,7.9,Holman Goal Post to squat
Holman Frogger Squat to Heel Click,,strength,quadriceps,body only,intermediate,7.9,Holman Frogger squat to Heel Click
Holman Stair Sprint,,strength,quadriceps,body only,intermediate,7.9,Holman Stair Sprint
Holman Stair Bear Crawl,,strength,quadriceps,body only,intermediate,7.9,Holman Stair Bear Crawl
Holman Burpee to Flying Squat Thrust,,strength,quadriceps,body only,intermediate,7.9,Holman burpee to Flying squat Thrust
Holman Flying Squat Thrust to Push-Up,,strength,quadriceps,body only,intermediate,7.9,Holman Flying squat Thrust to dorongan-up
Holman Foot-Elevated Step-To-Lunge,,strength,quadriceps,body only,intermediate,7.9,Holman Foot-Elevated Step-To-lunge
Holman Split Lunge,,strength,quadriceps,body only,intermediate,7.9,Holman Split lunge
Holman Stair Climb,,strength,quadriceps,body only,intermediate,7.9,Holman Stair Climb
Holman Burpee to Flying Jack,,strength,quadriceps,body only,intermediate,7.9,Holman burpee to Flying lompat jack
Holman Right Reverse Lunge,,strength,quadriceps,body only,intermediate,7.9,Holman Right Reverse lunge
Holman Left Reverse Lunge,,strength,quadriceps,body only,intermediate,7.9,Holman Left Reverse lunge
Holman Squat Tap to Hop,,strength,quadriceps,body only,intermediate,7.9,Holman squat Tap to Hop
Holman Squat Tap to Jump-Forward-Jump-Back,,strength,quadriceps,body only,intermediate,7.9,Holman squat Tap to Jump-Forward-Jump-punggung
Holman Squat Hip Drive,,strength,quadriceps,body only,intermediate,7.9,Holman squat pinggul Drive
Holman Alternating Double Lunge Hop,,strength,quadriceps,body only,intermediate,7.9,Holman bergantian Double lunge Hop
Holman Right Reverse Lunge to Front Kick,,strength,quadriceps,body only,intermediate,7.9,Holman Right Reverse lunge to depan Kick
Holman Right Leg Forward Lunge Hop,,strength,quadriceps,body only,intermediate,7.9,Holman Right kaki Forward lunge Hop
Holman Right Squat Thrust,,strength,quadriceps,body only,intermediate,7.9,Holman Right squat Thrust
Holman Left Reverse Lunge to Front Kick,,strength,quadriceps,body only,intermediate,7.9,Holman Left Reverse lunge to depan Kick
Holman Left Leg Forward Lunge Hop,,strength,quadriceps,body only,intermediate,7.9,Holman Left kaki Forward lunge Hop
Holman Left Side Diagonal Burpee,,strength,quadriceps,body only,intermediate,7.9,Holman Left samping Diagonal burpee
Holman Left Squat Thrust,,strength,quadriceps,body only,intermediate,7.9,Holman Left squat Thrust
Holman Wide Squat Thrust,,strength,quadriceps,body only,intermediate,7.9,Holman Wide squat Thrust
Holman Alternating Single-Leg Hop to Squat to 180 Jump,,strength,quadriceps,body only,intermediate,7.9,Holman bergantian Single-kaki Hop to squat to 180 Jump
Holman Right Lunge Hop to Chest Press,,strength,quadriceps,body only,intermediate,7.9,Holman Right lunge Hop to dada dorongan
Holman Left Lunge Hop to Overhead Press,,strength,quadriceps,body only,intermediate,7.9,Holman Left lunge Hop to Overhead dorongan
Holman 180 Jump Hop Forward Hop Back,,strength,quadriceps,body only,intermediate,7.9,Holman 180 Jump Hop Forward Hop punggung
Holman Right Split Squat,,strength,quadriceps,body only,intermediate,7.9,Holman Right Split squat
Holman Left Split Squat,,strength,quadriceps,body only,intermediate,7.9,Holman Left Split squat
Holman Double Squat Pulse to 180 Jump,,strength,quadriceps,body only,intermediate,7.9,Holman Double squat Pulse to 180 Jump
Holman Towel Left Side Squat,,strength,quadriceps,body only,intermediate,7.9,Holman Towel Left samping squat
Holman Alternating Lunge Jump,,strength,quadriceps,body only,intermediate,7.9,Holman bergantian lunge Jump
Holman Lunge Jump to Squat Jump,,strength,quadriceps,body only,intermediate,7.9,Holman lunge Jump to squat Jump
Holman Burpee with Belly Touch,,strength,quadriceps,body only,intermediate,7.9,Holman burpee with Belly Touch
Bootstrapper squat,"The bootstrapper squat is a movement that improves mobility, muscular strength, and flexibility in the hips and hamstrings. It is usually performed as part of a dynamic warm-up for the lower body to mobilize the hips and improve squat form.",strength,quadriceps,body only,intermediate,7.9,Bootstrapper squat
Total Fitness Broad Jump,"The broad jump is an explosive lower-body exercise. It is a common way to measure explosive hip and lower-body strength in athletes. The more explosive you are, the farther you'll be able to jump.",strength,quadriceps,body only,intermediate,7.9,Total Fitness Broad Jump
Total Fitness Lateral Lunge,"The lateral lunge is a lower-body bodyweight movement that works the quads, glutes, and hamstrings. It can also be performed holding dumbbells or other weights. It is often performed for reps as part of a dynamic warm-up or mobility routine but can also work in a circuit or other workouts.",strength,quadriceps,body only,intermediate,7.9,Total Fitness Lateral lunge
Lateral shuffle,"The lateral shuffle is a common exercise in sports training and gym classes. It involves taking steps to one side and then steps to the other side. It can be performed as part of a circuit for athletes of any level, but is also a great movement for beginners.",strength,quadriceps,body only,intermediate,7.9,Lateral shuffle
Total Fitness Skip,"The skip is an exercise that builds power and explosiveness in the legs. It's commonly performed by children and in gym classes, but is also great for working the legs and hip flexors, making it a favorite warm-up for athletes who need to explode vertically.",strength,quadriceps,body only,intermediate,7.9,Total Fitness Skip
Total Fitness Spider Lunge,"The spider lunge stretch is a lower-body stretch targeting the hips, groin, and quads. It can be part of a dynamic warm-up or mobility work performed anytime.",strength,quadriceps,body only,intermediate,7.9,Total Fitness Spider lunge
Spider lunge stretch,"The spider lunge stretch is a lower-body stretch targeting the hips, groin, and quads. It can be part of a dynamic warm-up or mobility work performed anytime.",strength,quadriceps,body only,intermediate,7.9,Spider lunge stretch
Spider lunge with T-rotation,"The spider lunge with T-rotation is an exercise that produces a deep stretch in the glutes and hamstrings while also rotating and mobilizing the thoracic spine region. It is a great movement to include in a dynamic warm-up, or as mobility work anytime.",strength,quadriceps,body only,intermediate,7.9,Spider lunge with T-rotation
Standing quad stretch,"The standing quad stretch is a simple exercise designed to stretch the quadriceps, the big muscles that cover most of the thighs. This is a static stretch, meaning it’s usually performed by holding the stretched position for a certain length of time.",strength,quadriceps,body only,intermediate,7.9,berdiri quad stretch
Vertical jump,"The vertical jump is an explosive lower-body exercise that is a common way to measure explosive hip and lower-body strength in athletes. The more explosive you are, the higher you'll be able to jump.",strength,quadriceps,body only,intermediate,7.9,Vertical jump
King Maker Burpee,"The burpee is a high-intensity exercise that recruits the entire body to build strength and aerobic capacity. It is common in CrossFit workouts and group fitness classes, but can also be performed for time or reps in any fat-loss or athleticism-focused circuit or workout.",strength,quadriceps,body only,intermediate,7.9,King Maker burpee
King Maker Explosive High Jump,"The tuck jump is a vertical jump, an explosive lower-body exercise that is a common way to measure explosive hip and lower-body strength in athletes. The more explosive you are, the higher you'll be able to jump.",strength,quadriceps,body only,intermediate,7.9,King Maker eksplosif High Jump
Muscle Beach Skip,,strength,quadriceps,body only,intermediate,7.9,Muscle Beach Skip
Muscle Beach Broad Jump,,strength,quadriceps,body only,intermediate,7.9,Muscle Beach Broad Jump
Muscle Beach Sprint,,strength,quadriceps,body only,intermediate,7.9,Muscle Beach Sprint
Muscle Beach Front Kick,,strength,quadriceps,body only,intermediate,7.9,Muscle Beach depan Kick
Muscle Beach Side Kick,,strength,quadriceps,body only,intermediate,7.9,Muscle Beach samping Kick
Muscle Beach Spin Kick,,strength,quadriceps,body only,intermediate,7.9,Muscle Beach Spin Kick
Muscle Beach Freestyle Kick,,strength,quadriceps,body only,intermediate,7.9,Muscle Beach Freestyle Kick
MetaBurn Alternating Curtsy Lunge To Squat,,strength,quadriceps,body only,intermediate,7.9,MetaBurn bergantian Curtsy lunge To squat
MetaBurn Alternating Curtsy Lunge With High Knee,,strength,quadriceps,body only,intermediate,7.9,MetaBurn bergantian Curtsy lunge With High Knee
MetaBurn Alternating Diagonal Sprawl,,strength,quadriceps,body only,intermediate,7.9,MetaBurn bergantian Diagonal Sprawl
MetaBurn Alternating Lateral Sprawl,,strength,quadriceps,body only,intermediate,7.9,MetaBurn bergantian Lateral Sprawl
MetaBurn Curtsy Lunge,,strength,quadriceps,body only,intermediate,7.9,MetaBurn Curtsy lunge
MetaBurn Frogger,,strength,quadriceps,body only,intermediate,7.9,MetaBurn Frogger
MetaBurn High Knee Rotation,,strength,quadriceps,body only,intermediate,7.9,MetaBurn High Knee Rotation
MetaBurn Side-To-Side Lunge,,strength,quadriceps,body only,intermediate,7.9,MetaBurn samping-To-samping lunge
MetaBurn Star Jump,,strength,quadriceps,body only,intermediate,7.9,MetaBurn Star Jump
MetaBurn Tuck Jump With Knee Slap,,strength,quadriceps,body only,intermediate,7.9,MetaBurn Tuck Jump With Knee Slap
MetaBurn Lateral Bounding Hop,,strength,quadriceps,body only,intermediate,7.9,MetaBurn Lateral Bounding Hop
MetaBurn Double Lunge,,strength,quadriceps,body only,intermediate,7.9,MetaBurn Double lunge
Robertson Sprinter Step-Up,,strength,quadriceps,body only,intermediate,7.9,Robertson Sprinter Step-Up
FYR2 Front Kick-Through,,strength,quadriceps,body only,intermediate,7.9,FYR2 depan Kick-Through
Lunge high-knee clap,"The lunge high-knee clap is a full-body, cardio-based exercise with emphasis on the lower body. It includes a clap under the front leg to make the movement more powerful and strict. It can be performed either for time or reps and is a great inclusion in a fat-loss or athleticism-focused circuit workout.",strength,quadriceps,body only,intermediate,7.9,lunge high-knee clap
FYR2 Plyo Split Squat,,strength,quadriceps,body only,intermediate,7.9,FYR2 Plyo Split squat
FYR2 Reverse Burpee,,strength,quadriceps,body only,intermediate,7.9,FYR2 Reverse burpee
FYR2 Reverse Burpee to Regular Burpee,,strength,quadriceps,body only,intermediate,7.9,FYR2 Reverse burpee to Regular burpee
FYR2 Reverse Burpee Tuck Jump,,strength,quadriceps,body only,intermediate,7.9,FYR2 Reverse burpee Tuck Jump
FYR2 Sprawlee,,strength,quadriceps,body only,intermediate,7.9,FYR2 Sprawlee
FYR2 Squat Hold,,strength,quadriceps,body only,intermediate,7.9,FYR2 squat tahan
FYR2 Squat Jump,,strength,quadriceps,body only,intermediate,7.9,FYR2 squat Jump
FYR2 Squat Pulse,,strength,quadriceps,body only,intermediate,7.9,FYR2 squat Pulse
Sprinter burpee,The sprinter burpee is an explosive version of the burpee exercise that adds a sprinter jump to the top of each rep. It can be performed for time or reps in any fat-loss or athleticism-focused circuit or workout.,strength,quadriceps,body only,intermediate,7.9,Sprinter burpee
Shuttle run training,"Shuttle run training is an athletic conditioning drill that’s great for developing speed and power, as well as changing direction. It’s a favorite of football and basketball players, but it can also be great conditioning work for lifters and athletes of all ability levels.",strength,quadriceps,body only,intermediate,7.9,Shuttle run training
Medicine ball ninja,"The medicine ball ninja is a dynamic medicine ball movement that challenges both the upper and lower body, while also elevating the heart rate. It's a great movement to include in medicine ball or bodyweight circuit training to increase fatigue and burn serious calories while hammering the muscles of the legs.",plyometrics,quadriceps,medicine ball,intermediate,0.0,Medicine ball ninja
FYR Air Ball Plus Medicine Ball Jumping Sprawl,"The medicine ball air ball to jumping sprawl is a series of bodyweight and medicine ball movement strung together into a single sequence. They collectively target virtually every muscle in the body, as well as seriously challenging the cardiovascular system. It can be a single-movement workout if done for high reps, or part of a larger circuit workout.",strength,quadriceps,medicine ball,intermediate,7.9,FYR Air Ball Plus Medicine Ball Jumping Sprawl
Medicine ball cowboy squat,"The medicine ball cowboy squat is an explosive exercise targeting the lower body, although several upper-body muscles play important supporting roles. The move involves performing jumping squats while holding a medicine ball overhead. It's commonly performed as part of a bodyweight and medicine ball circuit focused on fat loss or athleticism.",strength,quadriceps,medicine ball,intermediate,7.9,Medicine ball cowboy squat
Medicine ball jumping jill,"The medicine ball jumping jill is an explosive medicine ball exercise that is similar to a jumping jack but performed holding a medicine ball between the hands. It can be performed for time or reps in a dynamic warm-up or fat-loss or conditioning circuit, usually paired with other bodyweight or medicine ball movements.",strength,quadriceps,medicine ball,intermediate,7.9,Medicine ball jumping jill
Alternate Leg Diagonal Bound,,plyometrics,quadriceps,body only,beginner,6.9,bergantian kaki Diagonal Bound
Sit Squats,,stretching,quadriceps,body only,beginner,6.1,Sit squat
Frog Hops,,stretching,quadriceps,body only,beginner,3.9,Frog Hops
Dumbbell lateral hop to sprint,"The dumbbell lateral hop to sprint is a multi-part explosive exercise combining weighted hops with weighted sprinting. Adding dumbbells adds a challenge to the core and shoulders. Because balance can be a challenge, it is usually performed with relatively light weights, often as a component of fat-loss or athletic training.",plyometrics,quadriceps,body only,intermediate,0.0,dumbbell lateral hop to sprint
Smith machine lunge sprint,"The Smith machine lunge sprint is a lower-body power exercise performed with the bar of a Smith machine on the back. It is similar to an alternating jump lunge or ""scissor lunge,"" but with added weight. The contained bar of the Smith machine makes it safer and less of a balance challenge than using a free weight.",strength,quadriceps,body only,intermediate,0.0,Smith mesin lunge sprint
Sissy squat,"The sissy squat is a bodyweight squat variation that involves letting the knees travel far over the toes, placing an extreme stretch on the quads. This movement targets the quad muscles directly and can be performed in partial or full ranges of motion based on knee health and pain.",strength,quadriceps,body only,intermediate,7.9,Sissy squat
Wall ball toss,"The wall ball toss is an explosive full-body exercise utilizing a medicine ball. It involves squatting down, then explosively pressing a weighted ball into the air and catching it on a bounce off of a vertical surface. It is common in CrossFit workouts and can be performed for time or reps.",plyometrics,quadriceps,exercise ball,intermediate,8.0,Wall ball toss
Bosu Ball Squat,,strength,quadriceps,exercise ball,beginner,0.0,Bosu Ball squat
Exercise ball Bulgarian split squat,"The exercise ball Bulgarian split squat is an exercise that builds the quads, hamstrings, and glutes one leg at a time. The exercise ball is used to support the trailing shin and foot. Due to the balance challenge, this version of the split squat is usually performed for moderate to high reps with body weight only or light weights in the hands. If balance is a problem, you can stick the ball in the corner of a room while performing the exercise.",strength,quadriceps,exercise ball,intermediate,7.9,Exercise ball split squat Bulgaria
Internal Rotation with Band,,strength,shoulders,bands,beginner,8.3,Internal Rotation with band
Band Pull Apart,"The band pull-apart is an exercise targeting the upper back muscles, including the trapezius, rear delts, and rhomboids. The band creates dynamic tension, allowing you to really focus on contracting these muscles, making it a great activation drill prior to upper-body lifting.",strength,shoulders,bands,intermediate,8.2,band tarikan Apart
Back Flyes - With Bands,,strength,shoulders,bands,beginner,8.1,punggung fly - With Bands
Lateral Raise - With Bands,,strength,shoulders,bands,beginner,7.9,Lateral angkat - With Bands
Shoulder Press - With Bands,,strength,shoulders,bands,beginner,7.6,bahu dorongan - With Bands
External Rotation with Band,,strength,shoulders,bands,beginner,0.0,External Rotation with band
FYR Band Pull-Apart,,strength,shoulders,bands,intermediate,7.9,FYR band tarikan-Apart
HM Lateral Raise,,strength,shoulders,bands,intermediate,7.9,HM Lateral angkat
Rusin Banded Over-And-Back,,strength,shoulders,bands,intermediate,7.9,Rusin dengan band Over-And-punggung
Rusin Banded Face Pull,,strength,shoulders,bands,intermediate,7.9,Rusin dengan band tarikan wajah
UP Band Pull-Apart,,strength,shoulders,bands,intermediate,7.9,UP band tarikan-Apart
Jordan Shallow Band-Resisted Thread the Needle,,strength,shoulders,bands,intermediate,7.9,Jordan Shallow band-Resisted Thread the Needle
30 Shoulders Seated Banded Barbell Shoulder Press,,strength,shoulders,bands,intermediate,7.9,30 Shoulders duduk dengan band barbell bahu dorongan
Band shoulder press,"The band shoulder press is a deltoid exercise and an alternative to the classic dumbbell shoulder press. The dynamic tension of the band forces the core to stabilize the body and more closely matches the strength curve of the shoulder press. It can be performed in low reps, such as 5-8 reps per set, to build shoulder strength, or for higher reps to build muscle and for conditioning. It can work as the main focus of a shoulder day but is also popular as an accessory movement to the bench press or barbell military press.",strength,shoulders,bands,intermediate,7.9,band bahu dorongan
Band lateral raise,"The band lateral raise is a shoulder exercise that targets the medial or middle head of the deltoid muscle. It's a variation of the dumbbell lateral raise, a staple strength-training move. The band lateral raise is a great option for warm-up or accessory work on upper-body training days. The dynamic tension of the band provides constant tension and matches the strength curve of the movement. It is usually performed for moderate to high reps, at least 8-12 reps, as part of the upper-body or shoulder-focused portion of a workout.",strength,shoulders,bands,intermediate,7.9,band lateral angkat
Band upright row,"The band upright row is a popular movement for building stronger and bigger traps and shoulders and similar to the dumbbell upright row. Many lifters combine this move with either their back or shoulder workout, since it involves both body parts. Using the band provides dynamic resistance and is easier on the shoulder than using a barbell. It is generally performed for moderate to high reps, such as 8-12 reps per set or more.",strength,shoulders,bands,intermediate,7.9,band tarikan tegak
Staggered-stance band shoulder press,"The staggered-stance band shoulder press is a deltoid exercise and a variation of the band shoulder press. The dynamic tension of the band forces the core to stabilize the body, and the staggered-stance provides more stability and relieves tension on the back. It can be performed in low reps, such as 5-8 reps per set, to build shoulder strength, or for higher reps to build muscle and for conditioning. It can work as the main focus of a shoulder day but is also popular as an accessory movement to the bench press or barbell military press.",strength,shoulders,bands,intermediate,7.9,Staggered-stance band bahu dorongan
Single-arm banded landmine press,"The single-arm banded landmine press is an upper-body exercise that uses an angled barbell anchored at floor level in a landmine device. It can also be performed by sticking a barbell in the corner of a room, preferably in a towel to protect the walls. The band adds constant tension and dynamic resistance to the exercise. The movement focuses primarily on the muscles of the shoulders or deltoids and can be trained in traditional muscle and strength-focused rep ranges or for higher reps.",strength,shoulders,bands,intermediate,7.9,satu lengan dengan band landmine dorongan
Band front raise rear fly row combo,"The band front raise rear fly row combo is a combination of three different shoulder exercises to build and strengthen the anterior, middle deltoids, and posterior portions of the shoulders. It requires a continuous loop band to provide constant, dynamic tension throughout the movement. In addition to the front and rear delts, this exercise works the arms, chest, back, and core, making it a great time-efficient shoulder burnout or accessory movement on an upper-body day.",strength,shoulders,bands,intermediate,7.9,band depan angkat rear fly tarikan combo
Jordan Shallow Foam Roller Thoracic Extension,,strength,shoulders,foam roll,intermediate,7.9,Jordan Shallow Foam Roller Thoracic ekstensi
Jordan Shallow Thread the Needle (with Foam Roller),,strength,shoulders,foam roll,intermediate,7.9,Jordan Shallow Thread the Needle (with Foam Roller)
Clean and press,"The clean and press is a full-body lift comprised of two movements: the clean, where the bar is pulled from the floor and caught in the front rack position in three pulls or phases, followed by the overhead press. Decades ago, it was contested in the Olympics. Today, it remains a worthy centerpiece of a power and strength training program, and has full-body benefits when done for low reps as well as moderate to high reps.",strength,shoulders,barbell,intermediate,9.4,Clean and dorongan
Clean and jerk,"The clean and jerk is a full-body lift that is one of two contested lifts in Olympic weightlifting competitions. It is comprised of two movements: the clean, where the bar is pulled from the floor and caught in the front rack position in three pulls or phases, followed by the jerk overhead. The clean and jerk hits every muscle from head to toe and can be the centerpiece of a lifting program. It is also popular in CrossFit and athletic training programs. It is usually performed in low rep ranges, focusing on power and movement quality.",olympic weightlifting,shoulders,barbell,intermediate,9.3,Clean and jerk
Military press,"The military press is a compound movement used to build size and strength in the shoulders. It was once contested as a fourth powerlift, but is rarely competed anymore. However, being able to press a significant weight overhead remains a popular marker of upper-body strength. The military press can be trained as a strength lift or in traditional muscle-building rep ranges as part of full-body, shoulder-focused, or upper-body training.",strength,shoulders,barbell,intermediate,9.3,Military dorongan
Seated barbell shoulder press,"The seated barbell shoulder press is a classic exercise for building muscle and strength in the shoulders. The triceps also play a significant role in pressing the barbell overhead. Performing the movement seated reduces help from the lower body and decreases the risk of overextending the lumbar spine during the movement. This press variation can be the primary pressing movement on an upper-body or shoulder day, or an effective accessory movement later in a workout.",strength,shoulders,barbell,intermediate,9.2,duduk barbell bahu dorongan
Snatch-Grip Behind-The-Neck Overhead Press,,strength,shoulders,barbell,beginner,9.0,Snatch-Grip Behind-The-Neck Overhead dorongan
Standing Bradford press,"The standing Bradford press is an obscure yet effective shoulder exercise that alternates front presses with behind-the-neck presses. It can be used as a warm-up for other press variations on a shoulder day, or as a muscle-building movement on its own in a shoulder or upper-body focused workout. It is usually performed for relatively high reps, such as 8-15 reps per set or higher, or just to the point of fatigue.",strength,shoulders,barbell,intermediate,8.7,berdiri Bradford dorongan
Barbell Shoulder Press,"The seated barbell shoulder pressis a classic exercise for building muscle and strengthening the shoulders, particularly but not exclusively the front heads. The triceps also play a significant roles in pressing the barbell overhead.",strength,shoulders,barbell,intermediate,8.7,barbell bahu dorongan
Barbell rear delt bent-over row,"The barbell rear delt bent-over row is a movement used to target the shoulders as well as the upper-back muscles. It is performed with lighter weights than a traditional barbell bent-over row, and is usually performed for higher reps, such as 8-15 reps per set, as part of a back or upper-body workout.",strength,shoulders,barbell,intermediate,8.5,barbell rear delt membungkuk tarikan
Barbell upright row,The barbell upright row is a barbell exercise that builds stronger and bigger traps. Many lifters combine this move with either their back or shoulder workout since it involves both body parts.,strength,shoulders,barbell,intermediate,8.3,barbell tarikan tegak
Bradford/Rocky Presses,,strength,shoulders,barbell,beginner,8.2,Bradford/Rocky Presses
Lying rear delt fly,"The lying rear delt fly is an upper-body exercise that targets the rear deltoid of the shoulder. By performing the movement lying face down on a bench, it eliminates momentum from the rest of the body. This movement is usually performed for moderate to high reps, such as 8-12 reps per set or more, as part of the upper-body or shoulder-focused portion of a workout.",strength,shoulders,barbell,intermediate,8.2,berbaring rear delt fly
Machine Shoulder (Military) Press,The machine shoulder press is an upper body exercise targeting the deltoids.,strength,shoulders,barbell,intermediate,8.0,mesin bahu (Military) dorongan
Standing Barbell Press Behind Neck,"The standing behind-the-head press is a classic shoulder exercise that was used widely during bodybuilding's professed Golden Era. In addition to the deltoids, it also works the trapezius and triceps muscles. It may not be a good choice for some people's shoulders, depending on their injury history. It can be trained in strength-focused rep ranges, but is more commonly trained in moderate to high reps, such as 8-15 reps per set.",strength,shoulders,barbell,intermediate,7.9,berdiri barbell dorongan Behind Neck
Barbell front raise,"The barbell front raise is an upper-body isolation exercise that targets the shoulders. It is usually performed for moderate to high reps, such as 8-12 reps or higher, as part of the shoulder-focused part of any workout.",strength,shoulders,barbell,intermediate,7.4,barbell depan angkat
Overhead bar front raise,"The overhead bar front raise is an exercise targeting the muscles of the traps (trapezius), especially the upper traps, as well as the front or anterior shoulders. It can also be performed with a weight plate or dumbbell, providing a neutral grip that may be more shoulder-friendly for some lifters. Overhead raises are most common for high reps (at least 8-12 reps per set or higher) on a shoulder, trap, or other upper-body-focused muscle-building day.",strength,shoulders,barbell,intermediate,7.2,Overhead bar depan angkat
Incline barbell shoulder protraction,"The incline barbell shoulder protraction is an upper-body movement that targets strength and mobility in the scapula or shoulder blades. This can help increase pressing strength and prevent injury. It also helps develop the serratus anterior, an often-neglected muscle around the ribcage that can aid in shoulder health and upper-body muscle definition. Because it targets such small muscles, this exercise is usually performed with light weight for high reps, such as 8-12 reps per set or more.",strength,shoulders,barbell,intermediate,6.5,miring barbell bahu protraction
Behind-the-head push-press,The behind-the-head push-press is an overhead press variation in which the barbell starts in the back rack position and is pushed overhead with assistance from the lower body. It is most often seen in training for Olympic weightlifting. It can be part of a barbell complex or performed for low reps focusing on power and movement quality.,olympic weightlifting,shoulders,barbell,intermediate,6.5,Behind-the-head dorongan-dorongan
Rack Delivery,,olympic weightlifting,shoulders,barbell,beginner,0.0,Rack Delivery
Smith Incline Shoulder Raise,,strength,shoulders,barbell,beginner,0.0,Smith miring bahu angkat
Tall Muscle Snatch,,olympic weightlifting,shoulders,barbell,beginner,0.0,Tall Muscle Snatch
Axle Clean And Press,,strongman,shoulders,barbell,beginner,0.0,Axle Clean And dorongan
Jerk Balance,,olympic weightlifting,shoulders,barbell,beginner,0.0,Jerk Balance
Seated EZ-bar shrug,"The seated EZ-bar shrug is an exercise targeting the trapezius muscle, that V-shaped muscle that forms a triangle where the shoulders meet the neck. It is usually performed for moderate to high reps during an upper-body or shoulders and traps-focused workout.",strength,shoulders,barbell,intermediate,7.9,duduk EZ-bar shrug
Paul Carter Barbell Seated Military Press,"The seated barbell shoulder pressis a classic exercise for building muscle and strengthening the shoulders, particularly but not exclusively the front heads. The triceps also play a significant roles in pressing the barbell overhead.",strength,shoulders,barbell,intermediate,7.9,Paul Carter barbell duduk Military dorongan
TBS Barbell Military Press,"The military press is a compound movement used to build size and strength in the shoulders. It was once contested as a fourth powerlift, but is rarely competed anymore. However, being able to press a significant weight overhead remains a popular marker of upper-body strength. The military press can be trained as a strength lift or in traditional muscle-building rep ranges as part of full-body, shoulder-focused, or upper-body training.",strength,shoulders,barbell,intermediate,7.9,TBS barbell Military dorongan
Incline Front Barbell Raise - Gethin Variation,"The incline face-down bar front raise is an upper-body exercise targeting the shoulders. Because it is performed face down on an angled bench, it has a greater range of motion than standing or upright-seated raises and hits the shoulders from a different angle. Raise variations are usually performed for moderate to high reps, such as 8-12 reps per set or more, as part of upper-body or shoulder-focused training.",strength,shoulders,barbell,intermediate,7.9,miring depan barbell angkat - Gethin Variation
Barbell Front Raise - Gethin Variation,"The barbell front raise is an upper-body isolation exercise that targets the shoulders. It is usually performed for moderate to high reps, such as 8-12 reps or higher, as part of the shoulder-focused part of any workout.",strength,shoulders,barbell,intermediate,7.9,barbell depan angkat - Gethin Variation
Single-arm barbell lateral raise,"The single-arm barbell lateral raise is an isolation exercise targeting the shoulders. It is more challenging than using a dumbbell and has an instability component that may make the deltoid muscles work harder. It is generally performed one side at a time for moderate to high reps, such as 8-15 reps per set, as part of a shoulder-focused workout.",strength,shoulders,barbell,intermediate,7.9,satu lengan barbell lateral angkat
AM Upright Row,The barbell upright row is a barbell exercise that builds stronger and bigger traps. Many lifters combine this move with either their back or shoulder workout since it involves both body parts.,strength,shoulders,barbell,intermediate,7.9,AM tarikan tegak
AM Barbell Shoulder Press,"The standing barbell shoulder press is a compound movement used to build size and strength in the shoulders. The shoulder press can be trained as a strength lift or in traditional muscle-building rep ranges as part of full-body, shoulder-focused, or upper-body training.",strength,shoulders,barbell,intermediate,7.9,AM barbell bahu dorongan
Standing barbell shoulder press,"The standing barbell shoulder press is a compound movement used to build size and strength in the shoulders. The shoulder press can be trained as a strength lift or in traditional muscle-building rep ranges as part of full-body, shoulder-focused, or upper-body training.",strength,shoulders,barbell,intermediate,7.9,berdiri barbell bahu dorongan
King Maker Barbell Thruster,"The barbell thruster is a full-body exercise that incorporates both squatting and pressing in one functional movement. It's especially common in contemporary CrossFit workouts, but also in general strength training. The barbell is usually cleaned into place first, but it could be performed taken from a squat rack in a front-rack position. The thruster can be performed in traditional strength-focused rep ranges to build strength in the press, or in higher reps for full-body conditioning.",strength,shoulders,barbell,intermediate,7.9,King Maker barbell Thruster
Single-arm incline cable cross-over,"The single-arm incline cable cross-over is an isolation movement that uses a cable stack and a bench to target the upper part of the pectoral muscles. Working the chest one side at a time allows you to focus on balance between the sides of your chest and really feel the chest muscles contracting. It is common in upper-body and chest-focused muscle-building workouts, often in combination with other presses or flyes to target the chest from different angles.",strength,shoulders,barbell,intermediate,7.9,satu lengan miring kabel cross-over
Barbell bear complex,"The barbell bear complex is a series of barbell lifts that run together in a single sequence: a barbell power clean, front squat, push-press, back squat, and another push-press from behind the neck. It trains the entire body for both building strength and improving conditioning. It is often performed for rounds, either with or without rest between rounds.",strength,shoulders,barbell,intermediate,7.9,barbell bear complex
30 Shoulders Barbell Shrug,,strength,shoulders,barbell,intermediate,7.9,30 Shoulders barbell Shrug
30 Shoulders Incline Face-Up Straight-Bar Front Raise,,strength,shoulders,barbell,intermediate,7.9,30 Shoulders miring Face-Up Straight-Bar depan angkat
30 Shoulders Seated Dumbbell Shoulder Press,,strength,shoulders,barbell,intermediate,7.9,30 Shoulders duduk dorongan bahu dumbbell
30 Shoulders Standing Behind-The-Head Shoulder Press,,strength,shoulders,barbell,intermediate,7.9,30 Shoulders berdiri Behind-The-Head bahu dorongan
30 Shoulders Standing Barbell Press,,strength,shoulders,barbell,intermediate,7.9,30 Shoulders berdiri barbell dorongan
FYR2 Wide Overhead Press,,strength,shoulders,barbell,intermediate,7.9,FYR2 Wide Overhead dorongan
Single-arm kettlebell push-press,"The single-arm kettlebell push-press is a popular kettlebell movement that involves performing a press with help from the muscles of the lower body. It is preceded by a clean at the start of each set, and optionally you can perform a clean between each rep. It can be trained in traditional strength or muscle-building rep ranges, in circuit or fat-loss training, or as part of a larger kettlebell combination or complex.",strength,shoulders,kettlebells,intermediate,9.3,satu lengan kettlebell dorongan-dorongan
Two-Arm Kettlebell Military Press,,strength,shoulders,kettlebells,beginner,8.7,Two-lengan kettlebell Military dorongan
Alternating Kettlebell Press,,strength,shoulders,kettlebells,beginner,8.6,bergantian kettlebell dorongan
Single-arm kettlebell snatch,"The single-arm kettlebell snatch is a kettlebell exercise that involves lifting a kettlebell overhead in a single motion. It is popular as a full-body strength and conditioning movement, but it's also competed for reps in Russian-style girevoy sport. A ""snatch test"" of max reps in 5 or 10 minutes is also a common measurement of conditioning in kettlebell training. It can be performed from the ground or with a swing",strength,shoulders,kettlebells,intermediate,8.6,satu lengan kettlebell snatch
Single-arm kettlebell clean and jerk,"The single-arm kettlebell clean and jerk is a popular kettlebell movement that is performed both in an exercise setting and competitively as a part of Russian-style girevoy sport. It differs from a clean and push-press in that the lifter ""dips"" under the weight rather than simply using the legs to help push the weight up. Each rep of a clean and jerk is preceded by a clean at the start of each set. It can be trained in traditional strength or muscle-building rep ranges, in circuit or fat-loss training, or as part of a larger kettlebell combination or complex.",strength,shoulders,kettlebells,intermediate,8.4,satu lengan kettlebell clean and jerk
Kettlebell pirate ship,"The kettlebell pirate ship is a rotational shoulder and core-focused kettlebell movement. It demands the lifter raise the kettlebell to the side in both directions, emphasizing core strength in the transverse abdominis and obliques in particular. It is best learned with a light weight, using controlled movements in both directions.",strength,shoulders,kettlebells,intermediate,7.8,kettlebell pirate ship
Two-Arm Kettlebell Clean,,strength,shoulders,kettlebells,beginner,7.5,Two-lengan kettlebell Clean
Double Kettlebell Push Press,"The double-kettlebell push-press is a popular kettlebell movement that involves performing a press with help from the muscles of the lower body. It is preceded by a double clean at the start of each set, and optionally you can perform a clean between each rep. It can be trained in traditional strength or muscle-building rep ranges, in circuit or fat-loss training, or as part of a larger kettlebell combination or complex.",strength,shoulders,kettlebells,intermediate,7.5,Double kettlebell dorongan dorongan
Kettlebell Seated Press,,strength,shoulders,kettlebells,beginner,7.0,kettlebell duduk dorongan
Double Kettlebell Jerk,,strength,shoulders,kettlebells,beginner,7.0,Double kettlebell Jerk
Kettlebell Arnold Press,,strength,shoulders,kettlebells,beginner,6.8,kettlebell Arnold dorongan
Double-kettlebell windmill,"The double-kettlebell windmill is an advanced kettlebell exercise emphasizing core strength and shoulder and hip mobility and stability. Because it involves holding one weight overhead while holding another under the torso, it builds strength across the core and stability in the shoulders. It doesn't work well in a metcon or conditioning setting, and shouldn't be performed under intense fatigue.",strength,shoulders,kettlebells,intermediate,3.0,Double-kettlebell windmill
One-Arm Kettlebell Split Snatch,,strength,shoulders,kettlebells,beginner,0.0,One-lengan kettlebell Split Snatch
One-Arm Kettlebell Para Press,,strength,shoulders,kettlebells,beginner,0.0,One-lengan kettlebell Para dorongan
One-Arm Kettlebell Split Jerk,,strength,shoulders,kettlebells,beginner,0.0,One-lengan kettlebell Split Jerk
One-Arm Kettlebell Military Press To The Side,,strength,shoulders,kettlebells,beginner,0.0,One-lengan kettlebell Military dorongan To The samping
One-Arm Kettlebell Jerk,,strength,shoulders,kettlebells,beginner,0.0,One-lengan kettlebell Jerk
Double Kettlebell Snatch,,strength,shoulders,kettlebells,beginner,0.0,Double kettlebell Snatch
Two-Arm Kettlebell Jerk,,strength,shoulders,kettlebells,beginner,0.0,Two-lengan kettlebell Jerk
FYR Kettlebell Power Clean,"The kettlebell power clean is an explosive kettlebell exercise where the lifter pulls the weight to shoulder level with a slight swing between the legs. It is often used as a drill to teach kettlebell clean technique, but is also a valuable power exercise in its own right. It can be performed in low rep ranges for strength or higher rep ranges for technique practice or muscle growth.",strength,shoulders,kettlebells,intermediate,7.9,FYR kettlebell Power Clean
Kettlebell upright row,"The kettlebell upright row is an exercise targeting the muscles of the traps (trapezius), as well as the posterior muscles of the shoulders or deltoid muscles. It is common as a light- or moderate-weight accessory movement in upper-body or shoulder training, usually in rep ranges of 8-12 or more. It may not be appropriate for some people, depending on their shoulder health.",strength,shoulders,kettlebells,intermediate,7.9,kettlebell tarikan tegak
Kettlebell upright row and press,"The kettlebell upright row and press is a combination of two popular kettlebell movements in a single sequence. This combination can be performed for time or for reps, often as circuit-style training for conditioning or fat loss, or in a kettlebell complex or flow.",strength,shoulders,kettlebells,intermediate,7.9,kettlebell tarikan tegak and dorongan
Single-arm kettlebell thruster,"The single-arm kettlebell thruster is a popular kettlebell movement that combines a kettlebell front squat with a kettlebell press. It is preceded by a clean at the start of each set, and you can perform a clean between each rep if you choose. It can be trained in traditional strength or muscle-building rep ranges, in circuit or fat-loss training, or as part of a kettlebell combination or complex.",strength,shoulders,kettlebells,intermediate,7.9,satu lengan kettlebell thruster
Double-kettlebell shoulder press,"The double-kettlebell shoulder press is a popular movement in strength and muscle-focused kettlebell workouts. Each set is started by cleaning the weights up to the rack position. The weights can optionally be re-cleaned between each rep, which is known as a clean and press. The double press can be trained in traditional strength or muscle-growth rep ranges (e.g., 5x5 or 8-12 reps per set), or in circuit-style fat-loss training or kettlebell complexes.",strength,shoulders,kettlebells,intermediate,7.9,Double-kettlebell bahu dorongan
Double-kettlebell push-press,"The double-kettlebell push-press is a popular kettlebell movement that involves performing a press with help from the muscles of the lower body. It is preceded by a double clean at the start of each set, and optionally you can perform a clean between each rep. It can be trained in traditional strength or muscle-building rep ranges, in circuit or fat-loss training, or as part of a larger kettlebell combination or complex.",strength,shoulders,kettlebells,intermediate,7.9,Double-kettlebell dorongan-dorongan
HM Kettlebell Windmill,,strength,shoulders,kettlebells,intermediate,7.9,HM kettlebell Windmill
HM Kettlebell Z-Press,,strength,shoulders,kettlebells,intermediate,7.9,HM kettlebell Z-dorongan
Taylor Half-Kneeling Kettlebell Halo,,strength,shoulders,kettlebells,intermediate,7.9,Taylor Half-Kneeling kettlebell Halo
Taylor Towel Kettlebell Farmer's Walk,,strength,shoulders,kettlebells,intermediate,7.9,Taylor Towel kettlebell Farmer's Walk
FYR2 Double-Kettlebell Alternating Press,,strength,shoulders,kettlebells,intermediate,7.9,FYR2 Double-kettlebell bergantian dorongan
FYR2 Double-Kettlebell Thruster,,strength,shoulders,kettlebells,intermediate,7.9,FYR2 Double-kettlebell Thruster
FYR2 Half-Kneeling Kettlebell Clean,,strength,shoulders,kettlebells,intermediate,7.9,FYR2 Half-Kneeling kettlebell Clean
FYR2 Kettlebell Clean and Press,,strength,shoulders,kettlebells,intermediate,7.9,FYR2 kettlebell Clean and dorongan
FYR2 Kettlebell High Pull to Overhead Press,,strength,shoulders,kettlebells,intermediate,7.9,FYR2 kettlebell High tarikan to Overhead dorongan
FYR2 Kettlebell Swing Clean and Press,,strength,shoulders,kettlebells,intermediate,7.9,FYR2 kettlebell Swing Clean and dorongan
FYR2 Single-Arm Kettlebell Press,,strength,shoulders,kettlebells,intermediate,7.9,FYR2 satu lengan kettlebell dorongan
FYR2 Ascending-Rep High-Pull-Press Complex,,strength,shoulders,kettlebells,intermediate,7.9,FYR2 Ascending-Rep High-tarikan-dorongan Complex
Dumbbell front raise to lateral raise,"The dumbbell front raise to lateral raise is a dumbbell complex that combines two exercises that build and strengthen the middle deltoids and the anterior deltoids of the shoulders. It is usually performed one rep of each movement at a time, although you could perform more reps of each, or increase the reps in successive rounds (e.g., 1 rep in round 1, 2 reps in round 2, etc.). No matter how you perform it, it targets both the anterior and medial deltoids, making it a great time-efficient shoulder burnout or accessory movement on an upper-body day.",strength,shoulders,dumbbell,intermediate,9.5,dumbbell depan angkat to lateral angkat
Single-arm palm-in dumbbell shoulder press,"The single-arm palm-in dumbbell shoulder press builds the shoulder muscles but with two major differences from the standard dumbbell shoulder press. It's done one arm at a time and the wrist stays neutral throughout the movement. It can be performed standing or seated. A single dumbbell press can be pursued as a strength goal, or trained in traditional muscle-building rep ranges such as 8-15 reps per set or more.",strength,shoulders,dumbbell,intermediate,9.4,satu lengan palm-in dorongan bahu dumbbell
Standing palms-in shoulder press,"The standing palms-in shoulder press is a dumbbell exercise targeting the shoulders. It can be performed in strength-focused rep ranges, such as 5-8 reps per set, or for higher reps to build muscle or for conditioning.",strength,shoulders,dumbbell,intermediate,9.3,berdiri palms-in bahu dorongan
Seated Dumbbell Press,"The seated dumbbell shoulder pressis an exercise for building muscle and strengthening the shoulders, particularly but not exclusively the front heads. The triceps also assist. Some lifters feel that using dumbbells versus a barbell reduced injury risk.",strength,shoulders,dumbbell,intermediate,9.1,duduk dumbbell dorongan
Standing dumbbell shoulder press,"The standing dumbbell shoulder press is a classic deltoid-building exercise that is common in gyms around the world. Performing the move standing up as opposed to seated allows more weight to be used and taxes the core more than seated presses. The standing press is worthy of being the main movement in a muscle-building shoulder workout, but is also a great strength movement and accessory for the bench press.",strength,shoulders,dumbbell,intermediate,9.1,berdiri dorongan bahu dumbbell
Single-arm lateral raise,"The single-arm lateral raise is a shoulder exercise that targets the medial or middle head of the deltoid muscle. It's a staple strength-training move and is a great option for accessory work on upper-body training days. Hold on to a post for balance, or do it free-standing to challenge core strength and stability. It is usually performed for moderate to high reps, at least 8-12 reps per side, as part of the upper-body or shoulder-focused portion of a workout.",strength,shoulders,dumbbell,intermediate,9.1,satu lengan lateral angkat
Power Partials,,strength,shoulders,dumbbell,beginner,9.1,Power Partials
Incline dumbbell reverse fly,"The incline dumbbell reverse fly is an upper-body exercise targeting the posterior or rear deltoids, as well as the postural muscles of the upper back. Because it targets such small muscles, this exercise is usually performed with light weight for high reps, such as 10-15 reps per set or more.",strength,shoulders,dumbbell,intermediate,9.1,miring dumbbell reverse fly
Overhead dumbbell front raise,"The overhead dumbbell front raise takes the dumbbell front raise one step further, extending the motion all the way above the head. In addition to the shoulders, it activates and strengthens the muscles of the traps and upper back. It is usually performed for moderate to high reps, such as 8-15 reps or more. It can be part of a dynamic upper-body warm-up, performed as a muscle-building upper-body movement, or as a burnout movement on shoulder day.",strength,shoulders,dumbbell,intermediate,9.1,Overhead dumbbell depan angkat
Seated dumbbell shoulder press,"The seated dumbbell shoulder press is a popular exercise for building muscle and strength in the shoulders. The triceps also work hard in this lift. Many lifters find using dumbbells to be more comfortable and shoulder-friendly for this press variation than a barbell. This can be the primary pressing movement on an upper-body or shoulder day, or an effective accessory movement later in a workout.",strength,shoulders,dumbbell,intermediate,9.0,duduk dorongan bahu dumbbell
Alternating standing shoulder press,"The alternating standing shoulder press is a popular dumbbell exercise targeting the shoulders. It can be performed in strength-focused rep ranges, such as 5-8 reps per set, or for higher reps to build muscle or for conditioning.",strength,shoulders,dumbbell,intermediate,9.0,bergantian berdiri bahu dorongan
Single-arm incline rear delt raise,"The single-arm incline rear delt raise is an upper-body exercise targeting the posterior deltoids or shoulder muscles, as well as the postural muscles of the upper back. Training each side independently can help correct imbalances in size, strength, and shoulder stability. Because it targets such small muscles, this exercise is usually performed with light weight for high reps, such as 10-15 reps per set or more.",strength,shoulders,dumbbell,intermediate,9.0,satu lengan miring rear delt angkat
Alternating dumbbell front raise,"The alternating dumbbell front raise is a single-joint exercise targeting the shoulder muscles, particularly the front or anterior deltoids. Performing the movement one shoulder at a time gives a momentary rest to each side while the other is working, potentially allowing you to do more reps during each set. It is usually performed for moderate to high reps, at least 8-12 reps per set, as part of an upper-body or shoulder-focused workout.",strength,shoulders,dumbbell,intermediate,9.0,bergantian dumbbell depan angkat
Alternating Deltoid Raise,The dumbbell front raise to lateral raise combines two exercises that build and strengthen the middle deltoids and the anterior deltoids of the shoulders.,strength,shoulders,dumbbell,intermediate,9.0,bergantian Deltoid angkat
Single-dumbbell front raise,"The single-dumbbell front raise is an isolation movement that targets the shoulders. In particular, it focuses on the anterior or front head of the deltoid muscles. By performing it with one dumbbell at a time, you can focus on each shoulder muscle independently and try to address muscular imbalances between shoulders. This movement is usually performed for moderate to high reps, at least 8-12 reps per set, as part of an upper-body or shoulder-focused workout.",strength,shoulders,dumbbell,intermediate,9.0,Single-dumbbell depan angkat
Arnold press,"Named after the iconic bodybuilder and movie star, the Arnold press adds rotation to a classic shoulder press. It allows the hands to rotate naturally, while also hitting all three heads of the deltoids in one motion. It is usually performed for moderate to high reps, such as 8-12 reps or more, as part of the upper-body or shoulder-focused portion of a workout.",strength,shoulders,dumbbell,intermediate,8.9,Arnold dorongan
Single-arm standing shoulder press,"The single-arm standing shoulder press is a popular exercise to build size and strength the shoulders and triceps. Most lifters find they can go heavier (per arm) on this movement than if they are pressing two dumbbells simultaneously, making it an effective strength movement as well as a muscle-building movement in higher reps.",strength,shoulders,dumbbell,intermediate,8.8,satu lengan berdiri bahu dorongan
Dumbbell front raise,"The dumbbell front raise is a single-joint exercise targeting the shoulder muscles, particularly the front or anterior deltoids. It is usually performed for moderate to high reps, at least 8-12 reps per set, as part of an upper-body or shoulder-focused workout.",strength,shoulders,dumbbell,intermediate,8.8,dumbbell depan angkat
Bent-over dumbbell rear delt row,"The bent-over dumbbell rear delt row is a popular upper-body exercise that targets the muscles on the backside of the shoulder joint, specifically the medial and rear heads of the deltoid. Since pressing movements build the front and (to a lesser degree) side deltoid heads, this move is often done to promote balanced shoulder development. It is usually performed for high reps, such as 10-15 reps per set or more, as part of a shoulder or upper-body workout.",strength,shoulders,dumbbell,intermediate,8.7,membungkuk dumbbell rear delt tarikan
Incline dumbbell front raise,"The incline dumbbell front raise is an upper-body exercise targeting the shoulders. Because it is performed face down on an angled bench, it has a greater range of motion than standing or upright-seated raises and hits the shoulders from a different angle. Raise variations are usually performed for moderate to high reps, such as 8-12 reps per set or more, as part of upper-body or shoulder-focused training.",strength,shoulders,dumbbell,intermediate,8.7,miring dumbbell depan angkat
Side Lateral Raise,"The dumbbell lateral raise is an upper body isolation exercise for building shoulder strength and muscle. It's a staple strength training move and is a great option for accessory work on upper body training days. This exercise particularly focuses on the lateral or medial head of the deltoid, making them appear wider and more developed.",strength,shoulders,dumbbell,intermediate,8.6,samping Lateral angkat
Dumbbell external shoulder rotation,"The dumbbell external shoulder rotation is a lightweight dumbbell exercise intended to maintain the health of the shoulder joints, including the rotator cuffs. It is often used as a warm-up or prehab for a shoulder or chest-focused workout with lots of pressing.",strength,shoulders,dumbbell,intermediate,8.5,dumbbell external bahu rotation
Single-arm incline lateral raise,"The single-arm incline lateral raise is an exercise targeting the lateral or medial head of the shoulder muscles. It is performed lying sideways on an incline bench set to around 45 degrees, which helps to increase the range of motion in the lift and enforce strict form. Because it targets such small muscles, this exercise is usually performed with light weight for high reps, such as 8-12 reps per set or more.",strength,shoulders,dumbbell,intermediate,8.5,satu lengan miring lateral angkat
Seated rear delt fly,"The seated rear delt fly is an upper-body exercise that targets the real deltoid of the shoulder. By performing the movement seated, it eliminates momentum from the rest of the body. This movement is usually performed for moderate to high reps, such as 8-12 reps per set or more, as part of the upper-body or shoulder-focused portion of a workout.",strength,shoulders,dumbbell,intermediate,8.4,duduk rear delt fly
Dumbbell Raise,,strength,shoulders,dumbbell,beginner,8.4,dumbbell angkat
Seated Side Lateral Raise,"The seated dumbbell lateral raiseis an iconic exercise for developing the shoulders. If you’ve ever worked out with weights, chances are you’ve done this move at some point. Proper execution is paramount to avoid injury.",strength,shoulders,dumbbell,intermediate,8.3,duduk samping Lateral angkat
Dumbbell Lying Rear Lateral Raise,"The incline dumbbell reverse fly is an upper-body exercise targeting the posterior or rear deltoids, as well as the postural muscles of the upper back. Because it targets such small muscles, this exercise is usually performed with light weight for high reps, such as 10-15 reps per set or more.",strength,shoulders,dumbbell,intermediate,8.3,dumbbell berbaring Rear Lateral angkat
Head-on-bench dumbbell rear delt raise,"The head-on-bench dumbbell rear delt raise is an exercise targeting the posterior shoulder muscles, or rear deltoids. This variation of the bent-over rear delt raise often helps to better isolate this area of the shoulder. Because it targets such small muscles, this exercise is usually performed with light weight for high reps, such as 10-15 reps per set or more.",strength,shoulders,dumbbell,intermediate,8.2,Head-on-bangku dumbbell rear delt angkat
Cuban press,"The Cuban press is an exercise that targets the muscles of the shoulders, rotator cuff, and upper back. It combines a shoulder external rotation with a dumbbell press, training multiple muscles and motions in a single sequence. It can be performed standing, or as a more difficult variation face-down on an incline bench. It is usually performed with relatively light weight as part of a dynamic warm-up for upper-body lifting.",strength,shoulders,dumbbell,intermediate,8.0,Cuban dorongan
Reverse Flyes With External Rotation,,strength,shoulders,dumbbell,beginner,8.0,Reverse fly With External Rotation
Single-arm side lying rear fly,"The single-arm side lying rear fly is an upper-body exercise that targets the rear deltoid of the shoulder. By performing the movement lying on a bench, it eliminates momentum from the rest of the body. This movement is usually performed for moderate to high reps, such as 8-12 reps per set or more, as part of the upper-body or shoulder-focused portion of a workout.",strength,shoulders,dumbbell,intermediate,7.9,satu lengan samping berbaring rear fly
Single-arm dumbbell upright row,"The single-arm dumbbell upright row is a popular movement for building stronger and bigger traps and shoulders. Many lifters combine this move with either their back or shoulder workout, since it involves both body parts. It is generally performed for moderate to high reps, such as 8-12 reps per set or more.",strength,shoulders,dumbbell,intermediate,7.8,satu lengan dumbbell tarikan tegak
Dumbbell Scaption,,strength,shoulders,dumbbell,beginner,7.8,dumbbell Scaption
See-Saw Press (Alternating Side Press),,strength,shoulders,dumbbell,beginner,7.8,See-Saw dorongan (bergantian samping dorongan)
Dumbbell Incline Shoulder Raise,,strength,shoulders,dumbbell,beginner,7.4,dumbbell miring bahu angkat
Single-arm half-kneeling shoulder press,"The single-arm half-kneeling shoulder press is a popular exercise to target the deltoid muscles while also developing strength and stability in the core and hips. Balance can be a challenge, which is one reason why this movement is generally trained lighter than standing single-arm shoulder presses. The half-kneeling press can be used as an accessory lift for the shoulder press or bench press, or simply as a technique to make shoulder presses stricter and more athletic.",strength,shoulders,dumbbell,intermediate,0.0,satu lengan half-kneeling bahu dorongan
Dumbbell Clean And Jerk,,strength,shoulders,dumbbell,beginner,0.0,dumbbell Clean And Jerk
Dumbbell shoulder press with body rotation,"The dumbbell shoulder press with body rotation is a twist on the traditional dumbbell shoulder press. Rather than pressing straight overhead, you twist your torso and hips to the side during each rep. It hits the deltoid muscles just like a shoulder press, but adds a challenge to the core, hips, and back muscles. Due to the potential balance challenge of twisting and pressing at the same time, it is commonly performed with light to moderate weights.",strength,shoulders,dumbbell,intermediate,7.9,dorongan bahu dumbbell with body rotation
Dumbbell Fix Dumbbell Military Press,,strength,shoulders,dumbbell,intermediate,7.9,dumbbell Fix dumbbell Military dorongan
Dumbbell Fix Standing Dumbbell Arnold Press,,strength,shoulders,dumbbell,intermediate,7.9,dumbbell Fix berdiri dumbbell Arnold dorongan
Dumbbell Fix Dumbbell Single-Arm Snatch,,strength,shoulders,dumbbell,intermediate,7.9,dumbbell Fix dumbbell satu lengan Snatch
Paul Carter Rear-Delt Fly,"The seated rear delt fly is an upper-body exercise that targets the real deltoid of the shoulder. By performing the movement seated, it eliminates momentum from the rest of the body. This movement is usually performed for moderate to high reps, such as 8-12 reps per set or more, as part of the upper-body or shoulder-focused portion of a workout.",strength,shoulders,dumbbell,intermediate,7.9,Paul Carter Rear-Delt fly
FYR Dumbbell Shoulder Press,The standing dumbbell shoulder press is a classic deltoid-builder (especially the front deltoids) that’s ubiquitous in gyms around the world. Performing the move standing up as opposed to seated allows for more weight to be used.,strength,shoulders,dumbbell,intermediate,7.9,FYR dorongan bahu dumbbell
FYR Single-Arm Dumbbell Press,"The single-arm standing shoulder press builds shoulder muscle but with two major differences from the standard seated dumbbell shoulder press. It’s done one arm at a time, as well as standing, which may allow more weight to be used.",strength,shoulders,dumbbell,intermediate,7.9,FYR satu lengan dumbbell dorongan
FYR Dumbbell Tempo L-Raise,"The dumbbell lateral raise is an upper body isolation exercise for building shoulder strength and muscle. It's a staple strength training move and is a great option for accessory work on upper body training days. This exercise particularly focuses on the lateral or medial head of the deltoid, making them appear wider and more developed.",strength,shoulders,dumbbell,intermediate,7.9,FYR dumbbell Tempo L-angkat
Dumbbell seesaw shoulder press,"The dumbbell seesaw shoulder press is an exercise targeting the deltoids and triceps. The difference between this movement and the alternating shoulder press is that both dumbbells keep moving throughout each rep, rather than having one weight be stationary while the other moves. This piston-style pressing increases time under tension and may allow you to complete more total reps than with alternating reps.",strength,shoulders,dumbbell,intermediate,7.9,dumbbell seesaw bahu dorongan
FYR Dumbbell front raise to lateral raise,The dumbbell front raise to lateral raise combines two exercises that build and strengthen the middle deltoids and the anterior deltoids of the shoulders.,strength,shoulders,dumbbell,intermediate,7.9,FYR dumbbell depan angkat to lateral angkat
FYR Dumbbell Arnold Press,"Named after the iconic bodybuilder/movie star, the Arnold press adds rotation to a classic shoulder press, hitting all three heads of the deltoids in one motion.",strength,shoulders,dumbbell,intermediate,7.9,FYR dumbbell Arnold dorongan
FYR Dumbbell Military Press to Dumbbell High Pull to V-up,,strength,shoulders,dumbbell,intermediate,7.9,FYR dumbbell Military dorongan to dumbbell High tarikan to V-up
FYR Dumbbell Thruster,"The dumbbell thruster, which begins with a squat and ends with an overhead press, works the entire body at once in a single fluid motion. This exercise is often performed with kettlebells, but dumbbells work great, too.",strength,shoulders,dumbbell,intermediate,7.9,FYR dumbbell Thruster
Dumbbell hang snatch,"The dumbbell hang snatch is an explosive exercise that builds full-body power and targets the muscles of the hips, back, and shoulders. Performing the movement from the hang position, rather than from the ground, emphasizes explosive hip and upper-body power. It can be performed for low reps with a focus on power and speed, or for higher reps to build muscle or as part of a metabolic conditioning circuit.",strength,shoulders,dumbbell,intermediate,7.9,dumbbell hang snatch
Surfer sprawl,"The surfer sprawl is an explosive bodyweight exercise that targets multiple muscle groups across the upper and lower body. It is similar to a burpee, but instead of jumping at the top, you end in a ""surfer position,"" alternating sides with each rep. It can be performed for time or reps in any fat-loss or athleticism-focused circuit or workout. The surfer position offers a unique way to challenge the body by staying in a low position rather than standing up after the plank.",strength,shoulders,dumbbell,intermediate,7.9,Surfer sprawl
Dumbbell clean and press,"The dumbbell clean and press is a full-body movement that targets both the lower and upper body. The clean utilizes the muscles of the hips, legs, glutes, back, and biceps, while the press utilizes the shoulders and triceps. It can be trained in low to moderate reps for strength, or for higher reps, such as 8-12 reps per set or more, for muscle building or metabolic conditioning.",strength,shoulders,dumbbell,intermediate,7.9,dumbbell clean and dorongan
Standing One-Arm Shoulder Press - Gethin Variation,"The single-arm standing shoulder press builds shoulder muscle but with two major differences from the standard seated dumbbell shoulder press. It’s done one arm at a time, as well as standing, which may allow more weight to be used.",strength,shoulders,dumbbell,intermediate,7.9,berdiri One-lengan bahu dorongan - Gethin Variation
Incline Front Dumbbell Raise - Gethin Variation,The incline dumbbell front raise is an isolation exercise targeting the shoulders,strength,shoulders,dumbbell,intermediate,7.9,miring angkat dumbbell depan - Gethin Variation
Dumbbell lateral raise,"The dumbbell lateral raise is a shoulder exercise that targets the medial or middle head of the deltoid muscle. It's a staple strength-training move and is a great option for accessory work on upper-body training days. It is usually performed for moderate to high reps, at least 8-12 reps, as part of the upper-body or shoulder-focused portion of a workout.",strength,shoulders,dumbbell,intermediate,7.9,dumbbell lateral angkat
Incline Rear-Delt Fly - Gethin Variation,"The incline dumbbell reverse fly is an upper-body exercise targeting the posterior or rear deltoids, as well as the postural muscles of the upper back. Because it targets such small muscles, this exercise is usually performed with light weight for high reps, such as 10-15 reps per set or more.",strength,shoulders,dumbbell,intermediate,7.9,miring Rear-Delt fly - Gethin Variation
Incline Bench Rear Dumbbell Fly - Gethin Variation,"The incline dumbbell reverse fly is an upper-body exercise targeting the posterior or rear deltoids, as well as the postural muscles of the upper back. Because it targets such small muscles, this exercise is usually performed with light weight for high reps, such as 10-15 reps per set or more.",strength,shoulders,dumbbell,intermediate,7.9,miring bangku Rear dumbbell fly - Gethin Variation
Dumbbell front raise and press,"The dumbbell front raise and press combines two upper-body moves into one challenging sequence targeting the deltoid muscles. It's a simple way to boost your heart rate while getting a good upper-body pump, and is a natural fit in time-efficient upper-body or circuit training.",strength,shoulders,dumbbell,intermediate,7.9,dumbbell depan angkat and dorongan
Rotator cuff warm-up,"The rotator cuff warm-up is a simple exercise targeting the rotator cuffs through weighted shoulder external rotation. It's a classic way to warm up the shoulder prior to sports or training, as well as a common rehab movement. The rotator cuffs are a notorious injury-prone structure in the shoulders of Major League pitchers and other athletes. This is a movement most commonly done for moderate to high reps, such as 8-12 reps or more per set.",strength,shoulders,dumbbell,intermediate,7.9,Rotator cuff warm-up
Seated Lateral Raise - Gethin Variation,"The seated dumbbell lateral raiseis an iconic exercise for developing the shoulders. If you’ve ever worked out with weights, chances are you’ve done this move at some point. Proper execution is paramount to avoid injury.",strength,shoulders,dumbbell,intermediate,7.9,duduk Lateral angkat - Gethin Variation
Single-arm dumbbell arc row,"The single-arm dumbbell arc row is an exercise for building the latissimus dorsi, or lat, muscles of the back. This variation has more of an arcing shape than the traditional single-arm dumbbell row, which may increase the mind-muscle connection and hit the back from a different angle. You probably won't be able to go as heavy on this as on a traditional row.",strength,shoulders,dumbbell,intermediate,7.9,satu lengan dumbbell arc tarikan
Incline Rear Delt Raises - Gethin Variation,"The incline dumbbell reverse fly is an upper-body exercise targeting the posterior or rear deltoids, as well as the postural muscles of the upper back. Because it targets such small muscles, this exercise is usually performed with light weight for high reps, such as 10-15 reps per set or more.",strength,shoulders,dumbbell,intermediate,7.9,miring Rear Delt angkat - Gethin Variation
Incline Dumbbell Y Raise,,strength,shoulders,dumbbell,intermediate,7.9,miring dumbbell Y angkat
HM Bent-Over Rear-Delt Fly,,strength,shoulders,dumbbell,intermediate,7.9,HM membungkuk Rear-Delt fly
HM Dumbbell Shoulder Press,,strength,shoulders,dumbbell,intermediate,7.9,HM dorongan bahu dumbbell
HM Single-Leg Overhead Dumbbell Press,,strength,shoulders,dumbbell,intermediate,7.9,HM Single-kaki Overhead dumbbell dorongan
6 Way Shoulder Raise,,strength,shoulders,dumbbell,intermediate,7.9,6 Way bahu angkat
Seated dumbbell lateral raise,"The seated dumbbell lateral raise is an exercise that targets the shoulder muscles, particularly the medial or middle head of the deltoids. Performing it on a bench helps enforce strict form and eliminate swinging or using momentum to move the weights. Lateral raise variations are usually performed for moderate to high reps, such as 8-12 reps per set or more, as part of the upper-body or shoulder-focused portion of a workout.",strength,shoulders,dumbbell,intermediate,7.9,duduk dumbbell lateral angkat
AM Dumbbell Shoulder Press,"The seated dumbbell shoulder pressis an exercise for building muscle and strengthening the shoulders, particularly but not exclusively the front heads. The triceps also assist. Some lifters feel that using dumbbells versus a barbell reduced injury risk.",strength,shoulders,dumbbell,intermediate,7.9,AM dorongan bahu dumbbell
AM Dumbbell Side Raise,"The dumbbell lateral raise is an upper body isolation exercise for building shoulder strength and muscle. It's a staple strength training move and is a great option for accessory work on upper body training days. This exercise particularly focuses on the lateral or medial head of the deltoid, making them appear wider and more developed.",strength,shoulders,dumbbell,intermediate,7.9,AM dumbbell samping angkat
AM Front Raise,"The alternating dumbbell front raise is an isolation movement that targets the shoulders. By using one arm at a time, you can use more weight than when you use both arms at once. Bodybuilders use this exercise to zero in on the front shoulders, but the simple movement also makes it great for people new to lifting weights.",strength,shoulders,dumbbell,intermediate,7.9,AM depan angkat
UP Dumbbell Lateral Raise,"The dumbbell lateral raise is an upper body isolation exercise for building shoulder strength and muscle. It's a staple strength training move and is a great option for accessory work on upper body training days. This exercise particularly focuses on the lateral or medial head of the deltoid, making them appear wider and more developed.",strength,shoulders,dumbbell,intermediate,7.9,UP dumbbell Lateral angkat
UP Seated Dumbbell Overhead Press,"The seated dumbbell shoulder pressis an exercise for building muscle and strengthening the shoulders, particularly but not exclusively the front heads. The triceps also assist. Some lifters feel that using dumbbells versus a barbell reduced injury risk.",strength,shoulders,dumbbell,intermediate,7.9,UP duduk dumbbell Overhead dorongan
AA Incline Bench Dumbbell Reverse Fly,,strength,shoulders,dumbbell,intermediate,7.9,AA miring bangku dumbbell Reverse fly
CM Forward Shoulder Press,,strength,shoulders,dumbbell,intermediate,7.9,CM Forward bahu dorongan
Dumbbell Halo,,strength,shoulders,dumbbell,intermediate,7.9,dumbbell Halo
Standing Dumbbell Scap Raise,,strength,shoulders,dumbbell,intermediate,7.9,berdiri dumbbell Scap angkat
Holman Overhead Press,,strength,shoulders,dumbbell,intermediate,7.9,Holman Overhead dorongan
Holman Slow Weighted Half Jack to Overhead Press,,strength,shoulders,dumbbell,intermediate,7.9,Holman Slow berbeban Half lompat jack to Overhead dorongan
Holman Slow Arnold Press,,strength,shoulders,dumbbell,intermediate,7.9,Holman Slow Arnold dorongan
Holman Boat Arnold Press with Feet Push-Out,,strength,shoulders,dumbbell,intermediate,7.9,Holman Boat Arnold dorongan with Feet dorongan-Out
Holman Dumbbell Hip Drive to Overhead Press,,strength,shoulders,dumbbell,intermediate,7.9,Holman dumbbell pinggul Drive to Overhead dorongan
Holman Squat Thrust to Alternating Renegade Triceps Press,,strength,shoulders,dumbbell,intermediate,7.9,Holman squat Thrust to bergantian Renegade trisep dorongan
Holman Cheer Press,,strength,shoulders,dumbbell,intermediate,7.9,Holman Cheer dorongan
Holman Left Arm Press with Right Arm Hold,,strength,shoulders,dumbbell,intermediate,7.9,Holman Left lengan dorongan with Right lengan tahan
Holman Right Arm Press with Left Arm Hold,,strength,shoulders,dumbbell,intermediate,7.9,Holman Right lengan dorongan with Left lengan tahan
Holman Left Front Raise with Right Hold,,strength,shoulders,dumbbell,intermediate,7.9,Holman Left depan angkat with Right tahan
Holman Right Front Raise with Left Hold,,strength,shoulders,dumbbell,intermediate,7.9,Holman Right depan angkat with Left tahan
Holman Alternating Front Raise to Side Raise,,strength,shoulders,dumbbell,intermediate,7.9,Holman bergantian depan angkat to samping angkat
Holman Heavy Right Arm Overhead Press,,strength,shoulders,dumbbell,intermediate,7.9,Holman Heavy Right lengan Overhead dorongan
Holman Heavy Left Arm Overhead Press,,strength,shoulders,dumbbell,intermediate,7.9,Holman Heavy Left lengan Overhead dorongan
Holman Right Arm Heavy Overhead Press,,strength,shoulders,dumbbell,intermediate,7.9,Holman Right lengan Heavy Overhead dorongan
Holman Right Diagonal Lunge to Overhead Press,,strength,shoulders,dumbbell,intermediate,7.9,Holman Right Diagonal lunge to Overhead dorongan
Holman Left Arm Heavy Overhead Press,,strength,shoulders,dumbbell,intermediate,7.9,Holman Left lengan Heavy Overhead dorongan
Holman Weighted Palms-In Overhead Press,,strength,shoulders,dumbbell,intermediate,7.9,Holman berbeban Palms-In Overhead dorongan
Dumbbell racked carry,"The dumbbell racked carry involves carrying dumbbells for time or distance, while holding them close to the shoulders in a front-racked position. Similar to a dumbbell farmer's carry, it can be a challenging finisher to any workout, or work well in fat-loss circuit training or as an accessory movement to heavy lifts like the deadlift.",strength,shoulders,dumbbell,intermediate,7.9,dumbbell racked carry
Dumbbell clean and push-press,"The dumbbell clean and push-press is a full-body movement that targets both the lower and upper body. The clean utilizes the muscles of the hips, legs, glutes, back, and biceps, while the push-press utilizes the shoulders and triceps. It differs from the clean and press in that the push-press allows you to use lower-body momentum to power through the most difficult part of the press. It can be trained in low to moderate reps for strength, or for higher reps, such as 8-12 reps per set or more, for muscle building or metabolic conditioning.",strength,shoulders,dumbbell,intermediate,7.9,dumbbell clean and dorongan-dorongan
Total Fitness Dumbbell Farmer's Carry,"The dumbbell farmer's walk or carry is an exercise with roots in competitive strongman training, but which is also popular in CrossFit and functional training. It can be a challenging finisher to any workout, or work well in fat-loss circuit training or as an accessory movement to heavy lifts like the deadlift.",strength,shoulders,dumbbell,intermediate,7.9,Total Fitness dumbbell Farmer's Carry
Single-arm dumbbell racked carry,"The single-arm dumbbell racked carry involves carrying a single dumbbell for time or distance, while holding it close to the shoulders in a front-racked position. Similar to a dumbbell farmer's carry, it can be a challenging finisher to any workout, or work well in fat-loss circuit training or as an accessory movement to heavy lifts like the deadlift.",strength,shoulders,dumbbell,intermediate,7.9,satu lengan dumbbell racked carry
Jordan Shallow Dumbbell Pull-Over,,strength,shoulders,dumbbell,intermediate,7.9,Jordan Shallow dumbbell tarikan-Over
King Maker Dumbbell Lateral Raise,"The dumbbell lateral raise is an upper body isolation exercise for building shoulder strength and muscle. It's a staple strength training move and is a great option for accessory work on upper body training days. This exercise particularly focuses on the lateral or medial head of the deltoid, making them appear wider and more developed.",strength,shoulders,dumbbell,intermediate,7.9,King Maker dumbbell Lateral angkat
Dumbbell shadow boxing,"Dumbbell shadow boxing is a more advanced version of a popular conditioning exercise. By adding a pair of lightweight dumbbells, you can greatly increase the challenge to both the shoulders and cardiovascular system.",strength,shoulders,dumbbell,intermediate,7.9,dumbbell shadow boxing
King Maker Dumbbell Farmer's Carry,"The dumbbell farmer's walk or carry is an exercise with roots in competitive strongman training, but which is also popular in CrossFit and functional training. It can be a challenging finisher to any workout, or work well in fat-loss circuit training or as an accessory movement to heavy lifts like the deadlift.",strength,shoulders,dumbbell,intermediate,7.9,King Maker dumbbell Farmer's Carry
King Maker Dumbbell Shrug,"The standing dumbbell shrug is a popular movement to build and strengthen the trapezius muscles. It’s a often trained on a bodybuilding-style shoulder or back training day, but can also work well in full-body or strength-focused training.",strength,shoulders,dumbbell,intermediate,7.9,King Maker dumbbell Shrug
30 Shoulders Alternating Dumbbell Front Raise,,strength,shoulders,dumbbell,intermediate,7.9,30 Shoulders bergantian dumbbell depan angkat
30 Shoulders Bent-Over Dumbbell Reverse Fly,,strength,shoulders,dumbbell,intermediate,7.9,30 Shoulders membungkuk dumbbell Reverse fly
30 Shoulders Dumbbell Front Raise,,strength,shoulders,dumbbell,intermediate,7.9,30 Shoulders dumbbell depan angkat
30 Shoulders Dumbbell Lateral Raise,,strength,shoulders,dumbbell,intermediate,7.9,30 Shoulders dumbbell Lateral angkat
30 Shoulders Dumbbell Shrug,,strength,shoulders,dumbbell,intermediate,7.9,30 Shoulders dumbbell Shrug
30 Shoulders Incline Face-Down Dumbbell Reverse Fly,,strength,shoulders,dumbbell,intermediate,7.9,30 Shoulders miring Face-Down dumbbell Reverse fly
30 Shoulders Seated Dumbbell Front Raise,,strength,shoulders,dumbbell,intermediate,7.9,30 Shoulders duduk dumbbell depan angkat
30 Shoulders Seated Dumbbell Side Raise,,strength,shoulders,dumbbell,intermediate,7.9,30 Shoulders duduk dumbbell samping angkat
30 Shoulders Neutral-Grip Arnold Press,,strength,shoulders,dumbbell,intermediate,7.9,30 Shoulders Neutral-Grip Arnold dorongan
30 Shoulders Standing Dumbbell Upright Row,,strength,shoulders,dumbbell,intermediate,7.9,30 Shoulders berdiri dumbbell tarikan tegak
MetaBurn 3-Way Shoulder Raise,,strength,shoulders,dumbbell,intermediate,7.9,MetaBurn 3-Way bahu angkat
MetaBurn Dumbbell Overhead Press,,strength,shoulders,dumbbell,intermediate,7.9,MetaBurn dumbbell Overhead dorongan
MetaBurn Single-Leg Arnold Press,,strength,shoulders,dumbbell,intermediate,7.9,MetaBurn Single-kaki Arnold dorongan
RG Forward-Leaning Dumbbell Upright Row,,strength,shoulders,dumbbell,intermediate,7.9,RG Forward-Leaning dumbbell tarikan tegak
RG Alternating Seated Dumbbell Lateral Raise,,strength,shoulders,dumbbell,intermediate,7.9,RG bergantian duduk dumbbell Lateral angkat
RG Seated Dumbbell Shoulder Press,,strength,shoulders,dumbbell,intermediate,7.9,RG duduk dorongan bahu dumbbell
FYR2 Dumbbell Clean and Jerk,,strength,shoulders,dumbbell,intermediate,7.9,FYR2 dumbbell Clean and Jerk
FYR2 Dumbbell Cross-Body Front Raise,,strength,shoulders,dumbbell,intermediate,7.9,FYR2 dumbbell Cross-Body depan angkat
FYR2 Dumbbell Front Raise,,strength,shoulders,dumbbell,intermediate,7.9,FYR2 dumbbell depan angkat
FYR2 Dumbbell Lateral Raise,,strength,shoulders,dumbbell,intermediate,7.9,FYR2 dumbbell Lateral angkat
FYR2 Lateral Raise Hold,,strength,shoulders,dumbbell,intermediate,7.9,FYR2 Lateral angkat tahan
FYR2 Seesaw Dumbbell Military Press,,strength,shoulders,dumbbell,intermediate,7.9,FYR2 Seesaw dumbbell Military dorongan
FYR2 Single-Dumbbell Halo,,strength,shoulders,dumbbell,intermediate,7.9,FYR2 Single-dumbbell Halo
FYR2 Single-Dumbbell Overhead Press,,strength,shoulders,dumbbell,intermediate,7.9,FYR2 Single-dumbbell Overhead dorongan
Car driver,"The car driver is a variation of the plate front raise exercise where the lifter holds a weight plate in front of them and twists it from side to side, similar to a steering wheel. It targets the muscles of the shoulders, the front or anterior deltoids in particular, but is also challenging to the core and upper-back muscles. It can provide variety in a shoulder-focused muscle-building workout or as part of an upper-body or full-body circuit.",strength,shoulders,other,intermediate,9.0,Car driver
Front Plate Raise,"The plate front raise is a variation of the dumbbell front raise where the lifter holds a weight plate between two hands, rather than using a dumbbell, barbell, or other weight. It can provide variety in a shoulder-focused muscle-building workout, or as part of an upper body or full-body circuit.",strength,shoulders,other,intermediate,8.9,depan pelat angkat
Battle ropes,"Battle ropes are an explosive training tool that involves moving the rope in waves with the other end of the rope anchored at ground level. There are many different types of waves, but the most common is alternating waves with the left and right hands. The battle ropes can be performed for short bursts as power training, for longer durations as cardiovascular training, or as a component of a conditioning or fat-loss circuit.",strength,shoulders,other,intermediate,8.6,Battle ropes
Circus Bell,,strongman,shoulders,other,beginner,7.7,Circus Bell
Landmine Linear Jammer,"The linear jammer is an explosive pressing movement performed using an angled barbell anchored at floor level in a landmine device. It can also be performed by sticking a barbell in the corner of a room, preferably in a towel to protect the walls. The linear jammer involves pressing the weight into the air, then catching it with the other hand. The movement focuses primarily on the muscles of the shoulders or deltoids. It can be trained in traditional muscle and strength-focused rep ranges, for lower reps with a focus on explosive pressing power, or for higher reps.",strength,shoulders,other,intermediate,6.8,Landmine Linear Jammer
Crucifix,,strongman,shoulders,other,beginner,6.0,Crucifix
Bar shoulder extension stretch,The bar shoulder extension stretch is a technique to increase overhead mobility (known as shoulder flexion) and thoracic extension with the help of a bar or other stable object. It is often used as part of a warm-up before upper-body training.,stretching,shoulders,other,beginner,5.3,Bar bahu ekstensi stretch
Chair Upper Body Stretch,,stretching,shoulders,other,beginner,4.1,Chair Upper Body Stretch
Sled Reverse Flye,,strength,shoulders,other,intermediate,0.0,Sled Reverse Flye
Plate shoulder circle big to small,"The plate shoulder circle big to small is an exercise targeting the shoulder complex. Typically, this is considered a warm-up move rather than a working exercise. It warms up the shoulder joint and works small and hard-to-attack muscles such as the rotator cuff group.",strength,shoulders,other,intermediate,0.0,pelat bahu circle big to small
Sled Overhead Backward Walk,,strength,shoulders,other,beginner,0.0,Sled Overhead Backward Walk
Log Lift,,strongman,shoulders,other,beginner,0.0,Log angkat
Standing suspended rear delt fly,"The standing suspended rear delt fly is a bodyweight movement targeting the shoulders and upper back using a suspension strap system or gymnastic rings. It can be performed for time or reps as part of a dynamic warm-up for an upper-body strength workout, or in the workout itself either in traditional muscle-building rep ranges or for higher reps.",strength,shoulders,other,intermediate,0.0,berdiri suspended rear delt fly
Waiter's carry,"The waiter's carry is a type of loaded carry that targets the core, shoulders, and upper back. A weight is raised overhead with a single arm before the lifter begins walking in that position. It resembles a waiter carrying a tray overhead—hence the name. It can be performed for time or distance.",strength,shoulders,other,intermediate,0.0,Waiter's carry
Towel dumbbell front raise,The towel dumbbell front raise is a variation of the dumbbell front raise that involves hanging a dumbbell from a towel held in the hands. It could also be performed with a kettlebell or weight plate. It can provide variety in a shoulder-focused muscle-building workout or as part of an upper-body or full-body circuit.,strength,shoulders,other,intermediate,0.0,Towel dumbbell depan angkat
Reach-roll-lift combo,"The reach-roll-lift combo is a mobility drill for the upper back and shoulders. It can be part of a dynamic warm-up for upper-body workouts, or as postural training anytime.",stretching,shoulders,other,intermediate,7.9,Reach-roll-angkat combo
Upright Row - Gethin Variation,The barbell upright row is a barbell exercise that builds stronger and bigger traps. Many lifters combine this move with either their back or shoulder workout since it involves both body parts.,strength,shoulders,other,intermediate,7.9,tarikan tegak - Gethin Variation
Squat Press Shoulder Press - Gethin Variation,,strength,shoulders,other,intermediate,7.9,squat dorongan bahu dorongan - Gethin Variation
Plate lateral raise,"The plate lateral raise is an exercise targeting the side heads of the shoulder muscles or deltoids. It closely resembles the more popular dumbbell lateral raise, but is performed with light plates, making the movement slightly more difficult. It is usually performed for moderate to high reps as part of a shoulder or upper-body workout.",strength,shoulders,other,intermediate,7.9,pelat lateral angkat
Standing Military Press - Gethin Variation,"The military press is a compound movement used to build size and strength in the shoulders. It was once contested as a fourth powerlift, but is rarely competed anymore. However, being able to press a significant weight overhead remains a popular marker of upper-body strength. The military press can be trained as a strength lift or in traditional muscle-building rep ranges as part of full-body, shoulder-focused, or upper-body training.",strength,shoulders,other,intermediate,7.9,berdiri Military dorongan - Gethin Variation
Bent-over plate rear delt raise,"The bent-over plate rear delt raise is an exercise targeting the rear heads of the shoulders, or deltoids. You can also use dumbbells or other light weights for a similar effect. This movement is usually performed as part of a dynamic warm-up or as a high-rep burnout movement on a shoulder or back day.",strength,shoulders,other,intermediate,7.9,membungkuk pelat rear delt angkat
Single-arm landmine press,"The single-arm landmine press is an upper-body exercise that uses an angled barbell anchored at floor level in a landmine device. It can also be performed by sticking a barbell in the corner of a room, preferably in a towel to protect the walls. The angle of a landmine press is usually somewhere between an incline press and a military press, and the movement focuses primarily on the muscles of the shoulders or deltoids. It can be trained in traditional muscle and strength-focused rep ranges or for higher reps.",strength,shoulders,other,intermediate,7.9,satu lengan landmine dorongan
Plate front raise,"The plate front raise is a variation of the front raise where the lifter holds a weight plate between two hands, rather than using a dumbbell, barbell, or other weight. It can provide variety in a shoulder-focused muscle-building workout or as part of an upper-body or full-body circuit.",strength,shoulders,other,intermediate,7.9,pelat depan angkat
Holman Slow Overhead Press,,strength,shoulders,other,intermediate,7.9,Holman Slow Overhead dorongan
30 Shoulders Plate Front Raise,,strength,shoulders,other,intermediate,7.9,30 Shoulders pelat depan angkat
Single-arm landmine push-press,"The single-arm landmine push-press is an explosive upper-body exercise that uses an angled barbell anchored at floor level in a landmine device. It can also be performed by sticking a barbell in the corner of a room, preferably in a towel to protect the walls. The angle of a landmine press is usually somewhere between an incline press and a military press, and the movement focuses primarily on the muscles of the shoulders or deltoids. It can be trained in traditional muscle and strength-focused rep ranges or for higher reps.",strength,shoulders,other,intermediate,7.9,satu lengan landmine dorongan-dorongan
Single-arm cable front raise,"The single-arm cable front raise is an isolation exercise targeting the anterior and medial deltoids or shoulder muscles. The single-arm version of this movement allows you to focus on each side independently. Because grip will be a limitation, it is usually performed for moderate to high reps, at least 8-12 reps per set, as part of an upper-body or shoulder-focused workout.",strength,shoulders,cable,intermediate,8.7,satu lengan kabel depan angkat
Cable Internal Rotation,,strength,shoulders,cable,beginner,8.6,kabel Internal Rotation
Seated face pull,"The seated face pull is a cable exercise targeting the shoulder muscles, particularly the rear delts, and the muscles of the upper back. This can help build healthier shoulders and posture, and increase shoulder stability. It is usually performed for moderate to high reps as part of a dynamic warm-up for an upper-body workout or in the main part of a shoulder-focused workout.",strength,shoulders,cable,intermediate,8.5,duduk tarikan wajah
Single-arm bent-over cable rear delt fly,"The single-arm bent-over cable rear delt fly is an exercise targeting the rear deltoids. It is a great way to isolate this area of the shoulder and attack each side independently. It is usually performed for moderate to high reps, at least 8-12 reps per set, as part of an upper-body or shoulder-focused workout.",strength,shoulders,cable,intermediate,8.5,satu lengan membungkuk kabel rear delt fly
Seated cable shoulder press,"The seated cable shoulder press is a multijoint machine-based exercise that focuses on the deltoid or shoulder muscles, as well as the triceps. It's most common in muscle-building workouts and rep ranges, usually 8-12 reps or more.",strength,shoulders,cable,intermediate,8.5,duduk kabel bahu dorongan
Standing face pull,"The standing face pull is an isolation exercise primarily targeting the rear deltoids, traps, and upper back. It is most often performed with a rope attachment.",strength,shoulders,cable,intermediate,8.4,berdiri tarikan wajah
Standing cable rear delt row,"The standing cable rear delt row primarily targets the rear deltoids. This movement also hits the traps, rhomboids, and biceps. It is usually performed for moderate to high reps, at least 8-12 reps per set, as part of an upper-body or shoulder-focused workout.",strength,shoulders,cable,intermediate,8.4,berdiri kabel rear delt tarikan
Standing Low-Pulley Deltoid Raise,"The single-arm cable lateral raise is an isolation exercise targeting the shoulders, specifically the medial deltoid. This movement also hits the traps and upper back, and allows you to focus on each side independently. Because grip is a limitation, it is usually performed for moderate to high reps, like at least 8-12 reps per set, as part of an upper body or shoulders-focused workout.",strength,shoulders,cable,intermediate,8.3,berdiri Low-Pulley Deltoid angkat
Standing crossed-cable rear delt fly,"The standing crossed-cable rear delt fly is an isolation exercise for the rear deltoids. It is usually performed for moderate to high reps, at least 8-12 reps per set, as part of an upper-body or shoulder-focused workout.",strength,shoulders,cable,intermediate,8.2,berdiri crossed-kabel rear delt fly
Cable Shoulder Press,,strength,shoulders,cable,beginner,8.1,kabel bahu dorongan
Alternating Cable Shoulder Press,,strength,shoulders,cable,beginner,8.0,bergantian kabel bahu dorongan
Cable Seated Lateral Raise,,strength,shoulders,cable,intermediate,6.5,kabel duduk Lateral angkat
Single-arm lying cable front raise,"The single-arm lying cable front raise is an isolation exercise for the shoulders, performed lying on the back, either on a bench or the ground, and lifting the cable over the torso one arm at a time. This movement is usually performed for moderate to high reps for a burn and pump as part of a shoulder-focused workout.",strength,shoulders,cable,intermediate,7.9,satu lengan berbaring kabel depan angkat
Lying cable front raise,"The lying cable front raise is an isolation exercise for the shoulders, particularly the front deltoids. It is performed lying on the back, either on a bench or the ground, with the cable lifted over the torso. This movement is usually performed for moderate to high reps for a burn and pump as part of a shoulder-focused workout.",strength,shoulders,cable,intermediate,7.9,berbaring kabel depan angkat
Cable Rear Delt Fly - Gethin Variation,"The standing crossed-cable rear delt fly is an isolation exercise for the rear deltoids. It is usually performed for moderate to high reps, at least 8-12 reps per set, as part of an upper-body or shoulder-focused workout.",strength,shoulders,cable,intermediate,7.9,kabel Rear Delt fly - Gethin Variation
One-Arm Cable Side Raise - Gethin Variation,"The single-arm cable lateral raise is an isolation exercise targeting the shoulders, specifically the medial deltoid. This movement also hits the traps and upper back, and allows you to focus on each side independently. Because grip is a limitation, it is usually performed for moderate to high reps, like at least 8-12 reps per set, as part of an upper body or shoulders-focused workout.",strength,shoulders,cable,intermediate,7.9,One-lengan kabel samping angkat - Gethin Variation
Rope Face Pull - Gethin Variation,"The standing face pull is an isolation exercise primarily targeting the rear deltoids, traps, and upper back. It is most often performed with a rope attachment.",strength,shoulders,cable,intermediate,7.9,tali tarikan wajah - Gethin Variation
Lying cable lateral raise,"The lying cable lateral raise is an isolation exercise that targets the medial or middle deltoid muscle of the shoulders. It is most common in muscle-building shoulder or upper-body workouts, usually in higher rep ranges of at least 8-12 reps per set.",strength,shoulders,cable,intermediate,7.9,berbaring kabel lateral angkat
Cable seated row,"The cable seated row is a popular exercise to train the muscles of the upper back, including the lats (latissimus dorsi), traps, rhomboids, and rear deltoids, using a cable stack. It also targets the biceps to a lesser degree. The cable row can work well in a variety of rep ranges but is most popular in muscle-building workouts or as an accessory movement for strength workouts.",strength,shoulders,cable,intermediate,7.9,kabel duduk tarikan
Single-arm cable lateral raise,"The single-arm cable lateral raise is an isolation exercise targeting the shoulders, specifically the medial deltoid. This movement also hits the traps and upper back and allows you to focus on each side independently. Because grip is a limitation, it is usually performed for moderate to high reps, at least 8-12 reps per set, as part of an upper-body or shoulder-focused workout.",strength,shoulders,cable,intermediate,7.9,satu lengan kabel lateral angkat
UP Cable Face Pull,"The standing face pull is an isolation exercise primarily targeting the rear deltoids, traps, and upper back. It is most often performed with a rope attachment.",strength,shoulders,cable,intermediate,7.9,UP kabel tarikan wajah
AA Cable Leaning Side Raise,,strength,shoulders,cable,intermediate,7.9,AA kabel Leaning samping angkat
30 Shoulders Bent-Over Low Cable Reverse Fly,,strength,shoulders,cable,intermediate,7.9,30 Shoulders membungkuk Low kabel Reverse fly
30 Shoulders Cable Rope Face Pull,,strength,shoulders,cable,intermediate,7.9,30 Shoulders kabel tali tarikan wajah
30 Shoulders Cable Straight-Bar Front Raise,,strength,shoulders,cable,intermediate,7.9,30 Shoulders kabel Straight-Bar depan angkat
30 Shoulders Cable Straight-Bar Upright Row,,strength,shoulders,cable,intermediate,7.9,30 Shoulders kabel Straight-Bar tarikan tegak
30 Shoulders High Cable Reverse Fly,,strength,shoulders,cable,intermediate,7.9,30 Shoulders High kabel Reverse fly
30 Shoulders Single-Arm Bent-Over Cable Reverse Fly,,strength,shoulders,cable,intermediate,7.9,30 Shoulders satu lengan membungkuk kabel Reverse fly
30 Shoulders Single-Arm Cable Front Raise,,strength,shoulders,cable,intermediate,7.9,30 Shoulders satu lengan kabel depan angkat
30 Shoulders Single-Arm Leaning Cable Lateral Raise,,strength,shoulders,cable,intermediate,7.9,30 Shoulders satu lengan Leaning kabel Lateral angkat
RG 3-Way Single-Arm Rear Delt Cable Fly,,strength,shoulders,cable,intermediate,7.9,RG 3-Way satu lengan Rear Delt kabel fly
RG Single-Arm Cross-Body Cable Front Raise,,strength,shoulders,cable,intermediate,7.9,RG satu lengan Cross-Body kabel depan angkat
Smith machine shoulder press,"The Smith machine shoulder press is a machine-based exercise targeting the deltoid muscles. The Smith machine mimics a barbell but provides more stability. This movement can be programmed in low reps for strength or higher reps for muscle and strength endurance. It is often performed for moderate to high reps, such as 8-12 reps per set or more, as part of a shoulder or upper-body focused workout.",strength,shoulders,machine,intermediate,8.9,Smith mesin bahu dorongan
Machine shoulder press,"The machine shoulder press is a machine-based exercise targeting the deltoid muscles. It approximates the motion of a free-weight shoulder press, but uses a selectorized weight-stack or plate-loaded machine. Many such machines also allow you to choose between different grips and grip widths. Machine shoulder presses are often done for moderate to high reps, such as 8-12 reps per set or more, as part of the upper-body or shoulder-focused portion of a workout.",strength,shoulders,machine,intermediate,8.9,mesin bahu dorongan
Reverse Machine Flyes,"The machine rear delt fly is an exercise targeting the rear head of the shoulder muscle or deltoids, as well as the muscles of the upper back. It's sort of the reverse of the machine chest fly, and is sometimes performed on the same machine, but facing the opposite direction. Because it targets such small muscles, this exercise is usually performed with light weight for high reps, such as 10-15 reps per set or more.",strength,shoulders,machine,intermediate,8.2,Reverse mesin fly
Single-arm Smith machine upright row,"The single-arm Smith machine upright row is an upper-body exercise targeting the muscles of the traps and shoulders. This movement is often performed for moderate to high reps, such as 8-12 reps per set or more, as part of an upper-body or shoulder-focused workout.",strength,shoulders,machine,intermediate,7.2,satu lengan Smith mesin tarikan tegak
Machine Lateral Raise,,strength,shoulders,machine,intermediate,7.2,mesin Lateral angkat
Smith machine behind-the-neck press,"The Smith machine behind-the-neck press is a machine-based exercise targeting the deltoids. The Smith machine mimics a barbell but provides more stability. This movement can be programmed in low reps for strength or higher reps for muscle and strength endurance. It is often performed for moderate to high reps, such as 8-12 reps per set or more, as part of a shoulder or upper-body focused workout.",strength,shoulders,machine,intermediate,7.9,Smith mesin behind-the-neck dorongan
Smith Machine Behind-The-Neck Press - Gethin Variation,"The Smith machine behind-the-neck press is a machine-based exercise targeting the deltoids. The Smith machine mimics a barbell but provides more stability. This movement can be programmed in low reps for strength or higher reps for muscle and strength endurance. It is often performed for moderate to high reps, such as 8-12 reps per set or more, as part of a shoulder or upper-body focused workout.",strength,shoulders,machine,intermediate,7.9,Smith mesin Behind-The-Neck dorongan - Gethin Variation
30 Shoulders Leg Press Shoulder Press,,strength,shoulders,machine,intermediate,7.9,30 Shoulders dorongan kaki bahu dorongan
30 Shoulders Machine Shoulder Press,,strength,shoulders,machine,intermediate,7.9,30 Shoulders mesin bahu dorongan
30 Shoulders Pec-Deck Reverse Fly,,strength,shoulders,machine,intermediate,7.9,30 Shoulders Pec-Deck Reverse fly
30 Shoulders Smith Machine Behind-The-Head Press,,strength,shoulders,machine,intermediate,7.9,30 Shoulders Smith mesin Behind-The-Head dorongan
30 Shoulders Smith Machine Shoulder Press,,strength,shoulders,machine,intermediate,7.9,30 Shoulders Smith mesin bahu dorongan
Handstand push-up,"The handstand push-up is an exercise targeting the shoulders, although other muscles assist in the completion of the reps. It is common in both CrossFit workouts and advanced bodyweight or calisthenics training. Given the degree of difficulty, beginners will need to progress to this move.",strength,shoulders,body only,intermediate,8.7,Handstand dorongan-up
Upward Stretch,,stretching,shoulders,body only,intermediate,6.7,Upward Stretch
Shoulder Circles,,stretching,shoulders,body only,intermediate,6.7,bahu Circles
Cross-body shoulder stretch,"The cross-body shoulder stretch targets increased flexibility in the shoulders. It is a common inclusion in upper-body dynamic warm-ups prior to training or sports, but can also be performed anytime to ""limber up"" the upper body.",stretching,shoulders,body only,intermediate,5.9,Cross-body bahu stretch
Arm circle,"The arm circle is a non-weighted exercise targeting the shoulders. It involves extending your arms to the sides and drawing small circles in the air with your hands. It is common in warm-ups for both training and athletics, and is often performed simply until someone feels a burn, rather than for a set amount of reps.",stretching,shoulders,body only,intermediate,5.1,lengan circle
Seated Front Deltoid,,stretching,shoulders,body only,beginner,4.5,duduk depan Deltoid
Shoulder Raise,,stretching,shoulders,body only,intermediate,4.1,bahu angkat
Hand Stand Push-Up,"The handstand push-up is an exercise targeting the shoulders, although other muscles assist in the completion of the reps. It is common in both CrossFit workouts and advanced bodyweight or calisthenics training. Given the degree of difficulty, beginners will want to progress to this move.",strength,shoulders,body only,intermediate,0.0,Hand Stand dorongan-up
Wall walk,"The wall walk is a challenging exercise that works the entire body. From a push-up position, the hands walk back as the feet walk up the wall, then the whole movement is reversed. This is not for beginners, who will need to progress to this exercise.",strength,shoulders,body only,intermediate,0.0,Wall walk
Return Push from Stance,,plyometrics,shoulders,body only,intermediate,0.0,Return dorongan from Stance
Wall shoulder tap,"The wall shoulder tap is a bodyweight shoulder exercise that is a popular movement for gymnasts, cheerleaders, and other athletes who need to spend a lot of time in dynamic handstand movements. Beginning in a handstand position with toes touching the wall, one hand is raised to touch the opposing shoulder. This continues in alternating fashion for the duration of the set.",strength,shoulders,body only,intermediate,0.0,Wall bahu tap
Bear crawl shoulder tap,"The bear crawl shoulder tap is a variation of the bear crawl that involves touching the opposing shoulder while in a static bear crawl hold. It adds an extra coordination and core challenge to an already intense full-body movement that targets the cardiovascular system as well as a wide range of muscle groups. It can be done as a full-body warm-up, or as part of a bodyweight circuit or flow.",strength,shoulders,body only,intermediate,0.0,Bear crawl bahu tap
Shadow boxing,"Shadow boxing is an exercise typically used in combat sports and fighting. However, it can also make a great cardio session for anyone to implement in a fast-paced circuit or as active rest. It is usually performed for time or rounds.",cardio,shoulders,body only,intermediate,0.0,Shadow boxing
Bear crawl fire feet,"Bear crawl fire feet is a variation of the bear crawl that involves running in place while in a static bear crawl hold. It adds an extra coordination and full-body challenge to an already intense full-body movement that targets the cardiovascular system as well as a wide range of muscle groups. It can be done as a full-body warm-up, or as part of a bodyweight circuit or flow.",cardio,shoulders,body only,intermediate,0.0,Bear crawl fire feet
Wall sprawl,"The wall sprawl is a bodyweight exercise targeting the shoulders, although numerous other muscles are recruited to complete the exercise. From an all-fours position, you kick up onto the wall, then back down. It's a serious cardiovascular challenge that is usually performed as part of a fat-loss or athleticism-focused workout.",plyometrics,shoulders,body only,intermediate,0.0,Wall sprawl
Bent Over Shoulder Y,"The lying rear delt Y works the shoulders, specifically the rear heads. The range of motion differs from the lying rear delt fly. At the midpoint, the arms and torso form a Y—hence the name.",stretching,shoulders,body only,intermediate,7.9,Bent Over bahu Y
Shoulder L,"The bent-over shoulder rotation is an upper-body exercise that helps strengthen the muscles around the rotator cuff for a stable shoulder joint. It is usually performed as part of a dynamic warm-up for the shoulders. It can be performed with body weight, light dumbbells or weight plates, or bands.",strength,shoulders,body only,intermediate,7.9,bahu L
Shoulder Dislocation Stretch-Dowel,,stretching,shoulders,body only,intermediate,7.9,bahu Dislocation Stretch-Dowel
TBS Inverted Row,"The Smith machine inverted row is a bodyweight exercise targeting the muscles of the lats (latissimus dorsi) and upper back, using the bar of the Smith machine to hang and pull from. You can change the bar height to customize the difficulty level and desired angle of the row. This variation is usually performed for moderate to high reps, such as 8-12 reps per set or more.",strength,shoulders,body only,intermediate,7.9,TBS Inverted tarikan
PVC Shoulder Stretch,,stretching,shoulders,body only,intermediate,7.9,PVC bahu Stretch
Shoulder T,"The bent-over plate rear delt raise is an exercise targeting the rear heads of the shoulders, aka deltoids. You can also use dumbbells or other light weights for a similar effect. This movement is usually performed as part of a dynamic warm-up, or as a high-rep burnout movement on a shoulder or back day.",stretching,shoulders,body only,intermediate,7.9,bahu T
HM Arm Circle,,strength,shoulders,body only,intermediate,7.9,HM lengan Circle
HM Shoulder Stretch,,stretching,shoulders,body only,intermediate,7.9,HM bahu Stretch
HM Shoulder Stretch on Floor,,stretching,shoulders,body only,intermediate,7.9,HM bahu Stretch on Floor
HM Shoulder Tap,,stretching,shoulders,body only,intermediate,7.9,HM bahu Tap
HM Hand-On-Wall Stretch,,strength,shoulders,body only,intermediate,7.9,HM Hand-On-Wall Stretch
HM Jumping Arm Circle,,strength,shoulders,body only,intermediate,7.9,HM Jumping lengan Circle
Kipping Clapping Pull-Up,,strength,shoulders,body only,intermediate,7.9,Kipping Clapping tarikan-up
Holman Kneeling Overhead Press to Donkey Kick,,strength,shoulders,body only,intermediate,7.9,Holman Kneeling Overhead dorongan to Donkey Kick
Floor angel,The floor angel is a stretch targeting shoulder mobility and activation of the shoulder stabilizer muscles. It also targets a range of postural muscles in the upper back.,strength,shoulders,body only,intermediate,7.9,Floor angel
Shoulder extension stretch,"The shoulder extension stretch is focused on bringing more flexibility to the shoulder joint. It increases range of motion in shoulder extension, or moving the arms behind the back. It can be performed as part of a warm-up or mobility and flexibility work post-workout or anytime.",strength,shoulders,body only,intermediate,7.9,bahu ekstensi stretch
Backward Medicine Ball Throw,,plyometrics,shoulders,medicine ball,beginner,6.8,Backward Medicine Ball Throw
Medicine ball scoop throw,"The medicine ball scoop throw is an explosive exercise targeting the abdominals and hips. It can be performed for lower reps with a focus on power or for higher reps with a focus on fat loss and conditioning. It begins in a semi-squat position holding a medicine ball, which then gets ""scooped"" up and thrown overhead in one continuous movement.",plyometrics,shoulders,medicine ball,intermediate,3.4,Medicine ball scoop throw
Standing Two-Arm Overhead Throw,,plyometrics,shoulders,medicine ball,beginner,0.0,berdiri Two-lengan Overhead Throw
Incline face-down bar front raise,"The incline face-down bar front raise is an upper-body exercise targeting the shoulders. Because it is performed face down on an angled bench, it has a greater range of motion than standing or upright-seated raises and hits the shoulders from a different angle. Raise variations are usually performed for moderate to high reps, such as 8-12 reps per set or more, as part of upper-body or shoulder-focused training.",strength,shoulders,e-z curl bar,intermediate,8.3,miring face-down bar depan angkat
Incline anti-gravity shoulder press,"The incline anti-gravity shoulder press is an upper-body exercise targeting the shoulders and upper back. It works the rear delts and upper-back muscles isometrically to hold the weight up, while dynamically training the lateral and front delts. Because of the challenge of holding the weight up, this press variation is usually performed with relatively light weights for moderate reps, such as 8-12 reps per set or more, as part of upper-body or shoulder training.",strength,shoulders,e-z curl bar,intermediate,8.2,miring anti-gravity bahu dorongan
30 Shoulders EZ-Bar Front Raise,,strength,shoulders,e-z curl bar,intermediate,7.9,30 Shoulders EZ-Bar depan angkat
Side Wrist Pull,,stretching,shoulders,body only,beginner,8.4,samping Wrist tarikan
Elbow Circles,,stretching,shoulders,body only,beginner,5.3,Elbow Circles
Kneeling Arm Drill,,plyometrics,shoulders,body only,beginner,4.0,Kneeling lengan Drill
Bent-over shoulder rotation,"The bent-over shoulder rotation is an upper-body exercise that helps strengthen the muscles around the rotator cuff for a stable shoulder joint. It is usually performed as part of a dynamic warm-up for the shoulders. It can be performed with body weight, light dumbbells or weight plates, or bands.",strength,shoulders,exercise ball,intermediate,7.9,membungkuk bahu rotation
Band overhead triceps press,"The band overhead triceps press is a dynamic arm exercise utilizing a looped exercise band. It could also be performed with an exercise band with handles. It targets the triceps muscles and can be performed for time or reps, either in traditional muscle-building rep ranges such as 12-15 reps per set, or higher rep ranges such as 30, 50, or more.",strength,triceps,bands,intermediate,0.0,band overhead trisep dorongan
Band overhead triceps extension,"The band overhead triceps extension is a single-joint exercise focused on the triceps that uses the dynamic resistance of the band. The overhead position of the arms targets the long head of the triceps. Many lifters save this move for last in their triceps workout, performing it for moderate to high reps, such as 8-12 reps or more per set.",strength,triceps,bands,intermediate,7.9,band overhead trisep ekstensi
Band straight-arm pull-down,"The band straight-arm pull-down is a non-gym or at home variation of the straight-arm lat pull-down performed using a cable stack machine. It can either be performed in an athletic upright stance, or slightly bent over. It both stretches and contracts the muscles of the lats (latissimus dorsi) as well as providing additional activation to the other upper back muscles and the core. Because the triceps are also isometrically involved in the movement, it is usually performed for higher reps, such as 8-15 reps or more.",strength,triceps,bands,intermediate,7.9,band straight-lengan tarikan-down
Band skullcrusher,The band skullcrusher is a variation of the popular bench exercise targeting the triceps muscles. It is usually performed for moderate to high reps as part of an upper-body or arm-focused workout.,strength,triceps,bands,intermediate,7.9,band skullcrusher
Single-arm band kick-back,"The single-arm band kick-back is an isolation exercise that targets the triceps. This is a common burnout move performed for moderate to high reps, such as 8-12 reps per set or more, as part of an upper-body or arm-focused workout.",strength,triceps,bands,intermediate,7.9,satu lengan band kick-punggung
Incline EZ-bar skullcrusher,The incline EZ-bar skullcrusher is a popular exercise targeting the triceps muscles. The incline angle helps to target the long head of the triceps in particular. This exercise is usually performed for moderate to high reps as part of an upper-body or arm-focused workout.,strength,triceps,barbell,intermediate,8.9,miring EZ-bar skullcrusher
Decline Close-Grip Bench To Skull Crusher,,strength,triceps,barbell,beginner,8.9,menurun pegangan sempit bangku To Skull Crusher
Bench Press - Powerlifting,,powerlifting,triceps,barbell,intermediate,8.7,bangku dorongan - Powerlifting
Behind-the-head skullcrusher,"The behind-the-head skullcrusher is a variation on a triceps exercise that has been a staple of bodybuilders for decades. In this version, instead of the bar coming down lightly to the forehead, the bar tracks over the top of the head without touching it. Skullcrushers are usually performed for moderate to high reps, such as 8-12 reps per set or more, as part of an upper-body or arm-focused workout. If a straight bar is uncomfortable for your wrists or elbows, try using an angled EZ-bar.",strength,triceps,barbell,intermediate,8.7,Behind-the-head skullcrusher
Standing barbell overhead triceps extension,"The standing barbell overhead triceps extension is an isolation movement targeting the triceps. The overhead position targets the long head of the triceps in particular. This movement is generally performed for moderate to high reps as part of the arms-focused portion of a workout. If holding a straight bar bothers the wrists or elbows, it can alternately be performed with an EZ-bar or neutral-grip bar.",strength,triceps,barbell,intermediate,8.6,berdiri barbell overhead trisep ekstensi
Reverse-grip bench press,"The reverse-grip bench press is a popular barbell exercise targeting the chest, triceps, and forearms. The main difference between this exercise and the standard bench press is that the grip is underhand, not overhand. This helps target both the upper chest and the triceps. This lift can feel awkward at first, so go light and don't be afraid to use a spotter.",strength,triceps,barbell,intermediate,8.3,Reverse-grip bangku dorongan
Bench Press with Chains,,powerlifting,triceps,barbell,beginner,8.3,bangku dorongan with Chains
Floor Press,,powerlifting,triceps,barbell,beginner,8.3,Floor dorongan
One Arm Floor Press,,strength,triceps,barbell,beginner,7.3,One lengan Floor dorongan
Pin Presses,,powerlifting,triceps,barbell,beginner,7.0,Pin Presses
JM Press With Bands,,strength,triceps,barbell,beginner,0.0,JM dorongan With Bands
JM Press,,strength,triceps,barbell,beginner,0.0,JM dorongan
Floor Press with Chains,,powerlifting,triceps,barbell,beginner,0.0,Floor dorongan with Chains
Reverse Band Bench Press,,powerlifting,triceps,barbell,beginner,0.0,Reverse band bangku dorongan
Decline Barbell Triceps Extension - Gethin Variation,The decline EZ-bar skullcrusher is an upper body isolation exercise targeting the triceps.,strength,triceps,barbell,intermediate,7.9,menurun barbell trisep ekstensi - Gethin Variation
AM Skullcrusher,"The EZ-bar skullcrusher is a popular exercise targeting the triceps muscles. The EZ-bar is used more often than a straight bar. As for the name, that’s worst-case scenario. The bar should actually come down behind the head. It is usually performed for moderate to high reps as part of an upper body or arms-focused workout. No need to chase a 1RM on this move!",strength,triceps,barbell,intermediate,7.9,AM Skullcrusher
30 Arms Close-Grip Bench Press,,strength,triceps,barbell,intermediate,7.9,30 lengan dorongan dada pegangan sempit
30 Arms Barbell Skullcrusher,,strength,triceps,barbell,intermediate,7.9,30 lengan barbell Skullcrusher
FYR2 Sprawl Over Kettlebell,,strength,triceps,kettlebells,intermediate,7.9,FYR2 Sprawl Over kettlebell
Dumbbell floor press,"The dumbbell floor press is a multijoint pressing exercise performed lying on the floor. It can be performed either with the knees bent or flat. The floor press limits the range of motion you would achieve with a regular dumbbell bench press, but still targets the chest, triceps, and anterior delts. This allows you to press more weight than in a dumbbell bench press, and perhaps put less stress on the shoulders.",powerlifting,triceps,dumbbell,intermediate,9.3,dumbbell floor dorongan
Seated triceps press,"The seated triceps press is a popular arm-building exercise that targets the triceps with a single dumbbell held by both hands, extending it up behind your head. While you can go surprisingly heavy on this movement, it is usually performed for moderate to high reps, such as 8-12 reps per set or more, as part of the upper-body or arm-focused portion of a workout. If you're going heavy, having someone help get the weight into position is a good idea.",strength,triceps,dumbbell,intermediate,8.9,duduk trisep dorongan
Tricep Dumbbell Kickback,The single-arm triceps kick-back is an isolation move from a bent-over position used to increase size and strength of the triceps.,strength,triceps,dumbbell,intermediate,8.8,Tricep dumbbell tendangan belakang
Standing Dumbbell Triceps Extension,,strength,triceps,dumbbell,intermediate,8.8,berdiri dumbbell trisep ekstensi
Double-arm triceps kick-back,"The double-arm triceps kick-back is a popular movement to increase size and strength of the triceps. It is usually performed for moderate to high reps, at least 8-12 reps, as part of an upper-body or arm-focused workout.",strength,triceps,dumbbell,intermediate,8.8,dua lengan trisep kick-punggung
Single-arm dumbbell triceps extension,"The single-arm dumbbell triceps extension is a popular exercise targeting the triceps one side at a time. It targets all three heads of the triceps, but when performed with the arm overhead, it can be especially effective at building the long head of the triceps. This exercise is usually performed for moderate to high reps, at least 8-12 reps per set, as part of the upper-body or arm-focused portion of a workout.",strength,triceps,dumbbell,intermediate,8.5,satu lengan dumbbell trisep ekstensi
Decline Dumbbell Triceps Extension,,strength,triceps,dumbbell,beginner,8.5,menurun dumbbell trisep ekstensi
Dumbbell skullcrusher,"The dumbbell skullcrusher is a triceps exercise that has been a staple of bodybuilders for decades. Skullcrushers are usually performed for moderate to high reps, such as 8-12 reps per set or more, as part of an upper-body or arm-focused workout.",strength,triceps,dumbbell,intermediate,8.4,dumbbell skullcrusher
One Arm Pronated Dumbbell Triceps Extension,,strength,triceps,dumbbell,beginner,8.4,One lengan Pronated dumbbell trisep ekstensi
One Arm Supinated Dumbbell Triceps Extension,,strength,triceps,dumbbell,beginner,8.4,One lengan Supinated dumbbell trisep ekstensi
Seated Bent-Over Two-Arm Dumbbell Triceps Extension,,strength,triceps,dumbbell,beginner,8.2,duduk membungkuk Two-lengan dumbbell trisep ekstensi
Tate Press,,strength,triceps,dumbbell,beginner,8.1,Tate dorongan
Standing Bent-Over One-Arm Dumbbell Triceps Extension,The single-arm triceps kick-back is an isolation move from a bent-over position used to increase size and strength of the triceps.,strength,triceps,dumbbell,intermediate,7.9,berdiri membungkuk One-lengan dumbbell trisep ekstensi
Seated Bent-Over One-Arm Dumbbell Triceps Extension,,strength,triceps,dumbbell,beginner,7.5,duduk membungkuk One-lengan dumbbell trisep ekstensi
Dumbbell Tricep Extension -Pronated Grip,,strength,triceps,dumbbell,beginner,6.3,dumbbell Tricep ekstensi -Pronated Grip
V-sit with overhead triceps extension,"The V-sit with overhead triceps extension is a hybrid movement that trains the abdominal and triceps muscles simultaneously. It can address multiple muscle groups in a time-efficient muscle-building or circuit-style workout, while also providing a cardiovascular challenge.",strength,triceps,dumbbell,intermediate,0.0,V-sit with overhead trisep ekstensi
PJR Pull-Over,,strength,triceps,dumbbell,intermediate,7.9,PJR tarikan-Over
Paul Carter Dumbbell Kick-Back,The single-arm triceps kick-back is an isolation move from a bent-over position used to increase size and strength of the triceps.,strength,triceps,dumbbell,intermediate,7.9,Paul Carter dumbbell Kick-punggung
Single-arm dumbbell skullcrusher,"The single-arm dumbbell skullcrusher is a triceps exercise that has been a staple of bodybuilders for decades. Skullcrushers are usually performed for moderate to high reps, such as 8-12 reps per set or more, as part of an upper-body or arms-focused workout.",strength,triceps,dumbbell,intermediate,7.9,satu lengan dumbbell skullcrusher
Dumbbells-together incline bench press,"The dumbbells-together incline bench press is an exercise targeting the pectoral muscles, particularly the upper pecs. Squeezing the dumbbells together forces the chest muscles to work hard during the entire press. This press variation is usually performed for moderate to high reps, such as 8-12 reps per set or more, as part of upper-body or chest-focused training.",strength,triceps,dumbbell,intermediate,7.9,Dumbbells-together dorongan dada bangku miring
Incline dumbbell overhead triceps extension,The incline dumbbell overhead triceps extension is a popular exercise targeting the triceps muscles. The incline angle helps to target the long head of the triceps in particular. This exercise is usually performed for moderate to high reps as part of an upper-body or arm-focused workout.,strength,triceps,dumbbell,intermediate,7.9,miring dumbbell overhead trisep ekstensi
Dumbbell Crush Press,,strength,triceps,dumbbell,intermediate,7.9,dumbbell Crush dorongan
Holman Hovering Renegade Triceps Press,,strength,triceps,dumbbell,intermediate,7.9,Holman Hovering Renegade trisep dorongan
Holman Heavy Triceps Press to Overhead Press,,strength,triceps,dumbbell,intermediate,7.9,Holman Heavy trisep dorongan to Overhead dorongan
Total Fitness Close-Grip Dumbbell Press,"The close-grip dumbbell bench press puts a spin on a mainstay of workout enthusiasts worldwide. It’s a classic move for building a bigger, stronger chest. The difference here is that the dumbbells are held closer together.",strength,triceps,dumbbell,intermediate,7.9,Total Fitness pegangan sempit dumbbell dorongan
Dumbbell row to triceps kick-back,"The dumbbell row to triceps kick-back is a dumbbell complex that combines two movements that collectively target the muscles of the lats (latissimus dorsi), upper back, and triceps. It also isometrically targets the core, hamstrings, and glutes. It is usually performed one rep of each movement at a time, although you could perform more reps of each, or increase the reps in successive rounds (e.g., 1 rep in round 1, 2 reps in round 2, etc.). No matter how you structure the sets and reps, it is a time-efficient way to hit two crucial upper-body muscles in any workout.",strength,triceps,dumbbell,intermediate,7.9,dumbbell tarikan to trisep kick-punggung
Rolling triceps press,"The rolling triceps press is a dynamic triceps exercise that is popular as a bench press accessory movement among powerlifters. It can be done in traditional muscle-building rep ranges, such as 8-12 reps per set, or for very high reps of 50-100 reps per set to boost triceps size and strength. It can be performed on a bench or on the floor if a bench is unavailable.",strength,triceps,dumbbell,intermediate,7.9,Rolling trisep dorongan
MetaBurn Skullcrusher to Ab Crunch,,strength,triceps,dumbbell,intermediate,7.9,MetaBurn Skullcrusher to Ab crunch
FYR2 Single-Dumbbell Triceps Extension,,strength,triceps,dumbbell,intermediate,7.9,FYR2 Single-dumbbell trisep ekstensi
30 Arms Overhead Dumbbell Triceps Extension,,strength,triceps,dumbbell,intermediate,7.9,30 lengan Overhead dumbbell trisep ekstensi
30 Arms Dumbbell Skullcrusher,,strength,triceps,dumbbell,intermediate,7.9,30 lengan dumbbell Skullcrusher
30 Arms Dumbbell Kick-Back,,strength,triceps,dumbbell,intermediate,7.9,30 lengan dumbbell Kick-punggung
30 Arms BFR Dumbbell Kick-Back,,strength,triceps,dumbbell,intermediate,7.9,30 lengan BFR dumbbell Kick-punggung
Dumbbell saw triceps skullcrusher,"The dumbbell saw triceps skullcrusher is a variation of the classic skullcrusher triceps exercise that has been a staple of bodybuilders for decades. It combines a dumbbell skullcrusher with a dumbbell shoulder press. It is usually performed for moderate to high reps, such as 8-12 reps per set or more, as part of an upper-body or arm-focused workout.",strength,triceps,dumbbell,intermediate,7.9,dumbbell saw trisep skullcrusher
Chain Handle Extension,,powerlifting,triceps,other,beginner,8.3,Chain Handle ekstensi
Sled Overhead Triceps Extension,,strength,triceps,other,beginner,0.0,Sled Overhead trisep ekstensi
Body Triceps Press Using Flat Bench,The bodyweight triceps press is an arm movement that involves performing overhead presses in a face-down position on a Smith machine or other raised bar. It is a surprisingly difficult movement that hammers all three heads of the triceps and can easily be scaled upward or downward in difficulty by moving the bar.,strength,triceps,other,intermediate,0.0,Body trisep dorongan Using Flat bangku
Suspended Triceps Press,,strength,triceps,other,beginner,0.0,Suspended trisep dorongan
Seated triceps push-down,The seated triceps push-down is a triceps exercise that is performed with a rope attachment. The seated position helps eliminate the use of momentum. It is usually performed for moderate to high reps as part of the arm-focused portion of a workout.,strength,triceps,other,intermediate,7.9,duduk trisep dorongan-down
Machine triceps extension-,"The machine triceps extension is a popular exercise to build size and strength in the triceps muscles. It approximates the motion of a free-weight skullcrusher, but uses a selectorized weight-stack or plate-loaded machine. Machine triceps extensions are often done for moderate to high reps, such as 8-12 reps per set or more, as part of the upper-body or arm-focused portion of a workout.",strength,triceps,other,intermediate,7.9,mesin trisep ekstensi-
Holman Overhead Weighted Triceps Press,,strength,triceps,other,intermediate,7.9,Holman Overhead berbeban trisep dorongan
30 Arms Weighted Triceps Dip,,strength,triceps,other,intermediate,7.9,30 lengan berbeban trisep Dip
Cable V-bar push-down,"The cable V-bar push-down is a popular gym exercise for targeting the triceps. It utilizes an angled bar, which can allow you to move heavier weights more comfortably than a straight bar or rope. It is usually performed for moderate to high reps, such as 8-12 reps or more per set, as part of an upper-body or arm-focused workout.",strength,triceps,cable,intermediate,9.1,kabel V-bar dorongan-down
Reverse Grip Triceps Pushdown,"The reverse-grip cable straight-bar push-down is a twist on the popular cable straight-bar push-down. The difference has to do with how the hands are positioned holding the bar: the palms facing up rather than down. Because grip will be a limiting factor, this movement is usually performed for moderate to high reps, such as 8-12 reps per set or higher.",strength,triceps,cable,intermediate,9.0,Reverse Grip dorongan trisep
Kneeling cable triceps extension,The kneeling cable triceps extension is a single-joint exercise meant to isolate the triceps muscles using a high pully on a cable stack and a bench. It can also be performed in a tall-kneeling stance from a low pully. It is most commonly used in muscle-building triceps or arm workouts.,strength,triceps,cable,intermediate,9.0,Kneeling kabel trisep ekstensi
Single-arm cable triceps extension,"The single-arm cable triceps extension is a single-joint isolation exercise for building the triceps. It involves driving a handle attached to a cable stack overhead to full extension. It is usually performed for moderate to high reps, such as 8-12 reps per set or more, as part of an upper-body or arm-focused workout.",strength,triceps,cable,intermediate,8.9,satu lengan kabel trisep ekstensi
Dip Machine,"The dip machine is a machine exercise that mimics a triceps dip, a bodyweight exercise performed on parallel bars or on a pull-up and dip station. It targets the triceps first, but also stretches and strengthens the chest and shoulders. Dips with a triceps focus are usually performed with an upright torso, the knees bent and crossed, and the arms close to the body. Dips can be performed for low reps for strength or higher reps for muscle growth.",strength,triceps,cable,intermediate,8.8,Dip mesin
Triceps Pushdown,"The cable V-bar push-down is a popular gym exercise for targeting the triceps. It utilizes an angled bar, which can allow you to move heavier weights more comfortably than a straight bar or rope. It is usually performed for moderate to high reps, such as 8-12 reps or more per set, as part of an upper-body or arm-focused workout.",strength,triceps,cable,intermediate,8.6,dorongan trisep
Low cable overhead triceps extension,"The low cable overhead triceps extension is a single-joint isolation exercise for building the triceps. It involves lying on a bench and then driving the rope handle to full extension. It is usually performed for moderate to high reps, such as 8-12 reps per set or more, as part of an upper-body or arm-focused workout.",strength,triceps,cable,intermediate,8.6,Low kabel overhead trisep ekstensi
Lying cable triceps extension,The lying cable triceps extension is an isolation exercise performed lying on either a bench or the floor. This movement is usually performed for moderate to high reps for a burn and pump as part of an arm-focused workout.,strength,triceps,cable,intermediate,8.6,berbaring kabel trisep ekstensi
Low Cable Triceps Extension,,strength,triceps,cable,beginner,8.2,Low kabel trisep ekstensi
Cable overhead triceps extension,"The cable overhead triceps extension is a cable exercise performed in a seated position, targeting the triceps muscles. While it hits all three heads of the triceps, the overhead position helps to target the long head in particular. The seated position helps eliminate the use of momentum. It is usually performed for moderate to high reps as part of the arm-focused portion of a workout.",strength,triceps,cable,intermediate,8.1,kabel overhead trisep ekstensi
Single-arm low cable triceps extension,"The single-arm low cable triceps extension is a single-joint isolation exercise for building the triceps. It involves driving a handle attached to a cable stack overhead to full extension. It is usually performed for moderate to high reps, such as 8-12 reps per set or more, as part of an upper-body or arm-focused workout.",strength,triceps,cable,intermediate,8.0,satu lengan low kabel trisep ekstensi
Incline cable straight-bar triceps extension,"The incline cable straight-bar triceps extension is a single-joint arm exercise performed on an incline bench. This incline position offers a great stretch and range of motion, potentially targeting the long head of the triceps more than some other triceps exercises. It is usually performed for moderate to high reps as part of the arm-focused portion of a workout.",strength,triceps,cable,intermediate,7.1,miring kabel straight-bar trisep ekstensi
Paul Carter Overhead Rope Triceps Extension,"The rope overhead triceps extension is a single-joint exercise focused on the triceps and using a cable stack with a rope handle. The overhead position targets the long head of the triceps in particular. Many lifters save this move for last in their triceps workout, performing it for moderate to high reps, like at least 8-12 reps or higher.",strength,triceps,cable,intermediate,7.9,Paul Carter Overhead tali trisep ekstensi
TBS Rope Cable Push-Down,"The cable rope push-down is a popular exercise targeting the triceps muscles. It's easy to learn and perform, making it a favorite for everyone from beginners to advanced lifters. It is usually performed for moderate to high reps, such as 8-12 reps or more per set, as part of an upper-body or arm-focused workout.",strength,triceps,cable,intermediate,7.9,TBS tali kabel dorongan-Down
Single-arm cable triceps kick-back,"The single-arm cable triceps kick-back is an isolation exercise that targets the triceps. This is a common burnout move performed for moderate to high reps, such as 8-12 reps per set or more, as part of an upper-body or arm-focused workout.",strength,triceps,cable,intermediate,7.9,satu lengan kabel trisep kick-punggung
Incline cable rope triceps extension,"The incline cable rope triceps extension is a single-joint arm exercise performed on an incline bench. This incline position offers a great stretch and range of motion, potentially targeting the long head of the triceps more than some other triceps exercises. It is usually performed for moderate to high reps as part of the arm-focused portion of a workout.",strength,triceps,cable,intermediate,7.9,miring kabel tali trisep ekstensi
Reverse-grip cable straight-bar push-down,"The reverse-grip cable straight-bar push-down is a twist on the popular cable straight-bar push-down. The difference has to do with how the hands are positioned holding the bar: the palms facing up rather than down. Because grip will be a limiting factor, this movement is usually performed for moderate to high reps, such as 8-12 reps per set or higher.",strength,triceps,cable,intermediate,7.9,Reverse-grip kabel straight-bar dorongan-down
Kneeling Cable Triceps Extension - Gethin Variation,"The kneeling cable triceps extension is an single-joint exercise meant to isolate the triceps muscles, using a high pully on a cable stack and a bench. It can also be performed in a tall-kneeling stance from a low pully. It is most commonly used in muscle-building triceps or overall arms workouts.",strength,triceps,cable,intermediate,7.9,Kneeling kabel trisep ekstensi - Gethin Variation
Cable Overhead Triceps Extension - Gethin Variation,The overhead triceps extension is an isolation exercise that is performed with a cable. It is usually performed for moderate to high reps as part of the arm-focused portion of a workout.,strength,triceps,cable,intermediate,7.9,kabel Overhead trisep ekstensi - Gethin Variation
Reverse-Grip Cable Triceps Pushdown - Gethin Variation,"The reverse-grip cable straight-bar push-down is a twist on the popular cable straight-bar push-down. The difference has to do with how the hands are positioned holding the bar: the palms facing up rather than down. Because grip will be a limiting factor, this movement is usually performed for moderate to high reps, such as 8-12 reps per set or higher.",strength,triceps,cable,intermediate,7.9,Reverse-Grip kabel dorongan trisep - Gethin Variation
Cable Triceps Extension - Gethin Variation,"The cable rope push-down is a popular exercise targeting the triceps muscles. It's easy to learn and perform, making it a favorite for everyone from beginners to advanced lifters. It is usually performed for moderate to high reps, such as 8-12 reps or more per set, as part of an upper-body or arm-focused workout.The cable rope push-down is a popular exercise targeting the triceps muscles. It's easy to learn and perform, making it a favorite for everyone from beginners to advanced lifters. It is usually performed for moderate to high reps, such as 8-12 reps or more per set, as part of an upper-body or arm-focused workout.",strength,triceps,cable,intermediate,7.9,kabel trisep ekstensi - Gethin Variation
Single-arm incline triceps extension,The single-arm incline triceps extension is a dumbbell exercise targeting the triceps. The incline angle helps to target the long head of the triceps in particular. This exercise is usually performed for moderate to high reps as part of an upper-body or arm-focused workout.,strength,triceps,cable,intermediate,7.9,satu lengan miring trisep ekstensi
Triceps Overhead Extension with Rope - Gethin Variation,The overhead triceps extension is an isolation exercise that is performed with a cable. It is usually performed for moderate to high reps as part of the arm-focused portion of a workout.,strength,triceps,cable,intermediate,7.9,trisep Overhead ekstensi with tali - Gethin Variation
Cable rope push-down,"The cable rope push-down is a popular exercise targeting the triceps muscles. It's easy to learn and perform, making it a favorite for everyone from beginners to advanced lifters. It is usually performed for moderate to high reps, such as 8-12 reps or more per set, as part of an upper-body or arm-focused workout.",strength,triceps,cable,intermediate,7.9,kabel tali dorongan-down
Cable straight-bar push-down,"The cable straight-bar push-down is a popular gym exercise for targeting the triceps. It is usually performed for moderate to high reps, such as 8-12 reps or more per set, as part of an upper-body or arm-focused workout.",strength,triceps,cable,intermediate,7.9,kabel straight-bar dorongan-down
Straight-arm bar pull-down,"The straight-arm bar pull-down is a variation of the straight-arm lat pull-down performed using a cable stack machine. It can either be performed in an athletic upright stance, or slightly bent over. It both stretches and contracts the muscles of the lats (latissimus dorsi) as well as providing additional activation to the other upper back muscles and the core. Because the triceps are also isometrically involved in the movement, it is usually performed for higher reps, such as 8-15 reps or more.",strength,triceps,cable,intermediate,7.9,Straight-lengan bar tarikan-down
AM Rope Triceps Pushdown,"The cable rope push-down is a popular exercise targeting the triceps muscles. It's easy to learn and perform, making it a favorite for everyone from beginners to advanced lifters. It is usually performed for moderate to high reps, such as 8-12 reps or more per set, as part of an upper-body or arm-focused workout.",strength,triceps,cable,intermediate,7.9,AM tali dorongan trisep
AM Bar Triceps Push-Down,"The cable straight-bar push-down is a popular gym exercise for targeting the triceps. It is usually performed for moderate to high reps, such as 8-12 reps or more per set, as part of an upper-body or arm-focused workout.",strength,triceps,cable,intermediate,7.9,AM Bar trisep dorongan-Down
Rope overhead triceps extension,"The rope overhead triceps extension is a single-joint exercise focused on the triceps that uses a cable stack with a rope handle. The overhead position targets the long head of the triceps in particular. Many lifters save this move for last in their triceps workout, performing it for moderate to high reps, such as 8-12 reps or more per set.",strength,triceps,cable,intermediate,7.9,tali overhead trisep ekstensi
UP Rope Push-down,"The cable rope push-down is a popular exercise targeting the triceps muscles. It's easy to learn and perform, making it a favorite for everyone from beginners to advanced lifters. It is usually performed for moderate to high reps, such as 8-12 reps or more per set, as part of an upper-body or arm-focused workout.",strength,triceps,cable,intermediate,7.9,UP tali dorongan-down
UP Triceps Extension Straight-Bar Push-Down,"The cable straight-bar push-down is a popular gym exercise for targeting the triceps. It is usually performed for moderate to high reps, such as 8-12 reps or more per set, as part of an upper-body or arm-focused workout.",strength,triceps,cable,intermediate,7.9,UP trisep ekstensi Straight-Bar dorongan-Down
LD Cable One-Arm Upright Row,,strength,triceps,cable,intermediate,7.9,LD kabel One-lengan tarikan tegak
30 Arms Underhand Cable Straight-Bar Push-Down,,strength,triceps,cable,intermediate,7.9,30 lengan Underhand kabel Straight-Bar dorongan-Down
30 Arms Single-Arm Reverse-Grip Cable Push-Down,,strength,triceps,cable,intermediate,7.9,30 lengan satu lengan Reverse-Grip kabel dorongan-Down
30 Arms Cable V-Bar Push-Down,,strength,triceps,cable,intermediate,7.9,30 lengan kabel V-Bar dorongan-Down
30 Arms Cable Straight-Bar Push-Down,,strength,triceps,cable,intermediate,7.9,30 lengan kabel Straight-Bar dorongan-Down
30 Arms Cable Rope Push-Down,,strength,triceps,cable,intermediate,7.9,30 lengan kabel tali dorongan-Down
30 Arms Cable Rope Overhead Triceps Extension,,strength,triceps,cable,intermediate,7.9,30 lengan kabel tali Overhead trisep ekstensi
BFR underhand straight-bar push-down,"The blood flow restriction (BFR) underhand straight-bar push-down is an arm movement that builds triceps size and strength using a cable stack, straight-bar grip, and blood flow restriction bands. It is popular in high-rep ""pump""-style arm workouts. The bands should be placed as high as possible on your arms, at a tightness of no greater than 8 on a scale of 10. Most BFR workouts recommend using a far lighter weight than usual, perhaps as low as 25-50 percent of a normal working weight.",strength,triceps,cable,intermediate,7.9,BFR underhand straight-bar dorongan-down
BFR overhand straight-bar push-down,"The blood flow restriction (BFR) overhand straight-bar push-down is an arm movement that builds triceps size and strength using a cable stack, straight-bar grip, and blood flow restriction bands. It is popular in high-rep ""pump""-style arm workouts. The bands should be placed as high as possible on your arms, at a tightness of no greater than 8 on a scale of 10. Most BFR workouts recommend using a far lighter weight than usual, perhaps as low as 25-50 percent of a normal working weight.",strength,triceps,cable,intermediate,7.9,BFR overhand straight-bar dorongan-down
BFR cable rope push-down,"The blood flow restriction (BFR) cable rope push-down is an arm movement that builds triceps size and strength using a cable stack, rope grip, and blood flow restriction bands. It is popular in high-rep ""pump""-style arm workouts. The bands should be placed as high as possible on your arms, at a tightness of no greater than 8 on a scale of 10. Most BFR workouts recommend using a far lighter weight than usual, perhaps as low as 25-50 percent of a normal working weight.",strength,triceps,cable,intermediate,7.9,BFR kabel tali dorongan-down
Triceps Pressdown,,strength,triceps,cable,intermediate,7.9,trisep Pressdown
Machine Triceps Extension,The machine triceps extension is an isolation exercise targeting the tricep muscles.,strength,triceps,machine,intermediate,7.4,mesin trisep ekstensi
Smith machine end-grip shoulder press,"The Smith machine end-grip shoulder press is a machine-based exercise targeting the shoulder muscles. It is performed holding the end of the bar in the Smith machine on the outside of the rack. It is usually performed for moderate to high reps, such as 8-12 reps per set or more, as part of an upper-body or shoulder-focused workout.",strength,triceps,machine,intermediate,7.9,Smith mesin end-grip bahu dorongan
Assist machine triceps push-down,"The assist machine triceps push-down is a triceps-focused exercise that is performed on an assisted pull-up or dip station. It is performed by pressing downward on the knee pad of the machine, against the resistance of the weight. It approximates the motion of a triceps cable rope push-down, but with open hands. This variation is often performed for moderate to high reps, such as 8-12 reps per set or more, as part of upper-body or arm-focused training.",strength,triceps,machine,intermediate,7.9,Assist mesin trisep dorongan-down
Smith machine close-grip bench press-,"The Smith machine close-grip bench press is a machine-based movement targeting the chest and triceps. The Smith machine mimics a barbell but provides more stability. This movement can be programmed in low reps for strength or higher reps for muscle and strength endurance. It is often performed for moderate to high reps, such as 8-12 reps per set or more, as part of a chest, arms, or upper-body focused workout.",strength,triceps,machine,intermediate,7.9,Smith mesin dorongan dada pegangan sempit-
Machine Triceps Extension - Gethin Variation,The machine triceps extension is an isolation exercise targeting the tricep muscles.,strength,triceps,machine,intermediate,7.9,mesin trisep ekstensi - Gethin Variation
Overhead Machine Triceps Extension - Gethin Variation,The machine triceps extension is an isolation exercise targeting the tricep muscles.,strength,triceps,machine,intermediate,7.9,Overhead mesin trisep ekstensi - Gethin Variation
30 Arms Machine Triceps Dip,,strength,triceps,machine,intermediate,7.9,30 lengan mesin trisep Dip
Triceps dip,"The triceps dip is a bodyweight exercise performed on parallel bars or on a pull-up and dip station. It targets the triceps first, but also stretches and strengthens the chest and shoulders. Dips with a triceps focus are usually performed with an upright torso, the knees bent and crossed, and the arms close to the body. Dips can be performed for low reps for strength or higher reps for muscle growth.",strength,triceps,body only,intermediate,9.4,trisep dip
Weighted bench dip,The weighted bench dip is a highly effective exercise for building the triceps. The resistance comes from a combination of body weight and added weight—usually a weight plate.,strength,triceps,body only,intermediate,9.1,berbeban bangku dip
Push-Ups - Close Triceps Position,"The close push-up is an upper-body exercise that targets the chest, triceps, and shoulders. The close hand position places more emphasis on the triceps.",strength,triceps,body only,intermediate,9.0,dorongan-Ups - Close trisep Position
Parallel Bar Dip,"The triceps dip is a bodyweight exercise performed on parallel bars or on a pull-up and dip station. It targets the triceps first, but also stretches and strengthens the chest and shoulders. Dips with a triceps focus are usually performed with an upright torso, the knees bent and crossed, and the arms close to the body. Dips can be performed for low reps for strength or higher reps for muscle growth.",strength,triceps,body only,intermediate,8.8,Parallel Bar Dip
Ring dip,"The ring dip is an upper-body strength exercise performed on gymnastic rings. It targets the muscles of the chest, triceps, and shoulders, but is also quite taxing to the core. It is generally considered to be more difficult than dips performed on parallel bars. It is common in gymnastics training and CrossFit workouts, but is also a simple way to make dips more challenging for any strength athlete.",strength,triceps,body only,intermediate,8.8,Ring dip
Feet-elevated bench dip,"The feet-elevated bench dip is a popular bodyweight exercise for building the triceps, chest, and shoulders. Elevating the feet brings more chest and shoulder into the movement, but also allows for extra weight on the hips. If these bother your shoulders, try performing them between two benches or chairs rather than on a single bench.",strength,triceps,body only,intermediate,8.7,Feet-elevated bangku dip
Bodyweight triceps press,The bodyweight triceps press is an arm movement that involves performing overhead presses in a face-down position on a Smith machine or other raised bar. It is a surprisingly difficult movement that hammers all three heads of the triceps and the difficulty can easily be scaled up or down by moving the bar.,strength,triceps,body only,intermediate,8.2,berat badan trisep dorongan
Standing Towel Triceps Extension,,strength,triceps,body only,beginner,6.5,berdiri Towel trisep ekstensi
Tricep Side Stretch,,stretching,triceps,body only,intermediate,5.5,Tricep samping Stretch
Triceps Stretch,,stretching,triceps,body only,intermediate,4.8,trisep Stretch
Overhead Triceps,,stretching,triceps,body only,beginner,3.3,Overhead trisep
Russian Bar Dip,"The Russian dip is a chest-and-triceps building exercise that resembles the chest dip, albeit with a twist that makes it even harder and more taxing.",strength,triceps,body only,intermediate,0.0,Russian Bar Dip
Straight-arm plank with kick-back,"The straight-arm plank with kick-back is a hybrid movement that trains the abdominal and triceps muscles simultaneously. It can address multiple muscle groups in a time-efficient muscle-building or circuit-style workout, while also providing an additional cardiovascular challenge.",strength,triceps,body only,intermediate,0.0,Straight-lengan plank with kick-punggung
TBS Dip,The triceps dip is a machine version of an exercise that many lifters perform using parallel bars or two parallel benches. The machine is found in many gyms.,strength,triceps,body only,intermediate,7.9,TBS Dip
Bench Dips - Gethin Variation,"The bench dip is a highly effective exercise for building the triceps. The resistance comes from the body itself, rather than weight.",strength,triceps,body only,intermediate,7.9,bangku Dips - Gethin Variation
Banded dip,"The banded dip is a bodyweight exercise targeting the chest, triceps, and shoulders. This variation utilizes an exercise band to help support the lifter in the bottom part of the movement. This makes pushing out of the hole easier, and may combat the shoulder pain that some lifters feel when they perform dips. The top of the movement receives less help from the band, putting more stress on the triceps.",strength,triceps,body only,intermediate,7.9,dengan band dip
Bench Dip - Gethin Variation,"The bench dip is a highly effective exercise for building the triceps. The resistance comes from the body itself, rather than weight.",strength,triceps,body only,intermediate,7.9,bangku Dip - Gethin Variation
HM Chair Dip,,strength,triceps,body only,intermediate,7.9,HM Chair Dip
Bench dip,"The bench dip is a highly effective exercise for building the triceps. The resistance comes from the body itself, rather than added weight.",strength,triceps,body only,intermediate,7.9,bangku dip
Holman Step Triceps Dip,,strength,triceps,body only,intermediate,7.9,Holman Step trisep Dip
Holman Chair Triceps Dip,,strength,triceps,body only,intermediate,7.9,Holman Chair trisep Dip
Bodyweight Triceps Rope Press,,strength,triceps,body only,intermediate,7.9,berat badan trisep tali dorongan
Holman Heavy Triceps Overhead Press,,strength,triceps,body only,intermediate,7.9,Holman Heavy trisep Overhead dorongan
Holman Couch Triceps Dip,,strength,triceps,body only,intermediate,7.9,Holman Couch trisep Dip
FYR2 Triceps Push-Up,,strength,triceps,body only,intermediate,7.9,FYR2 trisep dorongan-up
30 Arms Triceps Dip,,strength,triceps,body only,intermediate,7.9,30 lengan trisep Dip
30 Arms Close-Grip Push-Up,,strength,triceps,body only,intermediate,7.9,30 lengan pegangan sempit dorongan-up
30 Arms BFR Close-Grip Push-Up,,strength,triceps,body only,intermediate,7.9,30 lengan BFR pegangan sempit dorongan-up
Supine Chest Throw,,plyometrics,triceps,medicine ball,beginner,8.2,Supine dada Throw
Decline EZ-bar skullcrusher,"The decline EZ-bar skullcrusher is a popular exercise targeting the triceps muscles. The angle of the bench creates a greater range of motion than flat bench skullcrushers, as well as targeting the lateral head of the muscle. This exercise is usually performed for moderate to high reps as part of an upper-body or arm-focused workout.",strength,triceps,e-z curl bar,intermediate,9.3,menurun EZ-bar skullcrusher
EZ-Bar Skullcrusher,"The EZ-bar skullcrusher is a popular exercise targeting the triceps muscles. The EZ-bar is used more often than a straight bar. As for the name, that’s worst-case scenario. The bar should actually come down behind the head. It is usually performed for moderate to high reps as part of an upper body or arms-focused workout. No need to chase a 1RM on this move!",strength,triceps,e-z curl bar,intermediate,9.0,EZ-Bar Skullcrusher
EZ-bar skullcrusher-,"The EZ-bar skullcrusher is a popular exercise targeting the triceps muscles. Contrary to what the name implies, the bar should actually come down behind the head. It is usually performed for moderate to high reps as part of an upper-body or arms-focused workout.",strength,triceps,e-z curl bar,intermediate,8.1,EZ-bar skullcrusher-
Lying Close-Grip Barbell Triceps Press To Chin,,strength,triceps,e-z curl bar,beginner,8.1,berbaring pegangan sempit barbell trisep dorongan To Chin
EZ-Bar Skullcrusher - Gethin Variation,"The EZ-bar skullcrusher is a popular exercise targeting the triceps muscles. The EZ-bar is used more often than a straight bar. As for the name, that’s worst-case scenario. The bar should actually come down behind the head. It is usually performed for moderate to high reps as part of an upper body or arms-focused workout. No need to chase a 1RM on this move!",strength,triceps,e-z curl bar,intermediate,7.9,EZ-Bar Skullcrusher - Gethin Variation
TBS Skullcrusher,"The EZ-bar skullcrusher is a popular exercise targeting the triceps muscles. The EZ-bar is used more often than a straight bar. As for the name, that’s worst-case scenario. The bar should actually come down behind the head. It is usually performed for moderate to high reps as part of an upper body or arms-focused workout. No need to chase a 1RM on this move!",strength,triceps,e-z curl bar,intermediate,7.9,TBS Skullcrusher
30 Arms EZ-Bar Skullcrusher,,strength,triceps,e-z curl bar,intermediate,7.9,30 lengan EZ-Bar Skullcrusher
